{
  "results": [
    {
      "command": "bin/list_sum_runonce",
      "mean": 1.8015905180000003,
      "stddev": 0.0014305566643498281,
      "median": 1.801630655,
      "user": 1.5968633124999998,
      "system": 0.195650375,
      "min": 1.799078128,
      "max": 1.8037814600000002,
      "times": [
        1.80262907,
        1.799628849,
        1.803711048,
        1.802279923,
        1.800731188,
        1.8037814600000002,
        1.8005262050000002,
        1.800305373,
        1.802301987,
        1.80118284,
        1.8003161,
        1.80207847,
        1.803161993,
        1.801158735,
        1.802576919,
        1.799078128
      ],
      "exit_codes": [
        0,
        0,
        0,
        0,
        0,
        0,
        0,
        0,
        0,
        0,
        0,
        0,
        0,
        0,
        0,
        0
      ]
    }
  ]
}
