{
  "results": [
    {
      "command": "bin/list_sum_runonce",
      "mean": 2.4263491980625,
      "stddev": 0.003462436653996928,
      "median": 2.4251160945,
      "user": 2.177437875,
      "system": 0.236551125,
      "min": 2.421725405,
      "max": 2.436719855,
      "times": [
        2.421725405,
        2.425079457,
        2.424174666,
        2.425152732,
        2.42409873,
        2.423570313,
        2.424452946,
        2.424681182,
        2.42630663,
        2.4246776260000003,
        2.426733342,
        2.436719855,
        2.42775258,
        2.429071177,
        2.429256322,
        2.428134206
      ],
      "exit_codes": [
        0,
        0,
        0,
        0,
        0,
        0,
        0,
        0,
        0,
        0,
        0,
        0,
        0,
        0,
        0,
        0
      ]
    }
  ]
}
