{
  "results": [
    {
      "command": "bin/list_sum_runonce",
      "mean": 1.8028293274375,
      "stddev": 0.0012580732657104356,
      "median": 1.802769637,
      "user": 1.5942118124999998,
      "system": 0.1994873125,
      "min": 1.800495321,
      "max": 1.805418617,
      "times": [
        1.803047697,
        1.802668916,
        1.801796827,
        1.805418617,
        1.80416474,
        1.805015446,
        1.8022668460000002,
        1.802870358,
        1.801917713,
        1.800495321,
        1.80300307,
        1.802306994,
        1.802373517,
        1.803397484,
        1.801468237,
        1.803057456
      ],
      "exit_codes": [
        0,
        0,
        0,
        0,
        0,
        0,
        0,
        0,
        0,
        0,
        0,
        0,
        0,
        0,
        0,
        0
      ]
    }
  ]
}
