1 #NS 0 Nat
2 #NS 1 zero
0 #EC 1 
3 #NS 1 succ
4 #NS 0 n
1 #EP #BD 4 0 0
1 #US 0
2 #ES 1
#IND 0 1 2 2 2 0 3 1 
5 #NS 0 List
6 #NS 5 nil
7 #NS 0 α
8 #NS 0 u
2 #UP 8
3 #US 2
3 #ES 3
4 #EC 5 2
5 #EV 0
6 #EA 4 5
7 #EP #BI 7 3 6
9 #NS 5 cons
10 #NS 0 head
11 #NS 0 tail
8 #EV 1
9 #EA 4 8
10 #EV 2
11 #EA 4 10
12 #EP #BD 11 9 11
13 #EP #BD 10 5 12
14 #EP #BI 7 3 13
15 #EP #BD 7 3 3
#IND 1 5 15 2 6 7 9 14 8
12 #NS 0 Array
13 #NS 12 mk
14 #NS 0 toList
16 #EC 12 2
17 #EA 16 8
18 #EP #BD 14 6 17
19 #EP #BI 7 3 18
#IND 1 12 15 1 13 19 8
15 #NS 0 LT
16 #NS 15 mk
17 #NS 0 lt
18 #NS 0 a
19 #NS 18 _@
20 #NS 19 _internal
21 #NS 20 _hyg
22 #NI 21 0
20 #ES 0
21 #EP #BD 22 8 20
22 #EP #BD 22 5 21
23 #EC 15 2
24 #EA 23 8
25 #EP #BD 17 22 24
26 #EP #BI 7 3 25
#IND 1 15 15 1 16 26 8
23 #NS 15 lt
24 #NS 0 self
27 #EA 23 5
28 #EP #BD 22 10 20
29 #EP #BD 22 8 28
30 #EP #BC 24 27 29
31 #EP #BI 7 3 30
32 #EJ 15 0 5
33 #EL #BC 24 27 32
34 #EL #BD 7 3 33
#DEF 23 31 34 8
25 #NS 1 le
26 #NS 25 refl
35 #EC 25 
36 #EA 35 5
37 #EA 36 5
38 #EP #BI 4 0 37
27 #NS 25 step
28 #NS 0 m
39 #EA 35 8
40 #EA 39 5
41 #EA 35 10
42 #EC 3 
43 #EA 42 8
44 #EA 41 43
45 #EP #BD 22 40 44
46 #EP #BI 28 0 45
47 #EP #BI 4 0 46
48 #EP #BD 22 0 20
49 #EP #BD 4 0 48
#IND 1 25 49 2 26 38 27 47 
29 #NS 1 lt
50 #EA 35 43
51 #EA 50 5
52 #EL #BD 28 0 51
53 #EL #BD 4 0 52
#DEF 29 49 53 
30 #NS 0 instLTNat
54 #EC 15 0
55 #EA 54 0
56 #EC 16 0
57 #EA 56 0
58 #EC 29 
59 #EA 57 58
#DEF 30 55 59 
31 #NS 0 Fin
32 #NS 31 mk
33 #NS 0 val
34 #NS 0 isLt
60 #EC 23 0
61 #EA 60 0
62 #EC 30 
63 #EA 61 62
64 #EA 63 5
65 #EA 64 8
66 #EC 31 
67 #EA 66 10
68 #EP #BD 34 65 67
69 #EP #BD 33 0 68
70 #EP #BI 4 0 69
71 #EP #BD 4 0 2
#IND 1 31 71 1 32 70 
35 #NS 0 outParam
72 #ES 2
73 #EP #BD 7 72 72
74 #EL #BD 7 72 5
#DEF 35 73 74 8
36 #NS 0 HPow
37 #NS 36 mk
38 #NS 0 β
39 #NS 0 v
4 #UP 39
5 #US 4
75 #ES 5
40 #NS 0 γ
41 #NS 0 w
6 #UP 41
7 #US 6
8 #US 7
76 #EC 35 8
77 #ES 7
78 #EA 76 77
42 #NS 0 hPow
79 #EP #BD 22 10 10
80 #EP #BD 22 10 79
81 #EC 36 2 4 6
82 #EV 3
83 #EA 81 82
84 #EA 83 10
85 #EA 84 8
86 #EP #BD 42 80 85
87 #EP #BI 40 78 86
88 #EP #BI 38 75 87
89 #EP #BI 7 3 88
9 #UM 3 5
10 #UM 9 7
90 #ES 10
91 #EP #BD 40 78 90
92 #EP #BD 38 75 91
93 #EP #BD 7 3 92
#IND 3 36 93 1 37 89 8 39 41
43 #NS 36 hPow
94 #EA 81 10
95 #EA 94 8
96 #EA 95 5
97 #EP #BD 22 82 82
98 #EP #BD 22 82 97
99 #EP #BC 24 96 98
100 #EP #BI 40 78 99
101 #EP #BI 38 75 100
102 #EP #BI 7 3 101
103 #EJ 36 0 5
104 #EL #BC 24 96 103
105 #EL #BI 40 78 104
106 #EL #BD 38 75 105
107 #EL #BD 7 3 106
#DEF 43 102 107 8 39 41
44 #NS 0 Pow
45 #NS 44 mk
46 #NS 0 pow
108 #EP #BD 22 8 82
109 #EP #BD 22 8 108
110 #EC 44 2 4
111 #EA 110 10
112 #EA 111 8
113 #EP #BD 46 109 112
114 #EP #BI 38 75 113
115 #EP #BI 7 3 114
116 #ES 9
117 #EP #BD 38 75 116
118 #EP #BD 7 3 117
#IND 2 44 118 1 45 115 8 39
47 #NS 44 pow
119 #EA 110 8
120 #EA 119 5
121 #EV 4
122 #EP #BD 22 10 121
123 #EP #BD 22 10 122
124 #EP #BC 24 120 123
125 #EP #BI 38 75 124
126 #EP #BI 7 3 125
127 #EJ 44 0 5
128 #EL #BC 24 120 127
129 #EL #BD 38 75 128
130 #EL #BD 7 3 129
#DEF 47 126 130 8 39
48 #NS 0 instHPow
49 #NS 0 u_1
11 #UP 49
12 #US 11
131 #ES 12
50 #NS 0 u_2
13 #UP 50
14 #US 13
132 #ES 14
51 #NS 0 inst
52 #NS 51 _@
53 #NS 52 Init
54 #NS 53 Prelude
55 #NI 54 3805852345
56 #NS 55 _hygCtx
57 #NS 56 _hyg
58 #NI 57 9
133 #EC 44 11 13
134 #EA 133 8
135 #EA 134 5
136 #EC 36 11 13 11
137 #EA 136 10
138 #EA 137 8
139 #EA 138 10
140 #EP #BC 58 135 139
141 #EP #BI 38 132 140
142 #EP #BI 7 131 141
143 #EC 37 11 13 11
144 #EA 143 10
145 #EA 144 8
146 #EA 145 10
59 #NS 0 b
147 #EC 47 11 13
148 #EA 147 121
149 #EA 148 82
150 #EA 149 10
151 #EA 150 8
152 #EA 151 5
153 #EL #BD 59 10 152
154 #EL #BD 18 10 153
155 #EA 146 154
156 #EL #BC 58 135 155
157 #EL #BI 38 132 156
158 #EL #BI 7 131 157
#DEF 48 142 158 49 50
60 #NS 0 NatPow
61 #NS 60 mk
159 #EP #BD 22 0 10
160 #EP #BD 22 5 159
161 #EC 60 2
162 #EA 161 8
163 #EP #BD 46 160 162
164 #EP #BI 7 3 163
#IND 1 60 15 1 61 164 8
62 #NS 60 pow
165 #EA 161 5
166 #EP #BD 22 0 82
167 #EP #BD 22 8 166
168 #EP #BC 24 165 167
169 #EP #BI 7 3 168
170 #EJ 60 0 5
171 #EL #BC 24 165 170
172 #EL #BD 7 3 171
#DEF 62 169 172 8
63 #NS 0 instPowNat
64 #NI 54 3231272351
65 #NS 64 _hygCtx
66 #NS 65 _hyg
67 #NI 66 5
173 #EC 60 11
174 #EA 173 5
175 #EC 44 11 0
176 #EA 175 8
177 #EA 176 0
178 #EP #BC 67 174 177
179 #EP #BI 7 131 178
180 #EC 45 11 0
181 #EA 180 8
182 #EA 181 0
183 #EC 62 11
184 #EA 183 82
185 #EA 184 10
186 #EA 185 8
187 #EA 186 5
188 #EL #BD 4 0 187
189 #EL #BD 18 8 188
190 #EA 182 189
191 #EL #BC 67 174 190
192 #EL #BI 7 131 191
#DEF 63 179 192 49
68 #NS 0 PUnit
69 #NS 68 unit
193 #EC 68 2
#IND 0 68 72 1 69 193 8
70 #NS 0 PProd
71 #NS 70 mk
194 #ES 4
72 #NS 0 fst
73 #NS 0 snd
195 #EC 70 2 4
196 #EA 195 82
197 #EA 196 10
198 #EP #BD 73 8 197
199 #EP #BD 72 8 198
200 #EP #BI 38 194 199
201 #EP #BI 7 72 200
15 #UM 1 2
16 #UM 15 4
202 #ES 16
203 #EP #BD 38 194 202
204 #EP #BD 7 72 203
#IND 2 70 204 1 71 201 8 39
74 #NS 1 below
75 #NS 0 motive
76 #NS 0 t
205 #EP #BD 76 0 72
206 #ES 15
207 #EP #BD 76 0 206
208 #EP #BI 75 205 207
77 #NS 1 rec
17 #US 15
209 #EC 77 17
210 #EL #BD 76 0 206
211 #EA 209 210
212 #EC 68 15
213 #EA 211 212
78 #NS 0 n_ih
214 #EC 70 2 15
215 #EA 82 8
216 #EA 214 215
217 #EA 216 5
218 #EL #BD 78 206 217
219 #EL #BD 4 0 218
220 #EA 213 219
221 #EA 220 5
222 #EL #BD 76 0 221
223 #EL #BI 75 205 222
#DEF 74 208 223 8
79 #NS 1 brecOn
80 #NS 79 go
81 #NS 0 F_1
82 #NS 0 f
224 #EC 74 2
225 #EA 224 10
226 #EA 225 5
227 #EP #BD 82 226 215
228 #EP #BD 76 0 227
229 #EA 10 8
230 #EA 214 229
231 #EA 225 8
232 #EA 230 231
233 #EP #BD 81 228 232
234 #EP #BD 76 0 233
235 #EP #BI 75 205 234
236 #EC 77 15
237 #EA 82 5
238 #EA 214 237
239 #EA 224 82
240 #EA 239 5
241 #EA 238 240
242 #EL #BD 76 0 241
243 #EA 236 242
244 #EC 71 2 15
245 #EC 2 
246 #EA 10 245
247 #EA 244 246
248 #EA 247 212
249 #EA 5 245
250 #EC 69 15
251 #EA 249 250
252 #EA 248 251
253 #EA 252 250
254 #EA 243 253
255 #EA 121 43
256 #EA 244 255
257 #EA 121 8
258 #EA 214 257
259 #EA 224 121
260 #EA 259 8
261 #EA 258 260
262 #EA 256 261
263 #EA 10 43
264 #EA 263 5
265 #EA 262 264
266 #EA 265 5
267 #EL #BD 78 241 266
268 #EL #BD 4 0 267
269 #EA 254 268
270 #EA 269 8
271 #EL #BD 81 228 270
272 #EL #BD 76 0 271
273 #EL #BI 75 205 272
#DEF 80 235 273 8
274 #EP #BD 81 228 229
275 #EP #BD 76 0 274
276 #EP #BI 75 205 275
277 #EC 80 2
278 #EA 277 10
279 #EA 278 8
280 #EA 279 5
281 #EJ 70 0 280
282 #EL #BD 81 228 281
283 #EL #BD 76 0 282
284 #EL #BI 75 205 283
#DEF 79 276 284 8
83 #NS 0 Unit
285 #EC 68 1
#DEF 83 2 285 
84 #NS 0 OfNat
85 #NS 84 mk
86 #NS 0 x
87 #NS 86 _@
88 #NS 87 Init
89 #NS 88 Prelude
90 #NI 89 1822880135
91 #NS 90 _hygCtx
92 #NS 91 _hyg
93 #NI 92 3
94 #NS 0 ofNat
286 #EC 84 2
287 #EA 286 10
288 #EA 287 8
289 #EP #BD 94 8 288
290 #EP #BI 93 0 289
291 #EP #BI 7 3 290
292 #EP #BD 93 0 3
293 #EP #BD 7 3 292
#IND 2 84 293 1 85 291 8
95 #NS 84 ofNat
294 #EA 286 8
295 #EA 294 5
296 #EP #BC 24 295 10
297 #EP #BD 93 0 296
298 #EP #BI 7 3 297
299 #EJ 84 0 5
300 #EL #BC 24 295 299
301 #EL #BD 93 0 300
302 #EL #BD 7 3 301
#DEF 95 298 302 8
96 #NS 0 instOfNatNat
303 #EC 84 0
304 #EA 303 0
305 #EA 304 5
306 #EP #BD 4 0 305
307 #EC 85 0
308 #EA 307 0
309 #EA 308 5
310 #EA 309 5
311 #EL #BD 4 0 310
#DEF 96 306 311 
97 #NS 1 casesOn
98 #NS 0 zero
312 #EA 8 245
99 #NS 0 succ
313 #EA 42 5
314 #EA 82 313
315 #EP #BD 4 0 314
316 #EA 82 10
317 #EP #BD 99 315 316
318 #EP #BD 98 312 317
319 #EP #BD 76 0 318
320 #EP #BI 75 205 319
321 #EC 77 2
322 #EA 321 82
323 #EA 322 8
324 #EA 121 5
325 #EL #BD 78 324 229
326 #EL #BD 4 0 325
327 #EA 323 326
328 #EA 327 10
329 #EL #BD 99 315 328
330 #EL #BD 98 312 329
331 #EL #BD 76 0 330
332 #EL #BI 75 205 331
#DEF 97 320 332 8
100 #NS 83 unit
333 #EC 83 
334 #EC 69 1
#DEF 100 333 334 
101 #NS 1 pow
102 #NS 101 match_1
103 #NI 89 427477602
104 #NS 103 _hygCtx
105 #NI 104 10
106 #NS 105 Init
107 #NS 106 Prelude
108 #NI 107 427477602
109 #NS 108 _hygCtx
110 #NS 109 _hyg
111 #NI 110 21
335 #ES 11
336 #EP #BD 111 0 335
112 #NS 0 h_1
337 #EC 95 0
338 #EA 337 0
339 #ELN 0
340 #EA 338 339
341 #EC 96 
342 #EA 341 339
343 #EA 340 342
344 #EA 10 343
345 #EP #BD 0 333 344
346 #EP #BD 112 345 317
347 #EP #BD 111 0 346
348 #EP #BD 75 336 347
113 #NS 0 h_2
349 #EC 97 11
350 #EL #BD 86 0 324
351 #EA 349 350
352 #EA 351 10
353 #EC 100 
354 #EA 8 353
355 #EA 352 354
114 #NS 4 _@
115 #NS 114 Init
116 #NS 115 Prelude
117 #NI 116 427477602
118 #NS 117 _hygCtx
119 #NS 118 _hyg
120 #NI 119 40
356 #EA 8 5
357 #EL #BD 120 0 356
358 #EA 355 357
359 #EL #BD 113 315 358
360 #EL #BD 112 345 359
361 #EL #BD 111 0 360
362 #EL #BD 75 336 361
#DEF 102 348 362 49
121 #NS 1 mul
122 #NS 121 match_1
123 #NI 89 2075127268
124 #NS 123 _hygCtx
125 #NI 124 13
126 #NS 125 Init
127 #NS 126 Prelude
128 #NI 127 2075127268
129 #NS 128 _hygCtx
130 #NS 129 _hyg
131 #NI 130 32
363 #EP #BD 131 0 336
132 #NI 124 14
133 #NS 132 Init
134 #NS 133 Prelude
135 #NI 134 2075127268
136 #NS 135 _hygCtx
137 #NS 136 _hyg
138 #NI 137 35
139 #NS 124 _hyg
140 #NI 139 41
364 #EA 237 343
365 #EP #BD 140 0 364
366 #EV 5
367 #EA 366 8
368 #EA 367 313
369 #EP #BD 59 0 368
370 #EP #BD 18 0 369
371 #EA 121 82
372 #EA 371 10
373 #EP #BD 113 370 372
374 #EP #BD 112 365 373
375 #EP #BD 138 0 374
376 #EP #BD 131 0 375
377 #EP #BD 75 363 376
378 #EA 366 121
379 #EA 378 5
380 #EL #BD 86 0 379
381 #EA 349 380
382 #EA 381 10
383 #EA 8 82
384 #EA 382 383
141 #NI 116 2075127268
142 #NS 141 _hygCtx
143 #NS 142 _hyg
144 #NI 143 64
385 #EA 8 121
386 #EA 385 5
387 #EL #BD 144 0 386
388 #EA 384 387
389 #EL #BD 113 370 388
390 #EL #BD 112 365 389
391 #EL #BD 138 0 390
392 #EL #BD 131 0 391
393 #EL #BD 75 363 392
#DEF 122 377 393 49
145 #NS 1 add
146 #NS 145 match_1
147 #NI 89 2314059840
148 #NS 147 _hygCtx
149 #NI 148 13
150 #NS 149 Init
151 #NS 150 Prelude
152 #NI 151 2314059840
153 #NS 152 _hygCtx
154 #NS 153 _hyg
155 #NI 154 32
156 #NI 148 14
157 #NS 156 Init
158 #NS 157 Prelude
159 #NI 158 2314059840
160 #NS 159 _hygCtx
161 #NS 160 _hyg
162 #NI 161 35
394 #EA 237 245
395 #EP #BD 18 0 394
396 #EP #BD 112 395 373
397 #EP #BD 162 0 396
398 #EP #BD 155 0 397
399 #EP #BD 75 363 398
400 #EL #BD 112 395 389
401 #EL #BD 162 0 400
402 #EL #BD 155 0 401
403 #EL #BD 75 363 402
#DEF 146 399 403 49
404 #EP #BD 22 0 0
405 #EP #BD 22 0 404
163 #NS 148 _hyg
164 #NI 163 13
165 #NI 163 14
406 #EC 79 1
407 #EL #BD 165 0 1
408 #EA 406 407
409 #EA 408 5
410 #EC 74 1
411 #EA 410 407
412 #EA 411 5
413 #EC 146 1
166 #NI 163 65
414 #EP #BD 166 412 0
415 #EL #BD 162 0 414
416 #EL #BD 155 0 415
417 #EA 413 416
418 #EA 417 5
419 #EA 418 10
420 #EA 411 245
421 #EL #BD 166 420 8
422 #EL #BD 18 0 421
423 #EA 419 422
424 #EA 411 313
425 #EJ 70 0 5
426 #EA 425 10
427 #EA 42 426
428 #EL #BD 166 424 427
429 #EL #BD 59 0 428
430 #EL #BD 18 0 429
431 #EA 423 430
432 #EA 431 8
433 #EL #BD 164 0 432
434 #EL #BD 82 412 433
435 #EL #BD 165 0 434
436 #EA 409 435
437 #EA 436 8
438 #EL #BD 165 0 437
439 #EL #BD 164 0 438
#DEF 145 405 439 
167 #NI 139 13
168 #NI 139 14
440 #EC 122 1
441 #EA 440 416
442 #EA 441 5
443 #EA 442 10
169 #NI 139 67
444 #EA 411 343
445 #EL #BD 169 444 343
446 #EL #BD 140 0 445
447 #EA 443 446
448 #EC 145 
449 #EA 448 426
450 #EA 449 10
451 #EL #BD 169 424 450
452 #EL #BD 59 0 451
453 #EL #BD 18 0 452
454 #EA 447 453
455 #EA 454 8
456 #EL #BD 167 0 455
457 #EL #BD 82 412 456
458 #EL #BD 168 0 457
459 #EA 409 458
460 #EA 459 8
461 #EL #BD 168 0 460
462 #EL #BD 167 0 461
#DEF 121 405 462 
170 #NS 104 _hyg
171 #NI 170 10
463 #EL #BD 171 0 0
464 #EA 406 463
465 #EA 464 5
466 #EA 410 463
467 #EA 466 5
468 #EC 102 1
172 #NI 170 41
469 #EP #BD 172 467 0
470 #EL #BD 111 0 469
471 #EA 468 470
472 #EA 471 8
173 #NS 0 _
473 #EA 466 343
474 #ELN 1
475 #EA 338 474
476 #EA 341 474
477 #EA 475 476
478 #EL #BD 172 473 477
479 #EL #BD 173 333 478
480 #EA 472 479
481 #EA 466 313
482 #EC 121 
483 #EA 482 425
484 #EA 483 366
485 #EL #BD 172 481 484
486 #EL #BD 4 0 485
487 #EA 480 486
488 #EA 487 5
489 #EL #BD 82 467 488
490 #EL #BD 171 0 489
491 #EA 465 490
492 #EL #BD 171 0 491
493 #EL #BD 28 0 492
#DEF 101 405 493 
174 #NS 0 instNatPowNat
494 #EC 60 0
495 #EA 494 0
496 #EC 61 0
497 #EA 496 0
498 #EC 101 
499 #EA 497 498
#DEF 174 495 499 
175 #NS 0 BitVec
176 #NS 175 ofFin
177 #NS 0 toFin
500 #EC 43 0 0 0
501 #EA 500 0
502 #EA 501 0
503 #EA 502 0
504 #EC 48 0 0
505 #EA 504 0
506 #EA 505 0
507 #EC 63 0
508 #EA 507 0
509 #EC 174 
510 #EA 508 509
511 #EA 506 510
512 #EA 503 511
513 #ELN 2
514 #EA 338 513
515 #EA 341 513
516 #EA 514 515
517 #EA 512 516
518 #EA 517 5
519 #EA 66 518
520 #EC 175 
521 #EA 520 8
522 #EP #BD 177 519 521
523 #EP #BI 41 0 522
#IND 1 175 71 1 176 523 
178 #NS 0 UInt8
179 #NS 178 ofBitVec
180 #NS 0 toBitVec
524 #ELN 8
525 #EA 338 524
526 #EA 341 524
527 #EA 525 526
528 #EA 520 527
529 #EC 178 
530 #EP #BD 180 528 529
#IND 0 178 2 1 179 530 
181 #NS 0 ByteArray
182 #NS 181 mk
183 #NS 0 data
531 #EC 12 0
532 #EA 531 529
533 #EC 181 
534 #EP #BD 183 532 533
#IND 0 181 2 1 182 534 
184 #NS 0 UInt32
185 #NS 184 ofBitVec
535 #ELN 32
536 #EA 338 535
537 #EA 341 535
538 #EA 536 537
539 #EA 520 538
540 #EC 184 
541 #EP #BD 180 539 540
#IND 0 184 2 1 185 541 
186 #NS 0 Or
187 #NS 186 inl
188 #NS 0 h
542 #EC 186 
543 #EA 542 10
544 #EA 543 8
545 #EP #BD 188 8 544
546 #EP #BI 59 20 545
547 #EP #BI 18 20 546
189 #NS 186 inr
548 #EP #BD 188 5 544
549 #EP #BI 59 20 548
550 #EP #BI 18 20 549
551 #EP #BD 59 20 20
552 #EP #BD 18 20 551
#IND 2 186 552 2 187 547 189 550 
190 #NS 0 And
191 #NS 190 intro
192 #NS 0 left
193 #NS 0 right
553 #EC 190 
554 #EA 553 82
555 #EA 554 10
556 #EP #BD 193 8 555
557 #EP #BD 192 8 556
558 #EP #BI 59 20 557
559 #EP #BI 18 20 558
#IND 2 190 552 1 191 559 
194 #NS 1 isValidChar
560 #ELN 55296
561 #EA 338 560
562 #EA 341 560
563 #EA 561 562
564 #EA 64 563
565 #EA 542 564
566 #ELN 57343
567 #EA 338 566
568 #EA 341 566
569 #EA 567 568
570 #EA 63 569
571 #EA 570 5
572 #EA 553 571
573 #ELN 1114112
574 #EA 338 573
575 #EA 341 573
576 #EA 574 575
577 #EA 64 576
578 #EA 572 577
579 #EA 565 578
580 #EL #BD 4 0 579
#DEF 194 48 580 
195 #NS 31 val
581 #EA 66 5
582 #EP #BD 24 581 0
583 #EP #BI 4 0 582
584 #EJ 31 0 5
585 #EL #BD 24 581 584
586 #EL #BD 4 0 585
#DEF 195 583 586 
196 #NS 175 toFin
587 #EA 520 5
588 #EA 517 8
589 #EA 66 588
590 #EP #BD 24 587 589
591 #EP #BI 41 0 590
592 #EJ 175 0 5
593 #EL #BD 24 587 592
594 #EL #BD 41 0 593
#DEF 196 591 594 
197 #NS 175 toNat
595 #EP #BD 86 587 0
596 #EP #BI 41 0 595
597 #EC 195 
598 #EA 597 588
599 #EC 196 
600 #EA 599 8
601 #EA 600 5
602 #EA 598 601
603 #EL #BD 86 587 602
604 #EL #BI 41 0 603
#DEF 197 596 604 
198 #NS 184 toBitVec
605 #EP #BD 24 540 539
606 #EJ 184 0 5
607 #EL #BD 24 540 606
#DEF 198 605 607 
199 #NS 184 toNat
608 #EP #BD 4 540 0
609 #EC 197 
610 #EA 609 538
611 #EC 198 
612 #EA 611 5
613 #EA 610 612
614 #EL #BD 4 540 613
#DEF 199 608 614 
200 #NS 184 isValidChar
615 #EP #BD 4 540 20
616 #EC 194 
617 #EC 199 
618 #EA 617 5
619 #EA 616 618
620 #EL #BD 4 540 619
#DEF 200 615 620 
201 #NS 0 Char
202 #NS 201 mk
203 #NS 0 valid
621 #EC 200 
622 #EA 621 5
623 #EC 201 
624 #EP #BD 203 622 623
625 #EP #BD 33 540 624
#IND 0 201 2 1 202 625 
204 #NS 0 Eq
205 #NS 204 refl
626 #EC 204 11
627 #EA 626 8
628 #EA 627 5
629 #EA 628 5
630 #EP #BD 18 5 629
631 #EP #BI 7 335 630
632 #EP #BI 7 335 22
#IND 2 204 632 1 205 631 49
206 #NS 5 below
633 #EP #BD 76 6 335
18 #UM 3 11
634 #ES 18
635 #EP #BD 76 9 634
636 #EP #BI 75 633 635
637 #EP #BI 7 3 636
207 #NS 5 rec
19 #US 18
638 #EC 207 19 2
639 #EA 638 10
640 #EL #BD 76 11 634
641 #EA 639 640
642 #EC 68 18
643 #EA 641 642
644 #EA 4 82
208 #NS 0 tail_ih
645 #EC 70 11 18
646 #EA 645 257
647 #EA 646 5
648 #EL #BD 208 634 647
649 #EL #BD 11 644 648
650 #EL #BD 10 10 649
651 #EA 643 650
652 #EA 651 5
653 #EL #BD 76 9 652
654 #EL #BI 75 633 653
655 #EL #BI 7 3 654
#DEF 206 637 655 49 8
209 #NS 5 brecOn
210 #NS 209 go
656 #EC 206 11 2
657 #EA 656 82
658 #EA 657 10
659 #EA 658 5
660 #EP #BD 82 659 215
661 #EP #BD 76 11 660
662 #EA 645 229
663 #EA 658 8
664 #EA 662 663
665 #EP #BD 81 661 664
666 #EP #BD 76 9 665
667 #EP #BI 75 633 666
668 #EP #BI 7 3 667
669 #EC 207 18 2
670 #EA 669 82
671 #EA 645 237
672 #EA 656 121
673 #EA 672 82
674 #EA 673 5
675 #EA 671 674
676 #EL #BD 76 644 675
677 #EA 670 676
678 #EC 71 11 18
679 #EC 6 2
680 #EA 679 82
681 #EA 10 680
682 #EA 678 681
683 #EA 682 642
684 #EA 5 680
685 #EC 69 18
686 #EA 684 685
687 #EA 683 686
688 #EA 687 685
689 #EA 677 688
690 #EA 4 121
691 #EA 645 324
692 #EA 656 366
693 #EA 692 121
694 #EA 693 5
695 #EA 691 694
20 #UM 1 11
21 #UM 20 18
696 #EC 71 11 21
697 #EC 9 2
698 #EV 6
699 #EA 697 698
700 #EA 699 10
701 #EA 700 8
702 #EA 366 701
703 #EA 696 702
704 #EA 645 367
705 #EA 656 698
706 #EA 705 366
707 #EA 706 8
708 #EA 704 707
709 #EA 703 708
710 #EA 82 701
711 #EA 710 5
712 #EA 709 711
713 #EA 712 5
714 #EL #BD 208 695 713
715 #EL #BD 11 690 714
716 #EL #BD 10 82 715
717 #EA 689 716
718 #EA 717 8
719 #EL #BD 81 661 718
720 #EL #BD 76 9 719
721 #EL #BI 75 633 720
722 #EL #BI 7 3 721
#DEF 210 668 722 49 8
723 #EP #BD 81 661 229
724 #EP #BD 76 9 723
725 #EP #BI 75 633 724
726 #EP #BI 7 3 725
727 #EC 210 11 2
728 #EA 727 82
729 #EA 728 10
730 #EA 729 8
731 #EA 730 5
732 #EJ 70 0 731
733 #EL #BD 81 661 732
734 #EL #BD 76 9 733
735 #EL #BI 75 633 734
736 #EL #BI 7 3 735
#DEF 209 726 736 49 8
211 #NS 5 casesOn
212 #NS 0 nil
737 #EA 679 10
738 #EA 8 737
213 #NS 0 cons
739 #EA 697 366
740 #EA 739 8
741 #EA 740 5
742 #EA 121 741
743 #EP #BD 11 690 742
744 #EP #BD 10 82 743
745 #EP #BD 213 744 316
746 #EP #BD 212 738 745
747 #EP #BD 76 9 746
748 #EP #BI 75 633 747
749 #EP #BI 7 3 748
750 #EC 207 11 2
751 #EA 750 121
752 #EA 751 82
753 #EA 752 8
754 #EA 4 366
755 #EA 366 5
756 #EA 316 8
757 #EL #BD 208 755 756
758 #EL #BD 11 754 757
759 #EL #BD 10 121 758
760 #EA 753 759
761 #EA 760 10
762 #EL #BD 213 744 761
763 #EL #BD 212 738 762
764 #EL #BD 76 9 763
765 #EL #BI 75 633 764
766 #EL #BI 7 3 765
#DEF 211 749 766 49 8
214 #NS 5 toByteArray
215 #NS 214 match_1
216 #NI 89 4011339995
217 #NS 216 _hygCtx
218 #NI 217 7
219 #NS 218 Init
220 #NS 219 Prelude
221 #NI 220 4011339995
222 #NS 221 _hygCtx
223 #NS 222 _hyg
224 #NI 223 30
767 #EC 5 0
768 #EA 767 529
225 #NI 217 8
226 #NS 225 Init
227 #NS 226 Prelude
228 #NI 227 4011339995
229 #NS 228 _hygCtx
230 #NS 229 _hyg
231 #NI 230 33
769 #EP #BD 231 533 335
770 #EP #BD 224 768 769
232 #NS 0 r
771 #EC 6 0
772 #EA 771 529
773 #EA 82 772
774 #EA 773 5
775 #EP #BD 232 533 774
233 #NS 0 bs
776 #EC 9 0
777 #EA 776 529
778 #EA 777 10
779 #EA 778 8
780 #EA 698 779
781 #EA 780 5
782 #EP #BD 232 533 781
783 #EP #BD 233 768 782
784 #EP #BD 59 529 783
785 #EP #BD 113 784 372
786 #EP #BD 112 775 785
787 #EP #BD 231 533 786
788 #EP #BD 224 768 787
789 #EP #BD 75 770 788
790 #EC 211 11 0
791 #EA 790 529
792 #EA 755 82
793 #EL #BD 86 768 792
794 #EA 791 793
795 #EA 794 82
796 #EA 8 10
797 #EA 795 796
234 #NS 10 _@
235 #NS 234 Init
236 #NS 235 Prelude
237 #NI 236 4011339995
238 #NS 237 _hygCtx
239 #NS 238 _hyg
240 #NI 239 63
241 #NS 11 _@
242 #NS 241 Init
243 #NS 242 Prelude
244 #NI 243 4011339995
245 #NS 244 _hygCtx
246 #NS 245 _hyg
247 #NI 246 64
798 #EA 229 5
799 #EA 798 121
800 #EL #BD 247 768 799
801 #EL #BD 240 529 800
802 #EA 797 801
803 #EL #BD 113 784 802
804 #EL #BD 112 775 803
805 #EL #BD 231 533 804
806 #EL #BD 224 768 805
807 #EL #BD 75 770 806
#DEF 215 789 807 49
248 #NS 181 casesOn
808 #EP #BD 76 533 72
249 #NS 0 mk
809 #EC 182 
810 #EA 809 5
811 #EA 10 810
812 #EP #BD 183 532 811
813 #EP #BD 249 812 229
814 #EP #BD 76 533 813
815 #EP #BI 75 808 814
250 #NS 181 rec
816 #EC 250 2
817 #EA 816 10
818 #EL #BD 183 532 356
819 #EA 817 818
820 #EA 819 8
821 #EL #BD 249 812 820
822 #EL #BD 76 533 821
823 #EL #BI 75 808 822
#DEF 248 815 823 8
251 #NS 181 push
252 #NS 251 match_1
253 #NI 89 1061955011
254 #NS 253 _hygCtx
255 #NI 254 7
256 #NS 255 Init
257 #NS 256 Prelude
258 #NI 257 1061955011
259 #NS 258 _hygCtx
260 #NS 259 _hyg
261 #NI 260 26
262 #NI 254 8
263 #NS 262 Init
264 #NS 263 Prelude
265 #NI 264 1061955011
266 #NS 265 _hygCtx
267 #NS 266 _hyg
268 #NI 267 29
824 #EP #BD 268 529 335
825 #EP #BD 261 533 824
826 #EA 809 8
827 #EA 121 826
828 #EA 827 5
829 #EP #BD 59 529 828
830 #EP #BD 233 532 829
831 #EP #BD 112 830 756
832 #EP #BD 268 529 831
833 #EP #BD 261 533 832
834 #EP #BD 75 825 833
835 #EC 248 11
836 #EA 324 10
837 #EL #BD 86 533 836
838 #EA 835 837
839 #EA 838 10
269 #NS 183 _@
270 #NS 269 Init
271 #NS 270 Prelude
272 #NI 271 1061955011
273 #NS 272 _hygCtx
274 #NS 273 _hyg
275 #NI 274 45
840 #EA 356 10
841 #EL #BD 275 532 840
842 #EA 839 841
843 #EL #BD 112 830 842
844 #EL #BD 268 529 843
845 #EL #BD 261 533 844
846 #EL #BD 75 825 845
#DEF 252 834 846 49
276 #NS 5 concat
277 #NS 276 match_1
278 #NI 89 2376136994
279 #NS 278 _hygCtx
280 #NI 279 10
281 #NS 280 Init
282 #NS 281 Prelude
283 #NI 282 2376136994
284 #NS 283 _hygCtx
285 #NS 284 _hyg
286 #NI 285 29
847 #EC 5 11
848 #EA 847 5
287 #NI 279 11
288 #NS 287 Init
289 #NS 288 Prelude
290 #NI 289 2376136994
291 #NS 290 _hygCtx
292 #NS 291 _hyg
293 #NI 292 32
849 #ES 13
850 #EP #BD 293 8 849
851 #EP #BD 286 848 850
852 #EA 847 8
853 #EC 6 11
854 #EA 853 121
855 #EA 82 854
856 #EA 855 5
857 #EP #BD 59 82 856
294 #NS 0 as
858 #EA 847 366
859 #EC 9 11
860 #EV 7
861 #EA 859 860
862 #EA 861 10
863 #EA 862 8
864 #EA 698 863
865 #EA 864 5
866 #EP #BD 59 698 865
867 #EP #BD 294 858 866
868 #EP #BD 18 121 867
869 #EP #BD 113 868 372
870 #EP #BD 112 857 869
871 #EP #BD 293 10 870
872 #EP #BD 286 852 871
873 #EP #BD 75 851 872
874 #EP #BI 7 131 873
875 #EC 211 13 11
876 #EA 875 366
877 #EL #BD 86 858 792
878 #EA 876 877
879 #EA 878 82
880 #EA 879 796
295 #NI 236 2376136994
296 #NS 295 _hygCtx
297 #NS 296 _hyg
298 #NI 297 65
299 #NI 243 2376136994
300 #NS 299 _hygCtx
301 #NS 300 _hyg
302 #NI 301 66
881 #EA 847 698
882 #EL #BD 302 881 799
883 #EL #BD 298 366 882
884 #EA 880 883
885 #EL #BD 113 868 884
886 #EL #BD 112 857 885
887 #EL #BD 293 10 886
888 #EL #BD 286 852 887
889 #EL #BD 75 851 888
890 #EL #BI 7 131 889
#DEF 277 874 890 49 50
891 #EP #BD 22 8 11
892 #EP #BD 22 6 891
893 #EP #BI 7 3 892
303 #NS 279 _hyg
304 #NI 303 10
305 #NI 303 11
894 #EC 209 3 2
895 #EA 894 10
896 #EP #BD 305 82 690
897 #EL #BD 304 11 896
898 #EA 895 897
899 #EA 898 8
900 #EC 206 3 2
901 #EA 900 82
902 #EP #BD 305 121 754
903 #EL #BD 304 644 902
904 #EA 901 903
905 #EA 904 5
906 #EC 277 2 3
907 #EA 906 366
306 #NI 303 67
908 #EA 900 860
909 #EA 4 860
910 #EV 8
911 #EV 9
912 #EA 4 911
913 #EP #BD 305 910 912
914 #EL #BD 304 909 913
915 #EA 908 914
916 #EA 915 8
917 #EA 4 910
918 #EP #BD 306 916 917
919 #EL #BD 293 698 918
920 #EL #BD 286 754 919
921 #EA 907 920
922 #EA 921 10
923 #EA 922 5
924 #EA 900 698
925 #EA 4 698
926 #EP #BD 305 860 917
927 #EL #BD 304 925 926
928 #EA 924 927
929 #EA 679 698
930 #EA 928 929
931 #EA 697 860
932 #EA 931 8
933 #EA 679 860
934 #EA 932 933
935 #EL #BD 306 930 934
936 #EL #BD 59 366 935
937 #EA 923 936
938 #EA 900 910
939 #EV 10
940 #EA 4 939
941 #EP #BD 305 911 940
942 #EL #BD 304 917 941
943 #EA 938 942
944 #EA 697 910
945 #EA 944 10
946 #EA 945 8
947 #EA 943 946
948 #EA 697 911
949 #EA 948 82
950 #EA 425 8
951 #EA 949 950
952 #EL #BD 306 947 951
953 #EL #BD 59 860 952
954 #EL #BD 294 925 953
955 #EL #BD 18 366 954
956 #EA 937 955
957 #EA 956 8
958 #EL #BD 305 121 957
959 #EL #BD 82 905 958
960 #EL #BD 304 11 959
961 #EA 899 960
962 #EA 961 5
963 #EL #BD 305 8 962
964 #EL #BD 304 6 963
965 #EL #BI 7 3 964
#DEF 276 893 965 8
307 #NS 12 toList
966 #EA 16 5
967 #EP #BD 24 966 9
968 #EP #BI 7 3 967
969 #EJ 12 0 5
970 #EL #BD 24 966 969
971 #EL #BD 7 3 970
#DEF 307 968 971 8
308 #NS 12 push
972 #EA 16 10
973 #EP #BD 39 8 972
974 #EP #BD 18 966 973
975 #EP #BI 7 3 974
976 #EC 13 2
977 #EA 976 10
978 #EC 276 2
979 #EA 978 10
980 #EC 307 2
981 #EA 980 10
982 #EA 981 8
983 #EA 979 982
984 #EA 983 5
985 #EA 977 984
986 #EL #BD 39 8 985
987 #EL #BD 18 966 986
988 #EL #BI 7 3 987
#DEF 308 975 988 8
989 #EP #BD 22 529 533
990 #EP #BD 22 533 989
309 #NS 254 _hyg
310 #NI 309 7
311 #NI 309 8
991 #EC 252 1
992 #EL #BD 268 529 533
993 #EL #BD 261 533 992
994 #EA 991 993
995 #EA 994 8
996 #EA 995 5
997 #EC 308 0
998 #EA 997 529
999 #EA 998 8
1000 #EA 999 5
1001 #EA 809 1000
1002 #EL #BD 59 529 1001
1003 #EL #BD 233 532 1002
1004 #EA 996 1003
1005 #EL #BD 311 529 1004
1006 #EL #BD 310 533 1005
#DEF 251 990 1006 
312 #NS 214 loop
313 #NS 217 _hyg
314 #NI 313 7
315 #NI 313 8
1007 #EP #BD 315 533 533
1008 #EP #BD 314 768 1007
1009 #EC 209 1 0
1010 #EA 1009 529
1011 #EL #BD 314 768 1007
1012 #EA 1010 1011
1013 #EA 1012 8
1014 #EC 206 1 0
1015 #EA 1014 529
1016 #EA 1015 1011
1017 #EA 1016 5
1018 #EC 215 1
316 #NI 313 65
1019 #EA 1016 8
1020 #EP #BD 316 1019 533
1021 #EL #BD 231 533 1020
1022 #EL #BD 224 768 1021
1023 #EA 1018 1022
1024 #EA 1023 10
1025 #EA 1024 5
1026 #EA 1016 772
1027 #EL #BD 316 1026 8
1028 #EL #BD 232 533 1027
1029 #EA 1025 1028
1030 #EA 1016 779
1031 #EC 251 
1032 #EA 1031 8
1033 #EA 1032 82
1034 #EA 425 1033
1035 #EL #BD 316 1030 1034
1036 #EL #BD 232 533 1035
1037 #EL #BD 233 768 1036
1038 #EL #BD 59 529 1037
1039 #EA 1029 1038
1040 #EA 1039 8
1041 #EL #BD 315 533 1040
1042 #EL #BD 82 1017 1041
1043 #EL #BD 314 768 1042
1044 #EA 1013 1043
1045 #EA 1044 5
1046 #EL #BD 315 533 1045
1047 #EL #BD 314 768 1046
#DEF 312 1008 1047 
317 #NS 12 emptyWithCapacity
318 #NS 0 c
1048 #EP #BD 318 0 17
1049 #EP #BI 7 3 1048
1050 #EA 976 8
1051 #EA 679 8
1052 #EA 1050 1051
1053 #EL #BD 318 0 1052
1054 #EL #BI 7 3 1053
#DEF 317 1049 1054 8
319 #NS 12 empty
1055 #EP #BI 7 3 966
1056 #EC 317 2
1057 #EA 1056 5
1058 #EA 337 0
1059 #EA 1058 339
1060 #EA 1059 342
1061 #EA 1057 1060
1062 #EL #BI 7 3 1061
#DEF 319 1055 1062 8
320 #NS 181 emptyWithCapacity
1063 #EP #BD 318 0 533
1064 #EC 319 0
1065 #EA 1064 529
1066 #EA 809 1065
1067 #EL #BD 318 0 1066
#DEF 320 1063 1067 
321 #NS 181 empty
1068 #EC 320 
1069 #EA 1068 1060
#DEF 321 533 1069 
1070 #EP #BD 233 768 533
1071 #EC 312 
1072 #EA 1071 5
1073 #EC 321 
1074 #EA 1072 1073
1075 #EL #BD 233 768 1074
#DEF 214 1070 1075 
322 #NS 5 flatten
323 #NS 322 match_1
324 #NI 89 2116375929
325 #NS 324 _hygCtx
326 #NI 325 16
327 #NS 326 Init
328 #NS 327 Prelude
329 #NI 328 2116375929
330 #NS 329 _hygCtx
331 #NS 330 _hyg
332 #NI 331 27
1076 #EA 847 848
1077 #EP #BD 332 1076 849
1078 #EA 847 852
1079 #EA 847 82
1080 #EA 853 1079
1081 #EA 10 1080
1082 #EP #BD 0 333 1081
333 #NS 0 l
334 #NS 0 L
1083 #EA 847 121
1084 #EA 847 1083
1085 #EA 859 858
1086 #EA 1085 8
1087 #EA 1086 5
1088 #EA 121 1087
1089 #EP #BD 334 1084 1088
1090 #EP #BD 333 1079 1089
1091 #EP #BD 113 1090 316
1092 #EP #BD 112 1082 1091
1093 #EP #BD 332 1078 1092
1094 #EP #BD 75 1077 1093
1095 #EP #BI 7 131 1094
1096 #EA 875 1083
1097 #EL #BD 86 1084 324
1098 #EA 1096 1097
1099 #EA 1098 10
1100 #EA 1099 354
335 #NI 236 2116375929
336 #NS 335 _hygCtx
337 #NS 336 _hyg
338 #NI 337 49
339 #NI 243 2116375929
340 #NS 339 _hygCtx
341 #NS 340 _hyg
342 #NI 341 50
1101 #EA 847 858
1102 #EL #BD 342 1101 798
1103 #EL #BD 338 1083 1102
1104 #EA 1100 1103
1105 #EL #BD 113 1090 1104
1106 #EL #BD 112 1082 1105
1107 #EL #BD 332 1078 1106
1108 #EL #BD 75 1077 1107
1109 #EL #BI 7 131 1108
#DEF 323 1095 1109 49 50
343 #NS 5 append
344 #NS 343 match_1
345 #NI 89 4042049376
346 #NS 345 _hygCtx
347 #NI 346 12
348 #NS 347 Init
349 #NS 348 Prelude
350 #NI 349 4042049376
351 #NS 350 _hygCtx
352 #NS 351 _hyg
353 #NI 352 31
354 #NI 346 13
355 #NS 354 Init
356 #NS 355 Prelude
357 #NI 356 4042049376
358 #NS 357 _hygCtx
359 #NS 358 _hyg
360 #NI 359 34
1110 #EP #BD 360 852 849
1111 #EP #BD 353 848 1110
1112 #EA 847 10
1113 #EP #BD 233 1079 856
1114 #EP #BD 233 881 865
1115 #EP #BD 294 858 1114
1116 #EP #BD 18 121 1115
1117 #EP #BD 113 1116 372
1118 #EP #BD 112 1113 1117
1119 #EP #BD 360 1112 1118
1120 #EP #BD 353 852 1119
1121 #EP #BD 75 1111 1120
1122 #EP #BI 7 131 1121
1123 #EL #BD 113 1116 884
1124 #EL #BD 112 1113 1123
1125 #EL #BD 360 1112 1124
1126 #EL #BD 353 852 1125
1127 #EL #BD 75 1111 1126
1128 #EL #BI 7 131 1127
#DEF 344 1122 1128 49 50
361 #NS 0 xs
362 #NS 0 ys
1129 #EP #BD 362 852 1112
1130 #EP #BD 361 848 1129
1131 #EP #BI 7 131 1130
363 #NS 346 _hyg
364 #NI 363 12
365 #NI 363 13
1132 #EC 209 12 11
1133 #EA 1132 10
1134 #EP #BD 365 1079 1083
1135 #EL #BD 364 1112 1134
1136 #EA 1133 1135
1137 #EA 1136 8
1138 #EC 206 12 11
1139 #EA 1138 82
1140 #EP #BD 365 1083 858
1141 #EL #BD 364 1079 1140
1142 #EA 1139 1141
1143 #EA 1142 5
1144 #EC 344 11 12
1145 #EA 1144 366
366 #NI 363 67
1146 #EA 1138 860
1147 #EA 847 860
1148 #EA 847 910
1149 #EA 847 911
1150 #EP #BD 365 1148 1149
1151 #EL #BD 364 1147 1150
1152 #EA 1146 1151
1153 #EA 1152 8
1154 #EP #BD 366 1153 1148
1155 #EL #BD 360 881 1154
1156 #EL #BD 353 858 1155
1157 #EA 1145 1156
1158 #EA 1157 10
1159 #EA 1158 5
1160 #EA 1138 698
1161 #EP #BD 365 1147 1148
1162 #EL #BD 364 881 1161
1163 #EA 1160 1162
1164 #EA 853 698
1165 #EA 1163 1164
1166 #EL #BD 366 1165 8
1167 #EL #BD 233 858 1166
1168 #EA 1159 1167
1169 #EA 1138 910
1170 #EA 847 939
1171 #EP #BD 365 1149 1170
1172 #EL #BD 364 1148 1171
1173 #EA 1169 1172
1174 #EA 859 910
1175 #EA 1174 10
1176 #EA 1175 8
1177 #EA 1173 1176
1178 #EA 859 911
1179 #EA 1178 82
1180 #EA 1179 950
1181 #EL #BD 366 1177 1180
1182 #EL #BD 233 1147 1181
1183 #EL #BD 294 881 1182
1184 #EL #BD 18 366 1183
1185 #EA 1168 1184
1186 #EA 1185 8
1187 #EL #BD 365 1083 1186
1188 #EL #BD 82 1143 1187
1189 #EL #BD 364 1112 1188
1190 #EA 1137 1189
1191 #EA 1190 5
1192 #EL #BD 365 852 1191
1193 #EL #BD 364 848 1192
1194 #EL #BI 7 131 1193
#DEF 343 1131 1194 49
1195 #EP #BD 22 1076 852
1196 #EP #BI 7 131 1195
367 #NS 325 _hyg
368 #NI 367 16
1197 #EA 1132 852
1198 #EL #BD 368 1078 1112
1199 #EA 1197 1198
1200 #EA 1199 5
1201 #EA 1138 1112
1202 #EA 847 1112
1203 #EL #BD 368 1202 1079
1204 #EA 1201 1203
1205 #EA 1204 5
1206 #EC 323 11 12
1207 #EA 1206 82
1208 #EA 847 1079
369 #NI 367 51
1209 #EA 1138 1083
1210 #EL #BD 368 1084 858
1211 #EA 1209 1210
1212 #EA 1211 5
1213 #EP #BD 369 1212 858
1214 #EL #BD 332 1208 1213
1215 #EA 1207 1214
1216 #EA 1215 8
1217 #EA 853 1083
1218 #EA 1211 1217
1219 #EA 853 366
1220 #EL #BD 369 1218 1219
1221 #EL #BD 173 333 1220
1222 #EA 1216 1221
1223 #EA 1138 858
1224 #EL #BD 368 1101 881
1225 #EA 1223 1224
1226 #EA 1225 1087
1227 #EC 343 11
1228 #EA 1227 698
1229 #EA 1228 10
1230 #EA 1229 425
1231 #EL #BD 369 1226 1230
1232 #EL #BD 334 1084 1231
1233 #EL #BD 333 1079 1232
1234 #EA 1222 1233
1235 #EA 1234 5
1236 #EL #BD 82 1205 1235
1237 #EL #BD 368 1078 1236
1238 #EA 1200 1237
1239 #EL #BD 368 1076 1238
1240 #EL #BI 7 131 1239
#DEF 322 1196 1240 49
370 #NS 0 instDecidableEqList
371 #NS 370 match_1
372 #NS 362 _@
373 #NS 372 Init
374 #NS 373 Prelude
375 #NI 374 481560522
376 #NS 375 _hygCtx
377 #NS 376 _hyg
378 #NI 377 24
1241 #EP #BD 378 848 849
1242 #EA 853 82
1243 #EA 10 1242
1244 #EP #BD 0 333 1243
379 #NI 236 481560522
380 #NS 379 _hygCtx
381 #NS 380 _hyg
382 #NI 381 37
383 #NI 243 481560522
384 #NS 383 _hygCtx
385 #NS 384 _hyg
386 #NI 385 38
1245 #EA 859 366
1246 #EA 1245 8
1247 #EA 1246 5
1248 #EA 121 1247
1249 #EP #BD 386 1083 1248
1250 #EP #BD 382 82 1249
1251 #EP #BD 113 1250 316
1252 #EP #BD 112 1244 1251
1253 #EP #BD 378 852 1252
1254 #EP #BD 75 1241 1253
1255 #EP #BI 7 131 1254
1256 #EA 875 121
1257 #EL #BD 86 1083 324
1258 #EA 1256 1257
1259 #EA 1258 10
1260 #EA 1259 354
387 #NI 381 53
388 #NI 385 54
1261 #EL #BD 388 858 798
1262 #EL #BD 387 121 1261
1263 #EA 1260 1262
1264 #EL #BD 113 1250 1263
1265 #EL #BD 112 1244 1264
1266 #EL #BD 378 852 1265
1267 #EL #BD 75 1241 1266
1268 #EL #BI 7 131 1267
#DEF 371 1255 1268 49 50
389 #NS 5 map
1269 #EP #BD 22 8 8
1270 #EC 5 13
1271 #EA 1270 10
1272 #EP #BD 333 1112 1271
1273 #EP #BD 82 1269 1272
1274 #EP #BI 38 132 1273
1275 #EP #BI 7 131 1274
390 #NI 89 3880878767
391 #NS 390 _hygCtx
392 #NS 391 _hyg
393 #NI 392 15
1276 #EC 209 14 11
1277 #EA 1276 82
1278 #EA 1270 82
1279 #EL #BD 393 1079 1278
1280 #EA 1277 1279
1281 #EA 1280 5
1282 #EC 206 14 11
1283 #EA 1282 121
1284 #EA 1270 121
1285 #EL #BD 393 1083 1284
1286 #EA 1283 1285
1287 #EA 1286 5
22 #UM 12 14
1288 #EC 371 11 22
1289 #EA 1288 366
394 #NI 391 15
395 #NS 394 Init
396 #NS 395 Prelude
397 #NI 396 3880878767
398 #NS 397 _hygCtx
399 #NS 398 _hyg
400 #NI 399 26
401 #NI 392 54
1290 #EA 1282 698
1291 #EA 1270 698
1292 #EL #BD 393 881 1291
1293 #EA 1290 1292
1294 #EA 1293 5
1295 #EP #BD 401 1294 1291
1296 #EL #BD 400 858 1295
1297 #EA 1289 1296
1298 #EA 1297 8
1299 #EA 1293 1164
1300 #EC 6 13
1301 #EA 1300 698
1302 #EL #BD 401 1299 1301
1303 #EL #BD 173 333 1302
1304 #EA 1298 1303
1305 #EA 1282 860
1306 #EA 1270 860
1307 #EL #BD 393 1147 1306
1308 #EA 1305 1307
1309 #EA 861 8
1310 #EA 1309 5
1311 #EA 1308 1310
1312 #EC 9 13
1313 #EA 1312 860
1314 #EA 698 10
1315 #EA 1313 1314
1316 #EA 1315 425
1317 #EL #BD 401 1311 1316
1318 #EL #BD 294 881 1317
1319 #EL #BD 18 366 1318
1320 #EA 1304 1319
1321 #EA 1320 5
1322 #EL #BD 82 1287 1321
1323 #EL #BD 393 1079 1322
1324 #EA 1281 1323
1325 #EL #BD 393 1112 1324
1326 #EL #BD 82 1269 1325
1327 #EL #BI 38 132 1326
1328 #EL #BI 7 131 1327
#DEF 389 1275 1328 49 50
402 #NS 5 flatMap
1329 #EC 5 4
1330 #EA 1329 8
1331 #EP #BD 22 8 1330
1332 #EA 1329 10
1333 #EP #BD 294 11 1332
1334 #EP #BD 59 1331 1333
1335 #EP #BI 38 75 1334
1336 #EP #BI 7 3 1335
1337 #EC 322 4
1338 #EA 1337 10
1339 #EC 389 2 4
1340 #EA 1339 82
1341 #EA 1340 1332
1342 #EA 1341 8
1343 #EA 1342 5
1344 #EA 1338 1343
1345 #EL #BD 294 11 1344
1346 #EL #BD 59 1331 1345
1347 #EL #BI 38 75 1346
1348 #EL #BI 7 3 1347
#DEF 402 1336 1348 8 39
403 #NS 201 val
1349 #EP #BD 24 623 540
1350 #EJ 201 0 5
1351 #EL #BD 24 623 1350
#DEF 403 1349 1351 
404 #NS 0 False
#IND 0 404 20 0  
405 #NS 0 Not
1352 #EC 404 
1353 #EP #BD 22 5 1352
1354 #EL #BD 18 20 1353
#DEF 405 551 1354 
406 #NS 0 Decidable
407 #NS 406 isFalse
408 #NS 0 p
1355 #EC 405 
1356 #EA 1355 5
1357 #EC 406 
1358 #EA 1357 8
1359 #EP #BD 188 1356 1358
1360 #EP #BI 408 20 1359
409 #NS 406 isTrue
1361 #EP #BD 188 5 1358
1362 #EP #BI 408 20 1361
1363 #EP #BD 408 20 2
#IND 1 406 1363 2 407 1360 409 1362 
410 #NS 406 casesOn
1364 #EA 1357 5
1365 #EP #BD 76 1364 72
411 #NS 0 isFalse
1366 #EA 1355 10
1367 #EC 407 
1368 #EA 1367 82
1369 #EA 1368 5
1370 #EA 10 1369
1371 #EP #BD 188 1366 1370
412 #NS 0 isTrue
1372 #EC 409 
1373 #EA 1372 121
1374 #EA 1373 5
1375 #EA 82 1374
1376 #EP #BD 188 82 1375
1377 #EP #BD 412 1376 316
1378 #EP #BD 411 1371 1377
1379 #EP #BD 76 1358 1378
1380 #EP #BI 75 1365 1379
1381 #EP #BI 408 20 1380
413 #NS 406 rec
1382 #EC 413 2
1383 #EA 1382 121
1384 #EA 1383 82
1385 #EA 1355 121
1386 #EA 10 5
1387 #EL #BD 188 1385 1386
1388 #EA 1384 1387
1389 #EL #BD 188 121 356
1390 #EA 1388 1389
1391 #EA 1390 10
1392 #EL #BD 412 1376 1391
1393 #EL #BD 411 1371 1392
1394 #EL #BD 76 1358 1393
1395 #EL #BI 75 1365 1394
1396 #EL #BI 408 20 1395
#DEF 410 1381 1396 8
414 #NS 0 ite
415 #NS 0 e
1397 #EP #BD 415 82 121
1398 #EP #BD 76 10 1397
1399 #EP #BC 188 1364 1398
1400 #EP #BD 318 20 1399
1401 #EP #BI 7 72 1400
1402 #EC 410 2
1403 #EA 1402 82
416 #NI 89 1596968041
417 #NS 416 _hygCtx
418 #NS 417 _hyg
419 #NI 418 10
1404 #EA 1357 82
1405 #EL #BD 419 1404 366
1406 #EA 1403 1405
1407 #EA 1406 10
420 #NI 418 15
1408 #EA 1355 82
1409 #EL #BD 420 1408 8
1410 #EA 1407 1409
421 #NI 418 22
1411 #EL #BD 421 82 10
1412 #EA 1410 1411
1413 #EL #BD 415 82 1412
1414 #EL #BD 76 10 1413
1415 #EL #BC 188 1364 1414
1416 #EL #BD 318 20 1415
1417 #EL #BI 7 72 1416
#DEF 414 1401 1417 8
422 #NS 0 LE
423 #NS 422 mk
424 #NS 0 le
1418 #EC 422 2
1419 #EA 1418 8
1420 #EP #BD 424 22 1419
1421 #EP #BI 7 3 1420
#IND 1 422 15 1 423 1421 8
425 #NS 422 le
1422 #EA 1418 5
1423 #EP #BC 24 1422 29
1424 #EP #BI 7 3 1423
1425 #EJ 422 0 5
1426 #EL #BC 24 1422 1425
1427 #EL #BD 7 3 1426
#DEF 425 1424 1427 8
426 #NS 0 instLENat
1428 #EC 422 0
1429 #EA 1428 0
1430 #EC 423 0
1431 #EA 1430 0
1432 #EA 1431 35
#DEF 426 1429 1432 
427 #NS 0 dite
1433 #EP #BD 22 1366 121
1434 #EP #BD 415 1433 121
1435 #EP #BD 76 108 1434
1436 #EP #BC 188 1364 1435
1437 #EP #BD 318 20 1436
1438 #EP #BI 7 72 1437
1439 #EA 1407 5
1440 #EA 1439 8
1441 #EL #BD 415 1433 1440
1442 #EL #BD 76 108 1441
1443 #EL #BC 188 1364 1442
1444 #EL #BD 318 20 1443
1445 #EL #BI 7 72 1444
#DEF 427 1438 1445 8
428 #NS 0 Bool
429 #NS 428 false
1446 #EC 428 
430 #NS 428 true
#IND 0 428 2 2 429 1446 430 1446 
431 #NS 1 ble
432 #NS 431 match_1
433 #NI 89 1907163184
434 #NS 433 _hygCtx
435 #NI 434 9
436 #NS 435 Init
437 #NS 436 Prelude
438 #NI 437 1907163184
439 #NS 438 _hygCtx
440 #NS 439 _hyg
441 #NI 440 28
442 #NI 434 10
443 #NS 442 Init
444 #NS 443 Prelude
445 #NI 444 1907163184
446 #NS 445 _hygCtx
447 #NS 446 _hyg
448 #NI 447 31
449 #NS 434 _hyg
450 #NI 449 38
1447 #EA 82 245
1448 #EA 1447 5
1449 #EP #BD 450 0 1448
451 #NI 116 1907163184
452 #NS 451 _hygCtx
453 #NS 452 _hyg
454 #NI 453 50
1450 #EA 121 313
1451 #EA 1450 245
1452 #EP #BD 454 0 1451
455 #NS 0 h_3
1453 #EA 698 43
1454 #EA 1453 313
1455 #EP #BD 28 0 1454
1456 #EP #BD 4 0 1455
1457 #EA 378 82
1458 #EP #BD 455 1456 1457
1459 #EP #BD 113 1452 1458
1460 #EP #BD 112 1449 1459
1461 #EP #BD 448 0 1460
1462 #EP #BD 441 0 1461
1463 #EP #BD 75 363 1462
1464 #EA 698 5
1465 #EA 1464 121
1466 #EL #BD 86 0 1465
1467 #EA 349 1466
1468 #EA 1467 121
1469 #EA 10 82
1470 #EA 1468 1469
456 #NI 453 73
1471 #EA 860 43
1472 #EA 1471 5
1473 #EL #BD 86 0 1472
1474 #EA 349 1473
1475 #EA 1474 121
1476 #EA 1475 1386
457 #NI 453 74
1477 #EL #BD 457 0 798
1478 #EA 1476 1477
1479 #EL #BD 456 0 1478
1480 #EA 1470 1479
1481 #EL #BD 455 1456 1480
1482 #EL #BD 113 1452 1481
1483 #EL #BD 112 1449 1482
1484 #EL #BD 448 0 1483
1485 #EL #BD 441 0 1484
1486 #EL #BD 75 363 1485
#DEF 432 1463 1486 49
1487 #EP #BD 22 0 1446
1488 #EP #BD 22 0 1487
458 #NI 449 9
459 #NI 449 10
1489 #EP #BD 459 0 1446
1490 #EL #BD 458 0 1489
1491 #EA 406 1490
1492 #EA 1491 8
1493 #EA 410 1490
1494 #EA 1493 5
1495 #EC 432 1
460 #NI 449 75
1496 #EA 1493 8
1497 #EP #BD 460 1496 1446
1498 #EL #BD 448 0 1497
1499 #EL #BD 441 0 1498
1500 #EA 1495 1499
1501 #EA 1500 10
1502 #EA 1501 5
1503 #EA 1493 245
1504 #EC 430 
1505 #EL #BD 460 1503 1504
1506 #EL #BD 450 0 1505
1507 #EA 1502 1506
1508 #EA 1493 313
1509 #EC 429 
1510 #EL #BD 460 1508 1509
1511 #EL #BD 454 0 1510
1512 #EA 1507 1511
1513 #EA 1493 43
1514 #EL #BD 460 1513 950
1515 #EL #BD 28 0 1514
1516 #EL #BD 4 0 1515
1517 #EA 1512 1516
1518 #EA 1517 8
1519 #EL #BD 459 0 1518
1520 #EL #BD 82 1494 1519
1521 #EL #BD 458 0 1520
1522 #EA 1492 1521
1523 #EA 1522 5
1524 #EL #BD 459 0 1523
1525 #EL #BD 458 0 1524
#DEF 431 1488 1525 
461 #NS 0 DecidableEq
1526 #EP #BD 7 72 206
1527 #EC 204 2
1528 #EA 1527 10
1529 #EA 1528 8
1530 #EA 1529 5
1531 #EA 1357 1530
1532 #EP #BD 59 8 1531
1533 #EP #BD 18 5 1532
1534 #EL #BD 7 72 1533
#DEF 461 1526 1534 8
462 #NS 428 casesOn
1535 #EP #BD 76 1446 72
463 #NS 0 false
1536 #EA 8 1509
464 #NS 0 true
1537 #EA 10 1504
1538 #EP #BD 464 1537 316
1539 #EP #BD 463 1536 1538
1540 #EP #BD 76 1446 1539
1541 #EP #BI 75 1535 1540
465 #NS 428 rec
1542 #EC 465 2
1543 #EA 1542 82
1544 #EA 1543 8
1545 #EA 1544 5
1546 #EA 1545 10
1547 #EL #BD 464 1537 1546
1548 #EL #BD 463 1536 1547
1549 #EL #BD 76 1446 1548
1550 #EL #BI 75 1535 1549
#DEF 462 1541 1550 8
466 #NS 428 decEq
467 #NS 466 match_1
468 #NS 19 Init
469 #NS 468 Prelude
470 #NI 469 18944135
471 #NS 470 _hygCtx
472 #NS 471 _hyg
473 #NI 472 14
474 #NS 59 _@
475 #NS 474 Init
476 #NS 475 Prelude
477 #NI 476 18944135
478 #NS 477 _hygCtx
479 #NS 478 _hyg
480 #NI 479 16
1551 #EP #BD 480 1446 335
1552 #EP #BD 473 1446 1551
1553 #EA 82 1509
1554 #EA 1553 1509
1555 #EP #BD 0 333 1554
1556 #EA 121 1509
1557 #EA 1556 1504
1558 #EP #BD 0 333 1557
1559 #EA 366 1504
1560 #EA 1559 1509
1561 #EP #BD 0 333 1560
481 #NS 0 h_4
1562 #EA 698 1504
1563 #EA 1562 1504
1564 #EP #BD 0 333 1563
1565 #EA 698 366
1566 #EA 1565 121
1567 #EP #BD 481 1564 1566
1568 #EP #BD 455 1561 1567
1569 #EP #BD 113 1558 1568
1570 #EP #BD 112 1555 1569
1571 #EP #BD 480 1446 1570
1572 #EP #BD 473 1446 1571
1573 #EP #BD 75 1552 1572
1574 #EC 462 11
1575 #EA 860 5
1576 #EA 1575 366
1577 #EL #BD 86 1446 1576
1578 #EA 1574 1577
1579 #EA 1578 366
1580 #EA 860 1509
1581 #EA 1580 5
1582 #EL #BD 86 1446 1581
1583 #EA 1574 1582
1584 #EA 1583 121
1585 #EA 82 353
1586 #EA 1584 1585
1587 #EA 10 353
1588 #EA 1586 1587
1589 #EA 1579 1588
1590 #EA 860 1504
1591 #EA 1590 5
1592 #EL #BD 86 1446 1591
1593 #EA 1574 1592
1594 #EA 1593 121
1595 #EA 1594 354
1596 #EA 5 353
1597 #EA 1595 1596
1598 #EA 1589 1597
1599 #EL #BD 481 1564 1598
1600 #EL #BD 455 1561 1599
1601 #EL #BD 113 1558 1600
1602 #EL #BD 112 1555 1601
1603 #EL #BD 480 1446 1602
1604 #EL #BD 473 1446 1603
1605 #EL #BD 75 1552 1604
#DEF 467 1573 1605 49
482 #NS 0 rfl
1606 #EA 1527 8
1607 #EA 1606 5
1608 #EA 1607 5
1609 #EP #BI 18 5 1608
1610 #EP #BI 7 72 1609
1611 #EC 205 2
1612 #EA 1611 8
1613 #EA 1612 5
1614 #EL #BI 18 5 1613
1615 #EL #BI 7 72 1614
#DEF 482 1610 1615 8
483 #NS 428 noConfusionType
484 #NS 0 P
1616 #EP #BD 76 1446 1535
1617 #EP #BD 484 72 1616
485 #NS 0 t'
1618 #EC 462 3
1619 #EL #BD 76 1446 72
1620 #EA 1618 1619
1621 #EA 1620 8
1622 #EA 1620 5
486 #NI 89 3636866298
487 #NS 486 _hygCtx
488 #NS 487 _hyg
489 #NI 488 5
1623 #EP #BD 489 10 82
1624 #EA 1622 1623
1625 #EA 1624 10
1626 #EA 1621 1625
1627 #EA 1622 10
1628 #EA 1627 1623
1629 #EA 1626 1628
1630 #EL #BD 485 1446 1629
1631 #EL #BD 76 1446 1630
1632 #EL #BD 484 72 1631
#DEF 483 1617 1632 8
490 #NS 204 ndrec
491 #NS 0 u2
23 #UP 491
1633 #ES 23
492 #NS 0 u1
24 #UP 492
1634 #ES 24
1635 #EP #BD 22 8 1634
1636 #EA 5 8
1637 #EC 204 23
1638 #EA 1637 121
1639 #EA 1638 82
1640 #EA 1639 5
1641 #EP #BD 188 1640 215
1642 #EP #BI 59 82 1641
1643 #EP #BD 28 1636 1642
1644 #EP #BI 75 1635 1643
1645 #EP #BI 18 5 1644
1646 #EP #BI 7 1633 1645
493 #NS 204 rec
1647 #EC 493 24 23
1648 #EA 1647 366
1649 #EA 1648 121
494 #NI 89 2055208596
495 #NS 494 _hygCtx
496 #NS 495 _hyg
497 #NI 496 17
498 #NI 496 16
1650 #EA 1637 698
1651 #EA 1650 366
1652 #EA 1651 5
1653 #EL #BD 498 1652 367
1654 #EL #BD 497 366 1653
1655 #EA 1649 1654
1656 #EA 1655 10
1657 #EA 1656 8
1658 #EA 1657 5
1659 #EL #BD 188 1640 1658
1660 #EL #BI 59 82 1659
1661 #EL #BD 28 1636 1660
1662 #EL #BI 75 1635 1661
1663 #EL #BI 18 5 1662
1664 #EL #BI 7 1633 1663
#DEF 490 1646 1664 492 491
499 #NS 428 noConfusion
500 #NS 0 eq
1665 #EC 204 1
1666 #EA 1665 1446
1667 #EA 1666 8
1668 #EA 1667 5
1669 #EC 483 2
1670 #EA 1669 82
1671 #EA 1670 10
1672 #EA 1671 8
1673 #EP #BD 500 1668 1672
1674 #EP #BI 485 1446 1673
1675 #EP #BI 76 1446 1674
1676 #EP #BI 484 72 1675
1677 #EC 490 2 1
1678 #EA 1677 1446
1679 #EA 1678 10
1680 #EA 1669 121
1681 #EA 1680 82
1682 #EA 1681 5
1683 #EL #BI 485 1446 1682
1684 #EA 1679 1683
1685 #EC 462 2
1686 #EA 1680 5
1687 #EA 1686 5
1688 #EL #BI 76 1446 1687
1689 #EA 1685 1688
1690 #EA 1689 10
501 #NS 0 k
1691 #EL #BD 501 82 5
1692 #EA 1690 1691
1693 #EA 1692 1691
1694 #EA 1684 1693
1695 #EA 1694 8
1696 #EA 1695 5
1697 #EL #BD 500 1668 1696
1698 #EL #BI 485 1446 1697
1699 #EL #BI 76 1446 1698
1700 #EL #BI 484 72 1699
#DEF 499 1676 1700 8
1701 #EA 1357 1668
1702 #EP #BD 59 1446 1701
1703 #EP #BD 18 1446 1702
1704 #EC 467 1
1705 #EL #BD 480 1446 1701
1706 #EL #BD 473 1446 1705
1707 #EA 1704 1706
1708 #EA 1707 8
1709 #EA 1708 5
1710 #EA 1666 1509
1711 #EA 1710 1509
1712 #EA 1372 1711
1713 #EC 482 1
1714 #EA 1713 1446
1715 #EA 1714 1509
1716 #EA 1712 1715
1717 #EL #BD 173 333 1716
1718 #EA 1709 1717
1719 #EA 1710 1504
1720 #EA 1367 1719
1721 #EC 499 0
1722 #EA 1721 1352
1723 #EA 1722 1509
1724 #EA 1723 1504
1725 #EA 1724 5
1726 #EL #BD 188 1719 1725
1727 #EA 1720 1726
1728 #EL #BD 173 333 1727
1729 #EA 1718 1728
1730 #EA 1666 1504
1731 #EA 1730 1509
1732 #EA 1367 1731
1733 #EA 1722 1504
1734 #EA 1733 1509
1735 #EA 1734 5
1736 #EL #BD 188 1731 1735
1737 #EA 1732 1736
1738 #EL #BD 173 333 1737
1739 #EA 1729 1738
1740 #EA 1730 1504
1741 #EA 1372 1740
1742 #EA 1714 1504
1743 #EA 1741 1742
1744 #EL #BD 173 333 1743
1745 #EA 1739 1744
1746 #EL #BD 59 1446 1745
1747 #EL #BD 18 1446 1746
#DEF 466 1703 1747 
502 #NS 0 instDecidableEqBool
1748 #EC 461 1
1749 #EA 1748 1446
1750 #EC 466 
#DEF 502 1749 1750 
503 #NS 404 elim
504 #NS 0 C
1751 #EP #BD 188 1352 8
1752 #EP #BI 504 72 1751
505 #NS 404 rec
1753 #EC 505 2
506 #NI 89 2135250726
507 #NS 506 _hygCtx
508 #NS 507 _hyg
509 #NI 508 6
1754 #EL #BD 509 1352 10
1755 #EA 1753 1754
1756 #EA 1755 5
1757 #EL #BD 188 1352 1756
1758 #EL #BI 504 72 1757
#DEF 503 1752 1758 8
510 #NS 204 casesOn
1759 #EA 626 10
1760 #EA 1759 8
1761 #EA 1760 5
1762 #EP #BD 76 1761 72
1763 #EP #BD 22 8 1762
1764 #EA 626 82
1765 #EA 1764 10
1766 #EA 1765 5
511 #NS 0 refl
1767 #EC 205 11
1768 #EA 1767 121
1769 #EA 1768 82
1770 #EA 1469 1769
1771 #EP #BD 511 1770 756
1772 #EP #BD 76 1766 1771
1773 #EP #BI 22 10 1772
1774 #EP #BI 75 1763 1773
1775 #EP #BI 22 5 1774
1776 #EP #BI 7 335 1775
1777 #EC 493 2 11
1778 #EA 1777 366
1779 #EA 1778 121
1780 #EA 1779 82
1781 #EA 1780 5
1782 #EA 1781 10
1783 #EA 1782 8
1784 #EL #BD 511 1770 1783
1785 #EL #BD 76 1766 1784
1786 #EL #BI 22 10 1785
1787 #EL #BI 75 1763 1786
1788 #EL #BI 22 5 1787
1789 #EL #BI 7 335 1788
#DEF 510 1776 1789 8 49
512 #NS 0 HEq
513 #NS 512 refl
1790 #EC 512 2
1791 #EA 1790 8
1792 #EA 1791 5
1793 #EA 1792 8
1794 #EA 1793 5
1795 #EP #BD 18 5 1794
1796 #EP #BI 7 72 1795
1797 #EP #BD 22 5 20
1798 #EP #BI 38 72 1797
1799 #EP #BD 22 5 1798
1800 #EP #BI 7 72 1799
#IND 2 512 1800 1 513 1796 8
514 #NS 0 True
515 #NS 514 intro
1801 #EC 514 
#IND 0 514 20 1 515 1801 
516 #NS 1 beq
517 #NS 516 match_1
518 #NI 89 2408276647
519 #NS 518 _hygCtx
520 #NI 519 13
521 #NS 520 Init
522 #NS 521 Prelude
523 #NI 522 2408276647
524 #NS 523 _hygCtx
525 #NS 524 _hyg
526 #NI 525 32
527 #NI 519 14
528 #NS 527 Init
529 #NS 528 Prelude
530 #NI 529 2408276647
531 #NS 530 _hygCtx
532 #NS 531 _hyg
533 #NI 532 35
1802 #EA 1447 245
1803 #EP #BD 0 333 1802
534 #NI 116 2408276647
535 #NS 534 _hygCtx
536 #NS 535 _hyg
537 #NI 536 53
1804 #EA 121 245
1805 #EA 1804 313
1806 #EP #BD 537 0 1805
538 #NI 536 65
1807 #EA 366 313
1808 #EA 1807 245
1809 #EP #BD 538 0 1808
1810 #EA 1471 313
1811 #EP #BD 28 0 1810
1812 #EP #BD 4 0 1811
1813 #EP #BD 481 1812 1566
1814 #EP #BD 455 1809 1813
1815 #EP #BD 113 1806 1814
1816 #EP #BD 112 1803 1815
1817 #EP #BD 533 0 1816
1818 #EP #BD 526 0 1817
1819 #EP #BD 75 363 1818
1820 #EL #BD 86 0 1576
1821 #EA 349 1820
1822 #EA 1821 366
1823 #EA 860 245
1824 #EA 1823 5
1825 #EL #BD 86 0 1824
1826 #EA 349 1825
1827 #EA 1826 121
1828 #EA 1827 1585
539 #NI 536 91
1829 #EL #BD 539 0 237
1830 #EA 1828 1829
1831 #EA 1822 1830
540 #NI 536 90
1832 #EA 910 43
1833 #EA 1832 5
1834 #EL #BD 86 0 1833
1835 #EA 349 1834
1836 #EA 1835 366
1837 #EA 1836 1386
1838 #EA 1837 1477
1839 #EL #BD 540 0 1838
1840 #EA 1831 1839
1841 #EL #BD 481 1812 1840
1842 #EL #BD 455 1809 1841
1843 #EL #BD 113 1806 1842
1844 #EL #BD 112 1803 1843
1845 #EL #BD 533 0 1844
1846 #EL #BD 526 0 1845
1847 #EL #BD 75 363 1846
#DEF 517 1819 1847 49
541 #NS 519 _hyg
542 #NI 541 13
543 #NI 541 14
1848 #EC 517 1
1849 #EA 1848 1499
1850 #EA 1849 10
1851 #EA 1850 5
1852 #EL #BD 173 333 1505
1853 #EA 1851 1852
544 #NI 541 93
1854 #EL #BD 544 1503 1509
1855 #EL #BD 537 0 1854
1856 #EA 1853 1855
1857 #EA 1856 1511
1858 #EA 1857 1516
1859 #EA 1858 8
1860 #EL #BD 543 0 1859
1861 #EL #BD 82 1494 1860
1862 #EL #BD 542 0 1861
1863 #EA 1492 1862
1864 #EA 1863 5
1865 #EL #BD 543 0 1864
1866 #EL #BD 542 0 1865
#DEF 516 1488 1866 
545 #NS 0 _private
546 #NS 545 Init
547 #NS 546 Prelude
548 #NI 547 0
549 #NS 548 noConfusion_of_Nat
550 #NS 549 aux
551 #NS 550 match_1_1
552 #NI 89 3715277255
553 #NS 552 _hygCtx
554 #NI 553 13
555 #NS 554 Init
556 #NS 555 Prelude
557 #NI 556 3715277255
558 #NS 557 _hygCtx
559 #NS 558 _hyg
560 #NI 559 24
1867 #EP #BD 0 333 246
1868 #EP #BD 112 1867 317
1869 #EP #BD 560 0 1868
1870 #EP #BD 75 48 1869
1871 #EC 97 0
1872 #EA 1871 350
1873 #EA 1872 10
1874 #EA 1873 354
1875 #EA 1874 357
1876 #EL #BD 113 315 1875
1877 #EL #BD 112 1867 1876
1878 #EL #BD 560 0 1877
1879 #EL #BD 75 48 1878
#DEF 551 1870 1879 
1880 #EC 465 1
561 #NS 553 _hyg
562 #NI 561 10
1881 #EL #BD 562 1446 20
1882 #EA 1880 1881
1883 #EA 1882 1352
1884 #EA 1883 1801
1885 #EC 516 
1886 #EA 1885 5
1887 #EA 1886 5
1888 #EA 1884 1887
1889 #EP #BD 18 0 1888
563 #NI 561 13
1890 #EC 79 0
1891 #EL #BD 563 0 1888
1892 #EA 1890 1891
1893 #EA 1892 5
1894 #EC 74 0
1895 #EA 1894 1891
1896 #EA 1895 5
1897 #EC 551 
564 #NI 561 40
1898 #EA 1885 8
1899 #EA 1898 8
1900 #EA 1884 1899
1901 #EP #BD 564 1896 1900
1902 #EL #BD 560 0 1901
1903 #EA 1897 1902
1904 #EA 1903 8
1905 #EA 1895 245
1906 #EC 515 
1907 #EL #BD 564 1905 1906
1908 #EL #BD 173 333 1907
1909 #EA 1904 1908
1910 #EA 1895 313
1911 #EL #BD 564 1910 425
1912 #EL #BD 4 0 1911
1913 #EA 1909 1912
1914 #EA 1913 5
1915 #EL #BD 82 1896 1914
1916 #EL #BD 563 0 1915
1917 #EA 1893 1916
1918 #EL #BD 563 0 1917
#DEF 550 1889 1918 
565 #NS 0 congrArg
566 #NS 0 a₁
567 #NS 0 a₂
1919 #EA 1527 121
1920 #EA 1919 10
1921 #EA 1920 8
1922 #EC 204 4
1923 #EA 1922 121
1924 #EA 1923 383
1925 #EA 1924 796
1926 #EP #BD 188 1921 1925
1927 #EP #BD 82 97 1926
1928 #EP #BI 567 10 1927
1929 #EP #BI 566 8 1928
1930 #EP #BI 38 194 1929
1931 #EP #BI 7 72 1930
1932 #EC 493 0 2
1933 #EA 1932 366
1934 #EA 1933 82
568 #NI 89 2375064143
569 #NS 568 _hygCtx
570 #NS 569 _hyg
571 #NI 570 24
572 #NS 188 _@
573 #NS 572 Init
574 #NS 573 Prelude
575 #NI 574 2375064143
576 #NS 575 _hygCtx
577 #NS 576 _hyg
578 #NI 577 25
1935 #EA 1527 698
1936 #EA 1935 121
1937 #EA 1936 5
1938 #EA 1922 698
1939 #EA 82 366
1940 #EA 1938 1939
1941 #EA 1940 215
1942 #EL #BD 578 1937 1941
1943 #EL #BD 571 366 1942
1944 #EA 1934 1943
1945 #EC 482 4
1946 #EA 1945 121
1947 #EA 1946 383
1948 #EA 1944 1947
1949 #EA 1948 10
1950 #EA 1949 5
1951 #EL #BD 188 1921 1950
1952 #EL #BD 82 97 1951
1953 #EL #BI 567 10 1952
1954 #EL #BI 566 8 1953
1955 #EL #BI 38 194 1954
1956 #EL #BI 7 72 1955
#DEF 565 1931 1956 8 39
579 #NS 0 noConfusion_of_Nat
1957 #EP #BD 22 5 0
1958 #EA 1527 82
1959 #EA 1958 8
1960 #EA 1959 5
1961 #EA 1885 316
1962 #EA 1961 215
1963 #EA 1884 1962
1964 #EP #BD 188 1960 1963
1965 #EP #BI 59 10 1964
1966 #EP #BI 18 8 1965
1967 #EP #BD 82 1957 1966
1968 #EP #BI 7 72 1967
1969 #EC 493 0 1
1970 #EA 1969 0
1971 #EA 1970 316
580 #NI 89 3843949109
581 #NS 580 _hygCtx
582 #NS 581 _hyg
583 #NI 582 35
584 #NI 574 3843949109
585 #NS 584 _hygCtx
586 #NS 585 _hyg
587 #NI 586 36
1972 #EA 1665 0
1973 #EA 1972 371
1974 #EA 1973 5
1975 #EA 1885 378
1976 #EA 1975 8
1977 #EA 1884 1976
1978 #EL #BD 587 1974 1977
1979 #EL #BD 583 0 1978
1980 #EA 1971 1979
1981 #EC 550 
1982 #EA 1981 316
1983 #EA 1980 1982
1984 #EA 1983 215
1985 #EC 565 2 1
1986 #EA 1985 121
1987 #EA 1986 0
1988 #EA 1987 10
1989 #EA 1988 8
1990 #EA 1989 82
1991 #EA 1990 5
1992 #EA 1984 1991
1993 #EL #BD 188 1960 1992
1994 #EL #BI 59 10 1993
1995 #EL #BI 18 8 1994
1996 #EL #BD 82 1957 1995
1997 #EL #BI 7 72 1996
#DEF 579 1968 1997 8
588 #NS 428 ctorIdx
589 #NI 89 2068713569
590 #NS 589 _hygCtx
591 #NS 590 _hyg
592 #NI 591 3
1998 #EP #BD 592 1446 0
1999 #EC 462 1
2000 #EL #BD 86 1446 0
2001 #EA 1999 2000
2002 #EA 2001 5
2003 #EA 2002 339
2004 #EA 2003 474
2005 #EL #BD 86 1446 2004
#DEF 588 1998 2005 
593 #NS 548 Nat
594 #NS 593 le_of_ble_eq_true
595 #NS 594 match_1_1
596 #NI 116 3694838799
597 #NS 596 _hygCtx
598 #NS 597 _hyg
599 #NI 598 27
600 #NS 28 _@
601 #NS 600 Init
602 #NS 601 Prelude
603 #NI 602 3694838799
604 #NS 603 _hygCtx
605 #NS 604 _hyg
606 #NI 605 29
2006 #EC 431 
2007 #EA 2006 8
2008 #EA 2007 5
2009 #EA 1666 2008
2010 #EA 2009 1504
2011 #EP #BD 188 2010 20
2012 #EP #BD 606 0 2011
2013 #EP #BD 599 0 2012
607 #NI 89 3694838799
608 #NS 607 _hygCtx
609 #NS 608 _hyg
610 #NI 609 43
2014 #EA 2006 343
2015 #EA 2014 5
2016 #EA 1666 2015
2017 #EA 2016 1504
2018 #EA 366 343
2019 #EA 2018 8
2020 #EA 2019 5
2021 #EP #BD 188 2017 2020
2022 #EP #BD 610 0 2021
611 #NI 598 59
612 #NI 598 58
2023 #EA 2006 43
2024 #EA 2023 313
2025 #EA 1666 2024
2026 #EA 2025 1504
2027 #EA 42 10
2028 #EA 860 2027
2029 #EA 2028 43
2030 #EA 2029 5
2031 #EP #BD 188 2026 2030
2032 #EP #BD 612 0 2031
2033 #EP #BD 611 0 2032
2034 #EA 1457 10
2035 #EP #BD 113 2033 2034
2036 #EP #BD 112 2022 2035
2037 #EP #BD 188 2010 2036
2038 #EP #BD 606 0 2037
2039 #EP #BD 599 0 2038
2040 #EP #BD 75 2013 2039
2041 #EA 2006 5
2042 #EA 2041 121
2043 #EA 1666 2042
2044 #EA 2043 1504
2045 #EA 860 8
2046 #EA 2045 366
2047 #EA 2046 5
2048 #EP #BD 188 2044 2047
2049 #EL #BD 86 0 2048
2050 #EA 1871 2049
2051 #EA 2050 121
2052 #EA 2006 245
2053 #EA 2052 82
2054 #EA 1666 2053
2055 #EA 2054 1504
2056 #EA 10 121
2057 #EA 2056 5
2058 #EL #BD 188 2055 2057
2059 #EA 2051 2058
613 #NI 598 71
2060 #EA 2006 313
2061 #EA 2060 121
2062 #EA 1666 2061
2063 #EA 2062 1504
2064 #EA 2006 2027
2065 #EA 2064 5
2066 #EA 1666 2065
2067 #EA 2066 1504
2068 #EA 42 82
2069 #EA 911 2068
2070 #EA 2069 8
2071 #EA 2070 5
2072 #EP #BD 188 2067 2071
2073 #EL #BD 86 0 2072
2074 #EA 1871 2073
2075 #EA 2074 366
2076 #EA 2023 245
2077 #EA 1666 2076
2078 #EA 2077 1504
2079 #EC 503 0
2080 #EA 910 2027
2081 #EA 2080 245
2082 #EA 2081 5
2083 #EA 2079 2082
2084 #EC 510 0 1
2085 #EA 2084 1446
2086 #EA 2064 245
2087 #EA 2085 2086
2088 #EA 2006 2068
2089 #EA 2088 245
2090 #EA 1666 2089
2091 #EA 2090 5
2092 #EA 1730 8
2093 #EC 512 0
2094 #EA 42 366
2095 #EA 2006 2094
2096 #EA 2095 245
2097 #EA 1666 2096
2098 #EA 2097 1504
2099 #EA 2093 2098
2100 #EA 2099 82
2101 #EA 2097 10
2102 #EA 2100 2101
2103 #EA 2102 8
2104 #EP #BD 188 2103 1352
2105 #EP #BD 188 2092 2104
2106 #EL #BD 86 2091 2105
2107 #EL #BD 22 1446 2106
2108 #EA 2087 2107
2109 #EA 2108 1504
2110 #EA 2109 5
614 #NI 574 3694838799
615 #NS 614 _hygCtx
616 #NS 615 _hyg
617 #NI 616 73
2111 #EA 1730 2086
2112 #EA 2090 1504
2113 #EA 2093 2112
2114 #EA 2113 8
2115 #EA 2090 2089
2116 #EA 2114 2115
2117 #EC 205 1
2118 #EA 2117 1446
2119 #EA 2118 2089
2120 #EA 2116 2119
2121 #EP #BD 188 2120 1352
2122 #EA 2079 2121
2123 #EC 579 1
2124 #EA 2123 1446
2125 #EC 588 
2126 #EA 2124 2125
2127 #EA 2126 1504
2128 #EA 2127 1509
2129 #EA 2128 5
2130 #EA 2122 2129
2131 #EL #BD 617 2111 2130
2132 #EA 2110 2131
2133 #EA 2118 1504
2134 #EA 2132 2133
2135 #EC 513 0
2136 #EA 1666 2086
2137 #EA 2136 1504
2138 #EA 2135 2137
2139 #EA 2138 5
2140 #EA 2134 2139
2141 #EA 2083 2140
2142 #EL #BD 188 2078 2141
2143 #EA 2075 2142
618 #NI 598 72
2144 #EA 2064 313
2145 #EA 1666 2144
2146 #EA 2145 1504
2147 #EA 371 8
2148 #EA 2147 5
2149 #EL #BD 188 2146 2148
2150 #EL #BD 618 0 2149
2151 #EA 2143 2150
2152 #EA 2151 5
2153 #EL #BD 188 2063 2152
2154 #EL #BD 613 0 2153
2155 #EA 2059 2154
2156 #EA 2155 10
2157 #EL #BD 113 2033 2156
2158 #EL #BD 112 2022 2157
2159 #EL #BD 188 2010 2158
2160 #EL #BD 606 0 2159
2161 #EL #BD 599 0 2160
2162 #EL #BD 75 2013 2161
#DEF 595 2040 2162 
619 #NS 593 zero_le
620 #NS 619 match_1_1
#DEF 620 1870 1879 
621 #NS 1 zero_le
2163 #EC 425 0
2164 #EA 2163 0
2165 #EC 426 
2166 #EA 2164 2165
2167 #EA 2166 343
2168 #EA 2167 5
2169 #EP #BD 4 0 2168
622 #NI 89 800929555
623 #NS 622 _hygCtx
624 #NS 623 _hyg
625 #NI 624 7
2170 #EL #BD 625 0 2168
2171 #EA 1890 2170
2172 #EA 2171 5
2173 #EA 1894 2170
2174 #EA 2173 5
2175 #EC 620 
626 #NI 623 7
627 #NS 626 Init
628 #NS 627 Prelude
629 #NI 628 800929555
630 #NS 629 _hygCtx
631 #NS 630 _hyg
632 #NI 631 18
633 #NI 624 37
2176 #EA 2167 8
2177 #EP #BD 633 2174 2176
2178 #EL #BD 632 0 2177
2179 #EA 2175 2178
2180 #EA 2179 8
2181 #EA 2173 245
2182 #EC 26 
2183 #EA 2182 343
2184 #EL #BD 633 2181 2183
2185 #EL #BD 173 333 2184
2186 #EA 2180 2185
2187 #EA 2173 313
2188 #EC 27 
2189 #EA 2188 343
2190 #EA 2189 8
2191 #EA 2190 425
2192 #EL #BD 633 2187 2191
2193 #EL #BD 4 0 2192
2194 #EA 2186 2193
2195 #EA 2194 5
2196 #EL #BD 82 2174 2195
2197 #EL #BD 625 0 2196
2198 #EA 2172 2197
2199 #EL #BD 625 0 2198
#DEF 621 2169 2199 
634 #NS 25 below
635 #NS 634 refl
2200 #EP #BD 76 40 20
2201 #EP #BD 22 0 2200
2202 #EC 634 
2203 #EA 2202 8
2204 #EA 2203 5
2205 #EA 2204 8
2206 #EA 2182 8
2207 #EA 2205 2206
2208 #EP #BI 75 2201 2207
2209 #EP #BI 4 0 2208
636 #NS 634 step
2210 #EA 41 5
637 #NS 0 ih
638 #NS 637 _@
639 #NS 638 Init
640 #NS 639 Prelude
641 #NI 640 3619057954
642 #NS 641 _hygCtx
643 #NS 642 _hyg
644 #NI 643 20
2211 #EA 2202 82
2212 #EA 2211 10
2213 #EA 2212 8
2214 #EA 2213 5
645 #NS 0 a_ih
646 #NS 645 _@
647 #NS 646 _internal
648 #NS 647 _hyg
649 #NI 648 0
2215 #EA 2202 366
2216 #EA 2215 121
2217 #EA 2216 2068
2218 #EA 2188 366
2219 #EA 2218 82
2220 #EA 2219 10
2221 #EA 2217 2220
2222 #EP #BD 649 756 2221
2223 #EP #BD 644 2214 2222
2224 #EP #BD 22 2210 2223
2225 #EP #BI 28 0 2224
2226 #EP #BI 75 2201 2225
2227 #EP #BI 4 0 2226
2228 #EP #BD 76 2210 20
2229 #EP #BI 22 0 2228
2230 #EP #BI 75 2201 2229
2231 #EP #BI 4 0 2230
#IND 2 634 2231 2 635 2209 636 2227 
650 #NS 25 brecOn
2232 #EA 35 121
2233 #EA 2232 5
651 #NI 89 3619057954
652 #NS 651 _hygCtx
653 #NS 652 _hyg
654 #NI 653 21
2234 #EA 2216 8
2235 #EA 2234 5
2236 #EA 366 10
2237 #EA 2236 8
2238 #EP #BD 654 2235 2237
2239 #EP #BD 76 2233 2238
2240 #EP #BD 22 0 2239
2241 #EP #BD 81 2240 756
2242 #EP #BD 76 2210 2241
2243 #EP #BI 22 0 2242
2244 #EP #BI 75 2201 2243
2245 #EP #BI 4 0 2244
2246 #EA 5 10
2247 #EA 2246 8
655 #NS 25 rec
2248 #EC 655 
2249 #EA 2248 121
2250 #EA 2202 121
2251 #EA 2250 82
2252 #EA 2249 2251
2253 #EC 635 
2254 #EA 2253 121
2255 #EA 2254 82
2256 #EA 2252 2255
2257 #EA 35 366
2258 #EA 2257 5
656 #NI 643 22
2259 #EA 2202 698
2260 #EA 2259 366
2261 #EA 2260 8
2262 #EA 2261 5
2263 #EC 636 
2264 #EA 2263 860
2265 #EA 2264 698
2266 #EA 2265 10
2267 #EA 2266 8
2268 #EA 2267 5
2269 #EA 756 5
2270 #EA 2268 2269
2271 #EL #BD 656 2262 2270
2272 #EL #BD 22 2258 2271
2273 #EL #BI 28 0 2272
2274 #EA 2256 2273
2275 #EA 2274 10
2276 #EA 2275 8
2277 #EA 2247 2276
2278 #EL #BD 81 2240 2277
2279 #EL #BD 76 2210 2278
2280 #EL #BI 22 0 2279
2281 #EL #BI 75 2201 2280
2282 #EL #BI 4 0 2281
#DEF 650 2245 2282 
657 #NS 634 casesOn
2283 #EP #BD 76 2214 20
2284 #EP #BD 76 2210 2283
2285 #EP #BI 22 0 2284
2286 #EA 35 82
2287 #EA 2286 5
2288 #EA 2251 8
2289 #EA 2288 5
2290 #EA 2182 366
2291 #EA 1939 2290
2292 #EA 2253 366
2293 #EA 2292 121
2294 #EA 2291 2293
658 #NS 0 step
2295 #EA 35 860
2296 #EA 2295 5
2297 #EA 2202 910
2298 #EA 2297 860
2299 #EA 2298 8
2300 #EA 2299 5
2301 #EA 910 10
2302 #EA 2301 8
2303 #EA 910 2068
2304 #EA 2188 939
2305 #EA 2304 82
2306 #EA 2305 10
2307 #EA 2303 2306
2308 #EA 2263 939
2309 #EA 2308 911
2310 #EA 2309 82
2311 #EA 2310 10
2312 #EA 2311 8
2313 #EA 2312 5
2314 #EA 2307 2313
2315 #EP #BD 649 2302 2314
2316 #EP #BD 644 2300 2315
2317 #EP #BD 22 2296 2316
2318 #EP #BI 28 0 2317
2319 #EP #BD 658 2318 2034
2320 #EP #BD 511 2294 2319
2321 #EP #BD 76 2289 2320
2322 #EP #BI 76 2287 2321
2323 #EP #BI 22 0 2322
2324 #EP #BI 75 2285 2323
2325 #EP #BI 75 2201 2324
2326 #EP #BI 4 0 2325
659 #NS 634 rec
2327 #EC 659 
2328 #EA 2327 860
2329 #EA 2328 698
2330 #EA 2329 366
2331 #EA 2330 8
2332 #EA 35 910
2333 #EA 2332 5
2334 #EA 2202 911
2335 #EA 2334 910
2336 #EA 2335 8
2337 #EA 2336 5
2338 #EA 911 10
2339 #EA 2338 8
660 #NS 0 ih_ih
661 #NS 660 _@
662 #NS 661 Init
663 #NS 662 Prelude
664 #NI 663 3619057954
665 #NS 664 _hygCtx
666 #NS 665 _hyg
667 #NI 666 20
2340 #EA 911 82
2341 #EA 2340 10
2342 #EA 2341 8
2343 #EA 2034 8
2344 #EL #BD 667 2342 2343
2345 #EL #BD 649 2339 2344
2346 #EL #BD 644 2337 2345
2347 #EL #BD 22 2333 2346
2348 #EL #BI 28 0 2347
2349 #EA 2331 2348
2350 #EA 2349 121
2351 #EA 2350 82
2352 #EA 2351 10
2353 #EL #BD 658 2318 2352
2354 #EL #BD 511 2294 2353
2355 #EL #BD 76 2289 2354
2356 #EL #BI 76 2287 2355
2357 #EL #BI 22 0 2356
2358 #EL #BI 75 2285 2357
2359 #EL #BI 75 2201 2358
2360 #EL #BI 4 0 2359
#DEF 657 2326 2360 
668 #NS 204 symm
2361 #EA 1959 10
2362 #EP #BD 188 1530 2361
2363 #EP #BI 59 8 2362
2364 #EP #BI 18 5 2363
2365 #EP #BI 7 72 2364
2366 #EA 1932 82
2367 #EA 2366 10
669 #NI 89 2345006592
670 #NS 669 _hygCtx
671 #NS 670 _hyg
672 #NI 671 14
673 #NI 574 2345006592
674 #NS 673 _hygCtx
675 #NS 674 _hyg
676 #NI 675 15
2368 #EA 1919 82
2369 #EA 2368 5
2370 #EA 1527 366
2371 #EA 2370 8
2372 #EA 2371 121
2373 #EL #BD 676 2369 2372
2374 #EL #BD 672 82 2373
2375 #EA 2367 2374
2376 #EC 482 2
2377 #EA 2376 82
2378 #EA 2377 10
2379 #EA 2375 2378
2380 #EA 2379 8
2381 #EA 2380 5
2382 #EL #BD 188 1530 2381
2383 #EL #BI 59 8 2382
2384 #EL #BI 18 5 2383
2385 #EL #BI 7 72 2384
#DEF 668 2365 2385 8
677 #NS 0 cast
2386 #EC 204 3
2387 #EA 2386 72
2388 #EA 2387 8
2389 #EA 2388 5
2390 #EP #BD 188 2389 79
2391 #EP #BI 38 72 2390
2392 #EP #BI 7 72 2391
2393 #EC 493 2 3
2394 #EA 2393 72
2395 #EA 2394 82
678 #NI 89 135197979
679 #NS 678 _hygCtx
680 #NS 679 _hyg
681 #NI 680 11
682 #NI 680 10
2396 #EA 2387 121
2397 #EA 2396 5
2398 #EL #BD 682 2397 8
2399 #EL #BD 681 72 2398
2400 #EA 2395 2399
2401 #EA 2400 5
2402 #EA 2401 10
2403 #EA 2402 8
2404 #EL #BD 18 10 2403
2405 #EL #BD 188 2389 2404
2406 #EL #BI 38 72 2405
2407 #EL #BI 7 72 2406
#DEF 677 2392 2407 8
683 #NS 0 eq_of_heq
684 #NS 0 a'
2408 #EA 1790 10
2409 #EA 2408 8
2410 #EA 2409 10
2411 #EA 2410 5
2412 #EA 1958 10
2413 #EA 2412 8
2414 #EP #BD 188 2411 2413
2415 #EP #BI 684 8 2414
2416 #EP #BI 18 5 2415
2417 #EP #BI 7 72 2416
685 #NS 0 this
2418 #EA 1790 82
2419 #EA 2418 8
2420 #EA 2419 10
2421 #EA 2420 5
2422 #EA 2396 82
2423 #EC 677 2
2424 #EA 2423 366
2425 #EA 2424 121
2426 #EA 2425 5
2427 #EA 2426 82
2428 #EA 1919 2427
2429 #EA 2428 10
2430 #EP #BD 188 2422 2429
2431 #EP #BD 22 2421 2430
2432 #EP #BD 59 8 2431
2433 #EP #BD 18 8 2432
2434 #EP #BD 38 72 2433
2435 #EP #BD 7 72 2434
686 #NI 89 2174674562
687 #NS 686 _hygCtx
688 #NS 687 _hyg
689 #NI 688 36
690 #NI 688 38
691 #NI 688 40
692 #NI 688 42
693 #NS 0 h₁
694 #NS 512 rec
2436 #EC 694 0 2
2437 #EA 2436 121
2438 #EA 2437 10
695 #NI 688 48
696 #NI 688 47
697 #NI 688 46
2439 #EA 1790 698
2440 #EA 2439 121
2441 #EA 2440 8
2442 #EA 2441 5
2443 #EA 2387 860
2444 #EA 2443 10
2445 #EA 2423 910
2446 #EA 2445 82
2447 #EA 2446 5
2448 #EA 2447 698
2449 #EA 1958 2448
2450 #EA 2449 10
2451 #EP #BD 188 2444 2450
2452 #EL #BD 697 2442 2451
2453 #EL #BD 696 5 2452
2454 #EL #BD 695 72 2453
2455 #EA 2438 2454
698 #NI 688 60
2456 #EA 2396 121
2457 #EA 2376 366
2458 #EA 2424 366
2459 #EA 2458 5
2460 #EA 2459 82
2461 #EA 2457 2460
2462 #EL #BD 698 2456 2461
2463 #EA 2455 2462
2464 #EA 2463 82
2465 #EA 2464 8
2466 #EA 2465 5
2467 #EL #BD 693 2421 2466
2468 #EL #BD 692 8 2467
2469 #EL #BD 691 8 2468
2470 #EL #BD 690 72 2469
2471 #EL #BD 689 72 2470
2472 #EA 5 121
2473 #EA 2472 121
2474 #EA 2473 82
2475 #EA 2474 10
2476 #EA 2475 8
2477 #EC 482 3
2478 #EA 2477 72
2479 #EA 2478 121
2480 #EA 2476 2479
2481 #EZ 685 2435 2471 2480
2482 #EL #BD 188 2411 2481
2483 #EL #BI 684 8 2482
2484 #EL #BI 18 5 2483
2485 #EL #BI 7 72 2484
#DEF 683 2417 2485 8
699 #NS 593 succ_le_succ
700 #NS 699 match_1_4
701 #NS 0 funType_1
702 #NI 89 2965355525
703 #NS 702 _hygCtx
704 #NS 703 _hyg
705 #NI 704 22
2486 #EA 2166 8
2487 #EA 2486 5
2488 #EP #BD 705 2487 20
2489 #EP #BI 28 0 2488
706 #NI 602 2965355525
707 #NS 706 _hygCtx
708 #NS 707 _hyg
709 #NI 708 39
710 #NI 703 22
711 #NS 710 Init
712 #NS 711 Prelude
713 #NI 712 2965355525
714 #NS 713 _hygCtx
715 #NS 714 _hyg
716 #NI 715 33
2490 #EA 2166 10
2491 #EA 2490 5
717 #NS 0 below
2492 #EA 2166 121
2493 #EA 2492 5
2494 #EA 257 5
2495 #EL #BD 705 2493 2494
2496 #EL #BI 28 0 2495
2497 #EA 2211 2496
2498 #EA 2497 8
2499 #EA 2498 5
2500 #EP #BD 717 2499 20
2501 #EP #BD 716 2491 2500
2502 #EP #BD 709 0 2501
2503 #EA 2166 82
2504 #EA 2503 5
2505 #EA 2166 366
2506 #EA 2505 5
2507 #EA 367 5
2508 #EL #BD 705 2506 2507
2509 #EL #BI 28 0 2508
2510 #EA 2250 2509
2511 #EA 2510 8
2512 #EA 2511 5
2513 #EA 121 698
2514 #EA 2182 698
2515 #EA 2513 2514
2516 #EA 2253 698
2517 #EA 2166 860
2518 #EA 2517 5
2519 #EA 2045 5
2520 #EL #BD 705 2518 2519
2521 #EL #BI 28 0 2520
2522 #EA 2516 2521
2523 #EA 2515 2522
2524 #EP #BD 0 333 2523
718 #NI 708 59
2525 #EA 2166 911
2526 #EA 2525 5
2527 #EA 911 8
2528 #EA 2527 5
2529 #EL #BD 705 2526 2528
2530 #EL #BI 28 0 2529
2531 #EA 2297 2530
2532 #EA 2531 8
2533 #EA 2532 5
2534 #EA 910 2068
2535 #EA 2534 2306
2536 #EV 11
2537 #EA 2166 2536
2538 #EA 2537 5
2539 #EA 2536 8
2540 #EA 2539 5
2541 #EL #BD 705 2538 2540
2542 #EL #BI 28 0 2541
2543 #EA 2308 2542
2544 #EA 2543 82
2545 #EA 2544 10
2546 #EA 2545 8
2547 #EA 2546 5
2548 #EA 2535 2547
2549 #EP #BD 649 2302 2548
2550 #EP #BD 644 2533 2549
2551 #EP #BD 188 2296 2550
2552 #EP #BD 718 0 2551
2553 #EP #BD 113 2552 2034
2554 #EP #BD 112 2524 2553
2555 #EP #BD 717 2512 2554
2556 #EP #BD 716 2504 2555
2557 #EP #BD 709 0 2556
2558 #EP #BD 75 2502 2557
2559 #EP #BD 701 2489 2558
2560 #EP #BI 4 0 2559
2561 #EA 2202 860
2562 #EA 2166 910
2563 #EA 2562 5
2564 #EA 910 8
2565 #EA 2564 5
2566 #EL #BD 705 2563 2565
2567 #EL #BI 28 0 2566
2568 #EA 2561 2567
2569 #EA 2568 121
2570 #EA 2569 82
2571 #EC 657 
2572 #EA 2571 910
2573 #EA 2572 2530
2574 #EA 35 911
2575 #EA 2574 5
2576 #EA 2202 939
2577 #EA 2576 2542
2578 #EA 2577 8
2579 #EA 2578 5
2580 #EA 1972 910
2581 #EA 2580 10
2582 #EV 12
2583 #EA 2166 2582
2584 #EA 2583 911
2585 #EA 2093 2584
2586 #EA 2585 910
2587 #EA 35 2582
2588 #EA 2587 82
2589 #EA 2586 2588
2590 #EA 2589 10
2591 #EV 13
2592 #EA 2202 2591
2593 #EV 14
2594 #EA 2166 2593
2595 #EA 2594 5
2596 #EA 2593 8
2597 #EA 2596 5
2598 #EL #BD 705 2595 2597
2599 #EL #BI 28 0 2598
2600 #EA 2592 2599
2601 #EA 2600 939
2602 #EA 2601 911
2603 #EA 2093 2602
2604 #EA 2603 910
2605 #EA 2600 121
2606 #EA 2605 82
2607 #EA 2604 2606
2608 #EA 2607 10
2609 #EA 2582 2536
2610 #EA 2609 939
2611 #EA 2610 911
2612 #EP #BD 188 2608 2611
2613 #EP #BD 188 2590 2612
2614 #EP #BD 188 2581 2613
2615 #EL #BD 86 2579 2614
2616 #EL #BD 76 2575 2615
2617 #EL #BI 22 0 2616
2618 #EA 2573 2617
2619 #EA 2618 366
2620 #EA 2619 121
2621 #EA 2620 5
719 #NI 574 2965355525
720 #NS 719 _hygCtx
721 #NS 720 _hyg
722 #NI 721 88
2622 #EA 1972 366
2623 #EA 2622 910
2624 #EC 490 0 1
2625 #EA 2624 0
2626 #EA 2625 911
2627 #EA 2166 939
2628 #EA 2627 5
2629 #EA 2202 2536
2630 #EA 2583 5
2631 #EA 2582 8
2632 #EA 2631 5
2633 #EL #BD 705 2630 2632
2634 #EL #BI 28 0 2633
2635 #EA 2629 2634
2636 #EA 2635 8
2637 #EA 2636 5
2638 #EA 2583 10
2639 #EA 2093 2638
2640 #EA 2639 8
2641 #EA 2587 2582
2642 #EA 2640 2641
2643 #EA 2182 2582
2644 #EA 2642 2643
2645 #EA 2600 82
2646 #EA 2645 10
2647 #EA 2093 2646
2648 #EA 2647 8
2649 #EA 2600 2591
2650 #EA 2182 2591
2651 #EA 2649 2650
2652 #EA 2648 2651
2653 #EA 2253 2591
2654 #EA 2653 2599
2655 #EA 2652 2654
2656 #EA 2582 121
2657 #EA 2656 82
2658 #EA 2657 10
2659 #EP #BD 188 2655 2658
2660 #EP #BD 188 2644 2659
2661 #EP #BD 717 2637 2660
2662 #EP #BD 716 2628 2661
2663 #EL #BD 709 0 2662
2664 #EA 2626 2663
2665 #EA 2525 911
2666 #EA 2577 939
2667 #EA 2666 5
723 #NI 721 89
2668 #EA 2537 2536
2669 #EA 2093 2668
2670 #EA 2669 8
2671 #EA 35 2536
2672 #EA 2671 2536
2673 #EA 2670 2672
2674 #EA 2182 2536
2675 #EA 2673 2674
2676 #EC 490 0 0
2677 #EA 2583 2582
2678 #EA 2676 2677
2679 #EA 2678 2643
2680 #EA 2649 5
2681 #EA 2202 2593
2682 #EV 15
2683 #EA 2166 2682
2684 #EA 2683 5
2685 #EA 2682 8
2686 #EA 2685 5
2687 #EL #BD 705 2684 2686
2688 #EL #BI 28 0 2687
2689 #EA 2681 2688
2690 #EA 2689 2593
2691 #EA 2690 8
2692 #EA 2093 2691
2693 #EA 2692 5
2694 #EA 2182 2593
2695 #EA 2690 2694
2696 #EA 2693 2695
2697 #EA 2253 2593
2698 #EA 2697 2688
2699 #EA 2696 2698
2700 #EA 2591 2682
2701 #EA 2700 10
2702 #EA 2701 8
2703 #EP #BD 188 2699 2702
2704 #EP #BD 717 2680 2703
2705 #EL #BD 716 2677 2704
2706 #EA 2679 2705
2707 #EA 2202 2582
2708 #EA 2166 2591
2709 #EA 2708 5
2710 #EA 2591 8
2711 #EA 2710 5
2712 #EL #BD 705 2709 2711
2713 #EL #BI 28 0 2712
2714 #EA 2707 2713
2715 #EA 2714 2582
2716 #EA 2715 2643
724 #NI 721 91
2717 #EA 2093 2651
2718 #EA 2717 5
2719 #EA 2718 2651
2720 #EA 2719 2654
2721 #EA 2676 2695
2722 #EA 2721 2698
2723 #EA 2182 2682
2724 #EA 2700 2723
2725 #EA 2724 5
2726 #EL #BD 717 2695 2725
2727 #EA 2722 2726
2728 #EA 910 353
2729 #EA 2727 2728
2730 #EA 2729 8
2731 #EC 668 0
2732 #EA 2731 2695
2733 #EA 2732 8
2734 #EA 2733 2698
2735 #EC 683 0
2736 #EA 2735 2695
2737 #EA 2736 8
2738 #EA 2737 2698
2739 #EA 2738 5
2740 #EA 2734 2739
2741 #EA 2730 2740
2742 #EL #BD 724 2720 2741
2743 #EL #BD 717 2716 2742
2744 #EA 2706 2743
2745 #EA 2744 10
2746 #EA 2731 2677
2747 #EA 2746 10
2748 #EA 2747 2643
2749 #EA 2735 2677
2750 #EA 2749 10
2751 #EA 2750 2643
2752 #EA 2751 5
2753 #EA 2748 2752
2754 #EA 2745 2753
2755 #EA 2754 8
2756 #EL #BD 723 2675 2755
2757 #EL #BD 717 2667 2756
2758 #EL #BD 716 2665 2757
2759 #EA 2664 2758
2760 #EA 2759 698
2761 #EC 668 1
2762 #EA 2761 0
2763 #EA 2762 698
2764 #EA 2763 911
2765 #EA 2764 5
2766 #EA 2760 2765
2767 #EA 2766 366
2768 #EA 2767 121
2769 #EL #BD 722 2623 2768
2770 #EA 2621 2769
725 #NI 708 84
726 #NI 20 0
727 #NS 726 Init
728 #NS 727 Prelude
729 #NI 728 2965355525
730 #NS 729 _hygCtx
731 #NS 730 _hyg
732 #NI 731 85
733 #NI 642 20
734 #NS 733 Init
735 #NS 734 Prelude
736 #NI 735 2965355525
737 #NS 736 _hygCtx
738 #NS 737 _hyg
739 #NI 738 86
740 #NI 647 0
741 #NS 740 Init
742 #NS 741 Prelude
743 #NI 742 2965355525
744 #NS 743 _hygCtx
745 #NS 744 _hyg
746 #NI 745 87
2771 #EA 939 10
2772 #EA 2771 8
747 #NI 721 93
2773 #EA 1972 911
2774 #EA 2773 2068
2775 #EA 42 121
2776 #EA 2625 2775
2777 #EA 2202 2682
2778 #EV 16
2779 #EA 2166 2778
2780 #EA 2779 5
2781 #EA 2778 8
2782 #EA 2781 5
2783 #EL #BD 705 2780 2782
2784 #EL #BI 28 0 2783
2785 #EA 2777 2784
2786 #EA 2785 8
2787 #EA 2786 5
2788 #EA 2779 10
2789 #EA 2093 2788
2790 #EA 2789 8
2791 #EA 35 2778
2792 #EA 42 860
2793 #EA 2791 2792
2794 #EA 2790 2793
2795 #EA 2188 2778
2796 #EA 2795 860
2797 #EA 2796 698
2798 #EA 2794 2797
2799 #EV 17
2800 #EA 2202 2799
2801 #EV 18
2802 #EA 2166 2801
2803 #EA 2802 5
2804 #EA 2801 8
2805 #EA 2804 5
2806 #EL #BD 705 2803 2805
2807 #EL #BI 28 0 2806
2808 #EA 2800 2807
2809 #EA 2808 82
2810 #EA 2809 10
2811 #EA 2093 2810
2812 #EA 2811 8
2813 #EA 42 910
2814 #EA 2808 2813
2815 #EA 2188 2799
2816 #EA 2815 910
2817 #EA 2816 860
2818 #EA 2814 2817
2819 #EA 2812 2818
2820 #EA 2263 2799
2821 #EA 2820 2807
2822 #EA 2821 910
2823 #EA 2822 860
2824 #EA 2823 698
2825 #EA 2824 366
2826 #EA 2819 2825
2827 #EA 2778 121
2828 #EA 2827 82
2829 #EA 2828 10
2830 #EP #BD 188 2826 2829
2831 #EP #BD 188 2798 2830
2832 #EP #BD 717 2787 2831
2833 #EP #BD 716 2595 2832
2834 #EL #BD 709 0 2833
2835 #EA 2776 2834
2836 #EA 2708 2775
2837 #EA 2689 2094
2838 #EA 2837 5
748 #NI 721 94
2839 #EA 42 698
2840 #EA 2683 2839
2841 #EA 2093 2840
2842 #EA 2841 8
2843 #EA 35 2682
2844 #EA 2843 2839
2845 #EA 2842 2844
2846 #EA 2188 2682
2847 #EA 2846 698
2848 #EA 2847 366
2849 #EA 2845 2848
2850 #EA 2779 2792
2851 #EA 2676 2850
2852 #EA 2851 2797
2853 #EA 2814 5
2854 #EA 2202 2801
2855 #EV 19
2856 #EA 2166 2855
2857 #EA 2856 5
2858 #EA 2855 8
2859 #EA 2858 5
2860 #EL #BD 705 2857 2859
2861 #EL #BI 28 0 2860
2862 #EA 2854 2861
2863 #EA 42 911
2864 #EA 2862 2863
2865 #EA 2864 8
2866 #EA 2093 2865
2867 #EA 2866 5
2868 #EA 2188 2801
2869 #EA 2868 911
2870 #EA 2869 910
2871 #EA 2864 2870
2872 #EA 2867 2871
2873 #EA 2263 2801
2874 #EA 2873 2861
2875 #EA 2874 911
2876 #EA 2875 910
2877 #EA 2876 860
2878 #EA 2877 698
2879 #EA 2872 2878
2880 #EA 42 939
2881 #EA 2799 2880
2882 #EA 2881 10
2883 #EA 2882 8
2884 #EP #BD 188 2879 2883
2885 #EP #BD 717 2853 2884
2886 #EL #BD 716 2850 2885
2887 #EA 2852 2886
2888 #EA 2202 2778
2889 #EA 2166 2799
2890 #EA 2889 5
2891 #EA 2799 8
2892 #EA 2891 5
2893 #EL #BD 705 2890 2892
2894 #EL #BI 28 0 2893
2895 #EA 2888 2894
2896 #EA 2895 2792
2897 #EA 2896 2797
749 #NI 721 96
2898 #EA 2093 2818
2899 #EA 2898 5
2900 #EA 2899 2818
2901 #EA 2900 2825
2902 #EA 2676 2871
2903 #EA 2902 2878
2904 #EA 2188 2855
2905 #EA 2904 939
2906 #EA 2905 911
2907 #EA 2881 2906
2908 #EA 2907 5
2909 #EL #BD 717 2871 2908
2910 #EA 2903 2909
2911 #EA 2536 911
2912 #EA 2911 910
2913 #EA 2912 860
2914 #EA 2913 698
2915 #EA 2910 2914
2916 #EA 2915 8
2917 #EA 2731 2871
2918 #EA 2917 8
2919 #EA 2918 2878
2920 #EA 2735 2871
2921 #EA 2920 8
2922 #EA 2921 2878
2923 #EA 2922 5
2924 #EA 2919 2923
2925 #EA 2916 2924
2926 #EL #BD 749 2901 2925
2927 #EL #BD 717 2897 2926
2928 #EA 2887 2927
2929 #EA 2928 10
2930 #EA 2731 2850
2931 #EA 2930 10
2932 #EA 2931 2797
2933 #EA 2735 2850
2934 #EA 2933 10
2935 #EA 2934 2797
2936 #EA 2935 5
2937 #EA 2932 2936
2938 #EA 2929 2937
2939 #EA 2938 8
2940 #EL #BD 748 2849 2939
2941 #EL #BD 717 2838 2940
2942 #EL #BD 716 2836 2941
2943 #EA 2835 2942
2944 #EA 2943 939
2945 #EA 2762 939
2946 #EA 2945 2775
2947 #EA 2946 5
2948 #EA 2944 2947
2949 #EA 2948 911
2950 #EA 2949 910
2951 #EL #BD 747 2774 2950
2952 #EL #BD 746 2772 2951
2953 #EL #BD 739 2579 2952
2954 #EL #BD 732 2575 2953
2955 #EL #BI 725 0 2954
2956 #EA 2770 2955
2957 #EL #BD 717 2570 2956
2958 #EA 2957 10
2959 #EA 2117 0
2960 #EA 2959 121
2961 #EA 2958 2960
2962 #EA 2517 121
2963 #EA 2135 2962
2964 #EA 2963 82
2965 #EA 2961 2964
2966 #EA 2135 2570
2967 #EA 2966 10
2968 #EA 2965 2967
2969 #EL #BD 113 2552 2968
2970 #EL #BD 112 2524 2969
2971 #EL #BD 717 2512 2970
2972 #EL #BD 716 2504 2971
2973 #EL #BD 709 0 2972
2974 #EL #BD 75 2502 2973
2975 #EL #BD 701 2489 2974
2976 #EL #BI 4 0 2975
#DEF 700 2560 2976 
750 #NS 0 HAdd
751 #NS 750 mk
752 #NS 0 hAdd
2977 #EC 750 2 4 6
2978 #EA 2977 82
2979 #EA 2978 10
2980 #EA 2979 8
2981 #EP #BD 752 80 2980
2982 #EP #BI 40 78 2981
2983 #EP #BI 38 75 2982
2984 #EP #BI 7 3 2983
#IND 3 750 93 1 751 2984 8 39 41
753 #NS 750 hAdd
2985 #EA 2977 10
2986 #EA 2985 8
2987 #EA 2986 5
2988 #EP #BC 24 2987 98
2989 #EP #BI 40 78 2988
2990 #EP #BI 38 75 2989
2991 #EP #BI 7 3 2990
2992 #EJ 750 0 5
2993 #EL #BC 24 2987 2992
2994 #EL #BI 40 78 2993
2995 #EL #BD 38 75 2994
2996 #EL #BD 7 3 2995
#DEF 753 2991 2996 8 39 41
754 #NS 0 Add
755 #NS 754 mk
756 #NS 0 add
2997 #EP #BD 22 8 10
2998 #EP #BD 22 5 2997
2999 #EC 754 2
3000 #EA 2999 8
3001 #EP #BD 756 2998 3000
3002 #EP #BI 7 3 3001
#IND 1 754 15 1 755 3002 8
757 #NS 754 add
3003 #EA 2999 5
3004 #EP #BD 22 8 1623
3005 #EP #BC 24 3003 3004
3006 #EP #BI 7 3 3005
3007 #EJ 754 0 5
3008 #EL #BC 24 3003 3007
3009 #EL #BD 7 3 3008
#DEF 757 3006 3009 8
758 #NS 0 instHAdd
759 #NI 54 1910291827
760 #NS 759 _hygCtx
761 #NS 760 _hyg
762 #NI 761 5
3010 #EC 754 11
3011 #EA 3010 5
3012 #EC 750 11 11 11
3013 #EA 3012 8
3014 #EA 3013 8
3015 #EA 3014 8
3016 #EP #BC 762 3011 3015
3017 #EP #BI 7 131 3016
3018 #EC 751 11 11 11
3019 #EA 3018 8
3020 #EA 3019 8
3021 #EA 3020 8
3022 #EC 757 11
3023 #EA 3022 82
3024 #EA 3023 10
3025 #EA 3024 8
3026 #EA 3025 5
3027 #EL #BD 59 10 3026
3028 #EL #BD 18 8 3027
3029 #EA 3021 3028
3030 #EL #BC 762 3011 3029
3031 #EL #BI 7 131 3030
#DEF 758 3017 3031 49
763 #NS 0 instAddNat
3032 #EC 754 0
3033 #EA 3032 0
3034 #EC 755 0
3035 #EA 3034 0
3036 #EA 3035 448
#DEF 763 3033 3036 
764 #NS 1 succ_le_succ
3037 #EA 2166 2027
3038 #EA 3037 43
3039 #EP #BD 22 2487 3038
3040 #EP #BI 28 0 3039
3041 #EP #BI 4 0 3040
3042 #EP #BD 705 2504 20
3043 #EP #BI 28 0 3042
3044 #EA 2166 2775
3045 #EA 3044 43
3046 #EL #BD 705 2504 3045
3047 #EL #BI 28 0 3046
3048 #EC 650 
3049 #EA 3048 82
3050 #EL #BD 705 2493 798
3051 #EL #BI 28 0 3050
3052 #EA 3049 3051
3053 #EA 3052 10
3054 #EA 3053 8
3055 #EA 2166 698
3056 #EA 3055 5
3057 #EL #BD 705 3056 2494
3058 #EL #BI 28 0 3057
3059 #EA 2215 3058
3060 #EA 3059 8
3061 #EA 3060 5
3062 #EC 700 
3063 #EA 3062 698
3064 #EA 3063 82
3065 #EL #BD 705 2526 2519
3066 #EL #BI 28 0 3065
3067 #EA 2297 3066
3068 #EA 3067 8
3069 #EA 3068 5
3070 #EA 2166 2863
3071 #EA 3070 2027
3072 #EL #BD 717 3069 3071
3073 #EL #BD 716 2518 3072
3074 #EL #BD 709 0 3073
3075 #EA 3064 3074
3076 #EA 3075 10
3077 #EA 3076 8
3078 #EA 3077 5
3079 #EA 2182 2792
3080 #EL #BD 173 333 3079
3081 #EA 3078 3080
3082 #EA 1314 8
3083 #EA 2188 2880
3084 #EC 753 0 0 0
3085 #EA 3084 0
3086 #EA 3085 0
3087 #EA 3086 0
3088 #EC 758 0
3089 #EA 3088 0
3090 #EC 763 
3091 #EA 3089 3090
3092 #EA 3087 3091
3093 #EA 3092 82
3094 #EA 3093 477
3095 #EA 3083 3094
3096 #EA 3095 5
3097 #EL #BD 649 3082 3096
3098 #EL #BD 644 3069 3097
3099 #EL #BD 188 2296 3098
3100 #EL #BD 718 0 3099
3101 #EA 3081 3100
3102 #EL #BD 654 3061 3101
3103 #EL #BD 705 2493 3102
3104 #EL #BI 28 0 3103
3105 #EA 3054 3104
3106 #EZ 701 3043 3047 3105
3107 #EL #BD 705 2487 3106
3108 #EL #BI 28 0 3107
3109 #EL #BI 4 0 3108
#DEF 764 3041 3109 
765 #NS 1 le_of_ble_eq_true
3110 #EA 2163 0
3111 #EA 3110 2165
3112 #EA 3111 10
3113 #EA 3112 8
3114 #EP #BD 188 2010 3113
3115 #EP #BI 28 0 3114
3116 #EP #BI 4 0 3115
3117 #EP #BI 28 0 3114
3118 #EL #BI 4 0 3117
3119 #EA 1890 3118
3120 #EA 3119 10
3121 #EA 1894 3118
3122 #EA 3121 5
3123 #EA 2006 10
3124 #EA 3123 5
3125 #EA 1666 3124
3126 #EA 3125 1504
3127 #EC 595 
766 #NI 609 75
3128 #EA 3121 10
3129 #EA 3111 82
3130 #EA 3129 10
3131 #EP #BD 766 3128 3130
3132 #EL #BD 188 2010 3131
3133 #EL #BD 606 0 3132
3134 #EL #BD 599 0 3133
3135 #EA 3127 3134
3136 #EA 3135 82
3137 #EA 3136 8
3138 #EA 3137 5
3139 #EA 3121 343
3140 #EC 621 
3141 #EA 3140 10
3142 #EL #BD 766 3139 3141
3143 #EL #BD 188 2017 3142
3144 #EL #BD 610 0 3143
3145 #EA 3138 3144
3146 #EA 3121 2027
3147 #EC 764 
3148 #EA 3147 82
3149 #EA 3148 10
3150 #EA 426 8
3151 #EA 3149 3150
3152 #EL #BD 766 3146 3151
3153 #EL #BD 188 2026 3152
3154 #EL #BD 612 0 3153
3155 #EL #BD 611 0 3154
3156 #EA 3145 3155
3157 #EA 3156 10
3158 #EL #BD 188 3126 3157
3159 #EL #BI 28 0 3158
3160 #EL #BD 82 3122 3159
3161 #EL #BI 4 0 3160
3162 #EA 3120 3161
3163 #EA 3162 8
3164 #EA 3163 5
3165 #EL #BD 188 2010 3164
3166 #EL #BI 28 0 3165
3167 #EL #BI 4 0 3166
#DEF 765 3116 3167 
767 #NS 0 absurd
768 #NS 0 h₂
3168 #EP #BD 768 1366 10
3169 #EP #BD 693 8 3168
3170 #EP #BI 59 194 3169
3171 #EP #BI 18 20 3170
3172 #EC 505 4
769 #NI 89 3867523658
770 #NS 769 _hygCtx
771 #NS 770 _hyg
772 #NI 771 13
3173 #EL #BD 772 1352 82
3174 #EA 3172 3173
3175 #EA 3174 1636
3176 #EL #BD 768 1366 3175
3177 #EL #BD 693 8 3176
3178 #EL #BI 59 194 3177
3179 #EL #BI 18 20 3178
#DEF 767 3171 3179 39
773 #NS 593 ble_eq_true_of_le
774 #NS 773 match_1_4
3180 #EA 3111 8
3181 #EA 3180 5
3182 #EP #BD 188 3181 20
3183 #EP #BI 28 0 3182
775 #NI 602 763333041
776 #NS 775 _hygCtx
777 #NS 776 _hyg
778 #NI 777 26
779 #NI 574 763333041
780 #NS 779 _hygCtx
781 #NS 780 _hyg
782 #NI 781 20
3184 #EA 3112 5
3185 #EA 3111 121
3186 #EA 3185 5
3187 #EL #BD 188 3186 2494
3188 #EL #BI 28 0 3187
3189 #EA 2211 3188
3190 #EA 3189 8
3191 #EA 3190 5
3192 #EP #BD 717 3191 20
3193 #EP #BD 782 3184 3192
3194 #EP #BD 778 0 3193
3195 #EA 3129 5
3196 #EA 3111 366
3197 #EA 3196 5
3198 #EL #BD 188 3197 2507
3199 #EL #BI 28 0 3198
3200 #EA 2250 3199
3201 #EA 3200 8
3202 #EA 3201 5
3203 #EA 3111 860
3204 #EA 3203 5
3205 #EL #BD 188 3204 2519
3206 #EL #BI 28 0 3205
3207 #EA 2516 3206
3208 #EA 2515 3207
3209 #EP #BD 0 333 3208
783 #NI 777 46
3210 #EA 3111 911
3211 #EA 3210 5
3212 #EL #BD 188 3211 2528
3213 #EL #BI 28 0 3212
3214 #EA 2297 3213
3215 #EA 3214 8
3216 #EA 3215 5
3217 #EA 3111 2536
3218 #EA 3217 5
3219 #EL #BD 188 3218 2540
3220 #EL #BI 28 0 3219
3221 #EA 2308 3220
3222 #EA 3221 82
3223 #EA 3222 10
3224 #EA 3223 8
3225 #EA 3224 5
3226 #EA 2535 3225
3227 #EP #BD 649 2302 3226
3228 #EP #BD 644 3216 3227
3229 #EP #BD 188 2296 3228
3230 #EP #BD 783 0 3229
3231 #EP #BD 113 3230 2034
3232 #EP #BD 112 3209 3231
3233 #EP #BD 717 3202 3232
3234 #EP #BD 782 3195 3233
3235 #EP #BD 778 0 3234
3236 #EP #BD 75 3194 3235
3237 #EP #BD 701 3183 3236
3238 #EP #BI 4 0 3237
3239 #EA 3111 910
3240 #EA 3239 5
3241 #EL #BD 188 3240 2565
3242 #EL #BI 28 0 3241
3243 #EA 2561 3242
3244 #EA 3243 121
3245 #EA 3244 82
3246 #EA 2572 3213
3247 #EA 2576 3220
3248 #EA 3247 8
3249 #EA 3248 5
3250 #EA 3111 2582
3251 #EA 3250 911
3252 #EA 2093 3251
3253 #EA 3252 910
3254 #EA 3253 2588
3255 #EA 3254 10
3256 #EA 3111 2593
3257 #EA 3256 5
3258 #EL #BD 188 3257 2597
3259 #EL #BI 28 0 3258
3260 #EA 2592 3259
3261 #EA 3260 939
3262 #EA 3261 911
3263 #EA 2093 3262
3264 #EA 3263 910
3265 #EA 3260 121
3266 #EA 3265 82
3267 #EA 3264 3266
3268 #EA 3267 10
3269 #EP #BD 188 3268 2611
3270 #EP #BD 188 3255 3269
3271 #EP #BD 188 2581 3270
3272 #EL #BD 86 3249 3271
3273 #EL #BD 76 2575 3272
3274 #EL #BI 22 0 3273
3275 #EA 3246 3274
3276 #EA 3275 366
3277 #EA 3276 121
3278 #EA 3277 5
784 #NI 781 74
3279 #EA 3111 939
3280 #EA 3279 5
3281 #EA 3250 5
3282 #EL #BD 188 3281 2632
3283 #EL #BI 28 0 3282
3284 #EA 2629 3283
3285 #EA 3284 8
3286 #EA 3285 5
3287 #EA 3250 10
3288 #EA 2093 3287
3289 #EA 3288 8
3290 #EA 3289 2641
3291 #EA 3290 2643
3292 #EA 3260 82
3293 #EA 3292 10
3294 #EA 2093 3293
3295 #EA 3294 8
3296 #EA 3260 2591
3297 #EA 3296 2650
3298 #EA 3295 3297
3299 #EA 2653 3259
3300 #EA 3298 3299
3301 #EP #BD 188 3300 2658
3302 #EP #BD 188 3291 3301
3303 #EP #BD 717 3286 3302
3304 #EP #BD 782 3280 3303
3305 #EL #BD 778 0 3304
3306 #EA 2626 3305
3307 #EA 3210 911
3308 #EA 3247 939
3309 #EA 3308 5
785 #NI 781 75
3310 #EA 3217 2536
3311 #EA 2093 3310
3312 #EA 3311 8
3313 #EA 3312 2672
3314 #EA 3313 2674
3315 #EA 3250 2582
3316 #EA 2676 3315
3317 #EA 3316 2643
3318 #EA 3296 5
3319 #EA 3111 2682
3320 #EA 3319 5
3321 #EL #BD 188 3320 2686
3322 #EL #BI 28 0 3321
3323 #EA 2681 3322
3324 #EA 3323 2593
3325 #EA 3324 8
3326 #EA 2093 3325
3327 #EA 3326 5
3328 #EA 3324 2694
3329 #EA 3327 3328
3330 #EA 2697 3322
3331 #EA 3329 3330
3332 #EP #BD 188 3331 2702
3333 #EP #BD 717 3318 3332
3334 #EL #BD 782 3315 3333
3335 #EA 3317 3334
3336 #EA 3111 2591
3337 #EA 3336 5
3338 #EL #BD 188 3337 2711
3339 #EL #BI 28 0 3338
3340 #EA 2707 3339
3341 #EA 3340 2582
3342 #EA 3341 2643
786 #NI 781 77
3343 #EA 2093 3297
3344 #EA 3343 5
3345 #EA 3344 3297
3346 #EA 3345 3299
3347 #EA 2676 3328
3348 #EA 3347 3330
3349 #EL #BD 717 3328 2725
3350 #EA 3348 3349
3351 #EA 3350 2728
3352 #EA 3351 8
3353 #EA 2731 3328
3354 #EA 3353 8
3355 #EA 3354 3330
3356 #EA 2735 3328
3357 #EA 3356 8
3358 #EA 3357 3330
3359 #EA 3358 5
3360 #EA 3355 3359
3361 #EA 3352 3360
3362 #EL #BD 786 3346 3361
3363 #EL #BD 717 3342 3362
3364 #EA 3335 3363
3365 #EA 3364 10
3366 #EA 2731 3315
3367 #EA 3366 10
3368 #EA 3367 2643
3369 #EA 2735 3315
3370 #EA 3369 10
3371 #EA 3370 2643
3372 #EA 3371 5
3373 #EA 3368 3372
3374 #EA 3365 3373
3375 #EA 3374 8
3376 #EL #BD 785 3314 3375
3377 #EL #BD 717 3309 3376
3378 #EL #BD 782 3307 3377
3379 #EA 3306 3378
3380 #EA 3379 698
3381 #EA 3380 2765
3382 #EA 3381 366
3383 #EA 3382 121
3384 #EL #BD 784 2623 3383
3385 #EA 3278 3384
787 #NI 777 70
788 #NI 728 763333041
789 #NS 788 _hygCtx
790 #NS 789 _hyg
791 #NI 790 71
792 #NI 735 763333041
793 #NS 792 _hygCtx
794 #NS 793 _hyg
795 #NI 794 72
796 #NI 742 763333041
797 #NS 796 _hygCtx
798 #NS 797 _hyg
799 #NI 798 73
800 #NI 781 79
3386 #EA 3111 2778
3387 #EA 3386 5
3388 #EL #BD 188 3387 2782
3389 #EL #BI 28 0 3388
3390 #EA 2777 3389
3391 #EA 3390 8
3392 #EA 3391 5
3393 #EA 3386 10
3394 #EA 2093 3393
3395 #EA 3394 8
3396 #EA 3395 2793
3397 #EA 3396 2797
3398 #EA 3111 2801
3399 #EA 3398 5
3400 #EL #BD 188 3399 2805
3401 #EL #BI 28 0 3400
3402 #EA 2800 3401
3403 #EA 3402 82
3404 #EA 3403 10
3405 #EA 2093 3404
3406 #EA 3405 8
3407 #EA 3402 2813
3408 #EA 3407 2817
3409 #EA 3406 3408
3410 #EA 2820 3401
3411 #EA 3410 910
3412 #EA 3411 860
3413 #EA 3412 698
3414 #EA 3413 366
3415 #EA 3409 3414
3416 #EP #BD 188 3415 2829
3417 #EP #BD 188 3397 3416
3418 #EP #BD 717 3392 3417
3419 #EP #BD 782 3257 3418
3420 #EL #BD 778 0 3419
3421 #EA 2776 3420
3422 #EA 3336 2775
3423 #EA 3323 2094
3424 #EA 3423 5
801 #NI 781 80
3425 #EA 3319 2839
3426 #EA 2093 3425
3427 #EA 3426 8
3428 #EA 3427 2844
3429 #EA 3428 2848
3430 #EA 3386 2792
3431 #EA 2676 3430
3432 #EA 3431 2797
3433 #EA 3407 5
3434 #EA 3111 2855
3435 #EA 3434 5
3436 #EL #BD 188 3435 2859
3437 #EL #BI 28 0 3436
3438 #EA 2854 3437
3439 #EA 3438 2863
3440 #EA 3439 8
3441 #EA 2093 3440
3442 #EA 3441 5
3443 #EA 3439 2870
3444 #EA 3442 3443
3445 #EA 2873 3437
3446 #EA 3445 911
3447 #EA 3446 910
3448 #EA 3447 860
3449 #EA 3448 698
3450 #EA 3444 3449
3451 #EP #BD 188 3450 2883
3452 #EP #BD 717 3433 3451
3453 #EL #BD 782 3430 3452
3454 #EA 3432 3453
3455 #EA 3111 2799
3456 #EA 3455 5
3457 #EL #BD 188 3456 2892
3458 #EL #BI 28 0 3457
3459 #EA 2888 3458
3460 #EA 3459 2792
3461 #EA 3460 2797
802 #NI 781 82
3462 #EA 2093 3408
3463 #EA 3462 5
3464 #EA 3463 3408
3465 #EA 3464 3414
3466 #EA 2676 3443
3467 #EA 3466 3449
3468 #EL #BD 717 3443 2908
3469 #EA 3467 3468
3470 #EA 3469 2914
3471 #EA 3470 8
3472 #EA 2731 3443
3473 #EA 3472 8
3474 #EA 3473 3449
3475 #EA 2735 3443
3476 #EA 3475 8
3477 #EA 3476 3449
3478 #EA 3477 5
3479 #EA 3474 3478
3480 #EA 3471 3479
3481 #EL #BD 802 3465 3480
3482 #EL #BD 717 3461 3481
3483 #EA 3454 3482
3484 #EA 3483 10
3485 #EA 2731 3430
3486 #EA 3485 10
3487 #EA 3486 2797
3488 #EA 2735 3430
3489 #EA 3488 10
3490 #EA 3489 2797
3491 #EA 3490 5
3492 #EA 3487 3491
3493 #EA 3484 3492
3494 #EA 3493 8
3495 #EL #BD 801 3429 3494
3496 #EL #BD 717 3424 3495
3497 #EL #BD 782 3422 3496
3498 #EA 3421 3497
3499 #EA 3498 939
3500 #EA 3499 2947
3501 #EA 3500 911
3502 #EA 3501 910
3503 #EL #BD 800 2774 3502
3504 #EL #BD 799 2772 3503
3505 #EL #BD 795 3249 3504
3506 #EL #BD 791 2575 3505
3507 #EL #BI 787 0 3506
3508 #EA 3385 3507
3509 #EL #BD 717 3245 3508
3510 #EA 3509 10
3511 #EA 3510 2960
3512 #EA 3203 121
3513 #EA 2135 3512
3514 #EA 3513 82
3515 #EA 3511 3514
3516 #EA 2135 3245
3517 #EA 3516 10
3518 #EA 3515 3517
3519 #EL #BD 113 3230 3518
3520 #EL #BD 112 3209 3519
3521 #EL #BD 717 3202 3520
3522 #EL #BD 782 3195 3521
3523 #EL #BD 778 0 3522
3524 #EL #BD 75 3194 3523
3525 #EL #BD 701 3183 3524
3526 #EL #BI 4 0 3525
#DEF 774 3238 3526 
803 #NS 593 ble_self_eq_true
804 #NS 803 match_1_1
3527 #EP #BD 75 48 347
805 #NI 89 3978381971
806 #NS 805 _hygCtx
807 #NI 806 11
808 #NS 807 Init
809 #NS 808 Prelude
810 #NI 809 3978381971
811 #NS 810 _hygCtx
812 #NS 811 _hyg
813 #NI 812 22
3528 #EL #BD 112 345 1876
3529 #EL #BD 813 0 3528
3530 #EL #BD 75 48 3529
#DEF 804 3527 3530 
814 #NS 1 ble_self_eq_true
3531 #EA 2041 5
3532 #EA 1666 3531
3533 #EA 3532 1504
3534 #EP #BD 4 0 3533
815 #NS 806 _hyg
816 #NI 815 11
3535 #EL #BD 816 0 3533
3536 #EA 1890 3535
3537 #EA 3536 5
3538 #EA 1894 3535
3539 #EA 3538 5
3540 #EC 804 
817 #NI 815 37
3541 #EA 2007 8
3542 #EA 1666 3541
3543 #EA 3542 1504
3544 #EP #BD 817 3539 3543
3545 #EL #BD 813 0 3544
3546 #EA 3540 3545
3547 #EA 3546 8
3548 #EA 3538 343
3549 #EA 2014 343
3550 #EA 1714 3549
3551 #EL #BD 817 3548 3550
3552 #EL #BD 173 333 3551
3553 #EA 3547 3552
3554 #EA 3538 313
3555 #EL #BD 817 3554 425
3556 #EL #BD 4 0 3555
3557 #EA 3553 3556
3558 #EA 3557 5
3559 #EL #BD 82 3539 3558
3560 #EL #BD 816 0 3559
3561 #EA 3537 3560
3562 #EL #BD 816 0 3561
#DEF 814 3534 3562 
818 #NS 593 ble_succ_eq_true
819 #NS 818 match_1_1
#DEF 819 2040 2162 
820 #NS 1 ble_succ_eq_true
3563 #EA 3123 43
3564 #EA 1666 3563
3565 #EA 3564 1504
3566 #EP #BD 22 2010 3565
3567 #EP #BI 28 0 3566
3568 #EP #BI 4 0 3567
821 #NI 89 3170508661
822 #NS 821 _hygCtx
823 #NS 822 _hyg
824 #NI 823 23
825 #NI 823 24
826 #NI 823 25
3569 #EL #BD 824 0 3567
3570 #EA 1890 3569
3571 #EA 3570 10
3572 #EA 1894 3569
3573 #EA 3572 5
3574 #EC 819 
827 #NI 822 23
828 #NS 827 Init
829 #NS 828 Prelude
830 #NI 829 3170508661
831 #NS 830 _hygCtx
832 #NS 831 _hyg
833 #NI 832 50
834 #NI 822 24
835 #NS 834 Init
836 #NS 835 Prelude
837 #NI 836 3170508661
838 #NS 837 _hygCtx
839 #NS 838 _hyg
840 #NI 839 53
841 #NI 822 25
842 #NS 841 Init
843 #NS 842 Prelude
844 #NI 843 3170508661
845 #NS 844 _hygCtx
846 #NS 845 _hyg
847 #NI 846 56
848 #NI 823 99
3575 #EA 3572 10
3576 #EA 2006 82
3577 #EA 3576 2027
3578 #EA 1666 3577
3579 #EA 3578 1504
3580 #EP #BD 848 3575 3579
3581 #EL #BD 847 2010 3580
3582 #EL #BD 840 0 3581
3583 #EL #BD 833 0 3582
3584 #EA 3574 3583
3585 #EA 3584 82
3586 #EA 3585 8
3587 #EA 3586 5
849 #NI 823 66
850 #NI 823 65
3588 #EA 3572 343
3589 #EA 2014 2027
3590 #EA 1714 3589
3591 #EL #BD 848 3588 3590
3592 #EL #BD 850 2017 3591
3593 #EL #BD 849 0 3592
3594 #EA 3587 3593
851 #NI 116 3170508661
852 #NS 851 _hygCtx
853 #NS 852 _hyg
854 #NI 853 82
3595 #EA 3572 2027
3596 #EL #BD 848 3595 3150
3597 #EL #BD 188 2026 3596
3598 #EL #BD 854 0 3597
3599 #EL #BD 4 0 3598
3600 #EA 3594 3599
3601 #EA 3600 10
3602 #EL #BD 826 3126 3601
3603 #EL #BD 825 0 3602
3604 #EL #BD 82 3573 3603
3605 #EL #BD 824 0 3604
3606 #EA 3571 3605
3607 #EA 3606 8
3608 #EA 3607 5
3609 #EL #BD 826 2010 3608
3610 #EL #BD 825 0 3609
3611 #EL #BD 824 0 3610
#DEF 820 3568 3611 
855 #NS 1 ble_eq_true_of_le
3612 #EA 3123 8
3613 #EA 1666 3612
3614 #EA 3613 1504
3615 #EP #BD 188 3181 3614
3616 #EP #BI 28 0 3615
3617 #EP #BI 4 0 3616
3618 #EP #BD 188 3195 20
3619 #EP #BI 28 0 3618
3620 #EA 2006 121
3621 #EA 3620 8
3622 #EA 1666 3621
3623 #EA 3622 1504
3624 #EL #BD 188 3195 3623
3625 #EL #BI 28 0 3624
3626 #EL #BD 188 3186 798
3627 #EL #BI 28 0 3626
3628 #EA 3049 3627
3629 #EA 3628 10
3630 #EA 3629 8
3631 #EA 3111 698
3632 #EA 3631 5
3633 #EL #BD 188 3632 2494
3634 #EL #BI 28 0 3633
3635 #EA 2215 3634
3636 #EA 3635 8
3637 #EA 3636 5
3638 #EC 774 
3639 #EA 3638 698
3640 #EA 3639 82
3641 #EL #BD 188 3211 2519
3642 #EL #BI 28 0 3641
3643 #EA 2297 3642
3644 #EA 3643 8
3645 #EA 3644 5
3646 #EA 2006 911
3647 #EA 3646 10
3648 #EA 1666 3647
3649 #EA 3648 1504
3650 #EL #BD 717 3645 3649
3651 #EL #BD 782 3204 3650
3652 #EL #BD 778 0 3651
3653 #EA 3640 3652
3654 #EA 3653 10
3655 #EA 3654 8
3656 #EA 3655 5
3657 #EC 814 
3658 #EA 3657 860
3659 #EL #BD 173 333 3658
3660 #EA 3656 3659
3661 #EC 820 
3662 #EA 3661 939
3663 #EA 3662 82
3664 #EA 3663 5
3665 #EL #BD 649 3082 3664
3666 #EL #BD 644 3645 3665
3667 #EL #BD 188 2296 3666
3668 #EL #BD 783 0 3667
3669 #EA 3660 3668
3670 #EL #BD 654 3637 3669
3671 #EL #BD 188 3186 3670
3672 #EL #BI 28 0 3671
3673 #EA 3630 3672
3674 #EZ 701 3619 3625 3673
3675 #EL #BD 188 3181 3674
3676 #EL #BI 28 0 3675
3677 #EL #BI 4 0 3676
#DEF 855 3617 3677 
856 #NS 1 not_le_of_not_ble_eq_true
3678 #EA 1355 2010
3679 #EA 1355 3113
3680 #EP #BD 188 3678 3679
3681 #EP #BI 28 0 3680
3682 #EP #BI 4 0 3681
857 #NS 0 h'
3683 #EC 767 0
3684 #EA 3576 10
3685 #EA 1666 3684
3686 #EA 3685 1504
3687 #EA 3683 3686
3688 #EA 3687 1352
3689 #EC 855 
3690 #EA 3689 82
3691 #EA 3690 10
3692 #EA 3691 5
3693 #EA 3688 3692
3694 #EA 3693 8
3695 #EL #BD 857 3113 3694
3696 #EL #BD 188 3678 3695
3697 #EL #BI 28 0 3696
3698 #EL #BI 4 0 3697
#DEF 856 3682 3698 
858 #NS 1 decLe
3699 #EA 1357 3181
3700 #EP #BD 28 0 3699
3701 #EP #BD 4 0 3700
3702 #EC 427 1
3703 #EA 3702 3699
3704 #EA 3703 2010
3705 #EC 502 
3706 #EA 3705 2008
3707 #EA 3706 1504
3708 #EA 3704 3707
3709 #EA 1372 3113
3710 #EC 765 
3711 #EA 3710 10
3712 #EA 3711 8
3713 #EA 3712 5
3714 #EA 3709 3713
3715 #EL #BD 188 2010 3714
3716 #EA 3708 3715
3717 #EA 1367 3113
3718 #EC 856 
3719 #EA 3718 10
3720 #EA 3719 8
3721 #EA 3720 5
3722 #EA 3717 3721
3723 #EL #BD 188 3678 3722
3724 #EA 3716 3723
3725 #EL #BD 28 0 3724
3726 #EL #BD 4 0 3725
#DEF 858 3701 3726 
859 #NS 0 HMod
860 #NS 859 mk
861 #NS 0 hMod
3727 #EC 859 2 4 6
3728 #EA 3727 82
3729 #EA 3728 10
3730 #EA 3729 8
3731 #EP #BD 861 80 3730
3732 #EP #BI 40 78 3731
3733 #EP #BI 38 75 3732
3734 #EP #BI 7 3 3733
#IND 3 859 93 1 860 3734 8 39 41
862 #NS 859 hMod
3735 #EA 3727 10
3736 #EA 3735 8
3737 #EA 3736 5
3738 #EP #BC 24 3737 98
3739 #EP #BI 40 78 3738
3740 #EP #BI 38 75 3739
3741 #EP #BI 7 3 3740
3742 #EJ 859 0 5
3743 #EL #BC 24 3737 3742
3744 #EL #BI 40 78 3743
3745 #EL #BD 38 75 3744
3746 #EL #BD 7 3 3745
#DEF 862 3741 3746 8 39 41
863 #NS 0 Mod
864 #NS 863 mk
865 #NS 0 mod
3747 #EC 863 2
3748 #EA 3747 8
3749 #EP #BD 865 2998 3748
3750 #EP #BI 7 3 3749
#IND 1 863 15 1 864 3750 8
866 #NS 863 mod
3751 #EA 3747 5
3752 #EP #BC 24 3751 3004
3753 #EP #BI 7 3 3752
3754 #EJ 863 0 5
3755 #EL #BC 24 3751 3754
3756 #EL #BD 7 3 3755
#DEF 866 3753 3756 8
867 #NS 0 instHMod
868 #NI 54 2224171311
869 #NS 868 _hygCtx
870 #NS 869 _hyg
871 #NI 870 5
3757 #EC 863 11
3758 #EA 3757 5
3759 #EC 859 11 11 11
3760 #EA 3759 8
3761 #EA 3760 8
3762 #EA 3761 8
3763 #EP #BC 871 3758 3762
3764 #EP #BI 7 131 3763
3765 #EC 860 11 11 11
3766 #EA 3765 8
3767 #EA 3766 8
3768 #EA 3767 8
3769 #EC 866 11
3770 #EA 3769 82
3771 #EA 3770 10
3772 #EA 3771 8
3773 #EA 3772 5
3774 #EL #BD 59 10 3773
3775 #EL #BD 18 8 3774
3776 #EA 3768 3775
3777 #EL #BC 871 3758 3776
3778 #EL #BI 7 131 3777
#DEF 867 3764 3778 49
872 #NS 0 namedPattern
3779 #EP #BD 188 1530 82
3780 #EP #BD 18 8 3779
3781 #EP #BD 86 5 3780
3782 #EP #BI 7 72 3781
3783 #EL #BD 188 1530 8
3784 #EL #BD 18 8 3783
3785 #EL #BD 86 5 3784
3786 #EL #BI 7 72 3785
#DEF 872 3782 3786 8
873 #NS 1 mod
874 #NS 873 match_1
875 #NI 89 342371235
876 #NS 875 _hygCtx
877 #NI 876 9
878 #NS 877 Init
879 #NS 878 Prelude
880 #NI 879 342371235
881 #NS 880 _hygCtx
882 #NS 881 _hyg
883 #NI 882 28
884 #NI 876 10
885 #NS 884 Init
886 #NS 885 Prelude
887 #NI 886 342371235
888 #NS 887 _hygCtx
889 #NS 888 _hyg
890 #NI 889 31
891 #NS 876 _hyg
892 #NI 891 38
3787 #EA 82 343
3788 #EA 3787 5
3789 #EP #BD 892 0 3788
893 #NI 116 342371235
894 #NS 893 _hygCtx
895 #NS 894 _hyg
896 #NI 895 53
897 #NI 574 342371235
898 #NS 897 _hygCtx
899 #NS 898 _hyg
900 #NI 899 42
3790 #EA 1972 8
3791 #EA 3790 313
3792 #EC 872 1
3793 #EA 3792 0
3794 #EA 3793 82
3795 #EA 3794 2027
3796 #EA 3795 8
3797 #EA 860 3796
3798 #EA 3797 5
3799 #EP #BD 28 0 3798
3800 #EP #BD 900 3791 3799
3801 #EP #BD 896 0 3800
3802 #EP #BD 4 0 3801
3803 #EP #BD 113 3802 372
3804 #EP #BD 112 3789 3803
3805 #EP #BD 890 0 3804
3806 #EP #BD 883 0 3805
3807 #EP #BD 75 363 3806
3808 #EL #BD 86 0 792
3809 #EA 349 3808
3810 #EA 3809 82
3811 #EA 3810 796
901 #NI 895 72
3812 #EA 8 313
3813 #EA 3812 5
3814 #EA 2959 313
3815 #EA 3813 3814
3816 #EA 3815 82
3817 #EL #BD 901 0 3816
3818 #EA 3811 3817
3819 #EL #BD 113 3802 3818
3820 #EL #BD 112 3789 3819
3821 #EL #BD 890 0 3820
3822 #EL #BD 883 0 3821
3823 #EL #BD 75 363 3822
#DEF 874 3807 3823 49
902 #NS 1 decLt
3824 #EA 60 0
3825 #EA 3824 62
3826 #EA 3825 8
3827 #EA 3826 5
3828 #EA 1357 3827
3829 #EP #BD 28 0 3828
3830 #EP #BD 4 0 3829
3831 #EC 858 
3832 #EA 3831 43
3833 #EA 3832 5
3834 #EL #BD 28 0 3833
3835 #EL #BD 4 0 3834
#DEF 902 3830 3835 
903 #NS 25 casesOn
3836 #EA 2182 82
3837 #EA 1469 3836
3838 #EA 366 43
3839 #EA 2188 698
3840 #EA 3839 8
3841 #EA 3840 5
3842 #EA 3838 3841
3843 #EP #BD 22 2258 3842
3844 #EP #BI 28 0 3843
3845 #EP #BD 658 3844 372
3846 #EP #BD 511 3837 3845
3847 #EP #BD 76 2210 3846
3848 #EP #BI 22 0 3847
3849 #EP #BI 75 2201 3848
3850 #EP #BI 4 0 3849
3851 #EA 2248 366
3852 #EA 3851 121
3853 #EA 3852 8
3854 #EA 35 698
3855 #EA 3854 5
3856 #EA 698 8
3857 #EA 3856 5
3858 #EL #BD 649 3857 756
3859 #EL #BD 22 3855 3858
3860 #EL #BI 28 0 3859
3861 #EA 3853 3860
3862 #EA 3861 82
3863 #EA 3862 10
3864 #EL #BD 658 3844 3863
3865 #EL #BD 511 3837 3864
3866 #EL #BD 76 2210 3865
3867 #EL #BI 22 0 3866
3868 #EL #BI 75 2201 3867
3869 #EL #BI 4 0 3868
#DEF 903 3850 3869 
904 #NS 1 ctorIdx
3870 #EC 97 1
3871 #EA 3870 463
3872 #EA 3871 5
3873 #EA 3872 339
3874 #EL #BD 4 0 474
3875 #EA 3873 3874
3876 #EL #BD 86 0 3875
#DEF 904 1 3876 
905 #NS 1 div
906 #NS 905 go
907 #NS 906 match_1
908 #NS 0 fuel
909 #NS 908 _@
910 #NS 909 Init
911 #NS 910 Prelude
912 #NI 911 2515639154
913 #NS 912 _hygCtx
914 #NS 913 _hyg
915 #NI 914 28
916 #NS 0 hfuel
3877 #EA 63 8
3878 #EA 3877 5
3879 #EP #BD 916 3878 335
3880 #EP #BD 915 0 3879
3881 #EA 63 10
3882 #EA 3881 5
3883 #EA 63 121
3884 #EA 3883 313
3885 #EA 255 5
3886 #EP #BD 916 3884 3885
3887 #EP #BD 908 0 3886
3888 #EP #BD 112 3887 756
3889 #EP #BD 916 3882 3888
3890 #EP #BD 915 0 3889
3891 #EP #BD 75 3880 3890
3892 #EP #BD 86 0 3891
3893 #EA 63 366
3894 #EA 3893 5
3895 #EP #BD 916 3894 2507
3896 #EL #BD 86 0 3895
3897 #EA 349 3896
3898 #EA 3897 10
3899 #EA 3883 245
3900 #EC 503 11
3901 #EA 1804 5
3902 #EA 3900 3901
3903 #EC 903 
3904 #EA 3903 2094
3905 #EA 35 2839
3906 #EA 3905 5
3907 #EA 1972 245
3908 #EA 3907 8
3909 #EA 63 910
3910 #EA 3909 245
3911 #EA 2093 3910
3912 #EA 3911 82
3913 #EA 35 2813
3914 #EA 3913 10
3915 #EA 3912 3914
3916 #EA 3915 8
3917 #EP #BD 188 3916 1352
3918 #EP #BD 188 3908 3917
3919 #EL #BD 86 3906 3918
3920 #EL #BD 22 0 3919
3921 #EA 3904 3920
3922 #EA 3921 245
3923 #EA 3922 5
917 #NI 574 2515639154
918 #NS 917 _hygCtx
919 #NS 918 _hyg
920 #NI 919 77
3924 #EA 3907 2094
3925 #EA 63 698
3926 #EA 3925 245
3927 #EA 2093 3926
3928 #EA 3927 8
3929 #EA 3905 2839
3930 #EA 3928 3929
3931 #EA 2182 2839
3932 #EA 3930 3931
3933 #EP #BD 188 3932 1352
3934 #EA 2079 3933
3935 #EA 2123 0
3936 #EC 904 
3937 #EA 3935 3936
3938 #EA 3937 245
3939 #EA 3938 2839
3940 #EA 3939 5
3941 #EA 3934 3940
3942 #EL #BD 920 3924 3941
3943 #EA 3923 3942
921 #NI 602 2515639154
922 #NS 921 _hygCtx
923 #NS 922 _hyg
924 #NI 923 75
925 #NI 728 2515639154
926 #NS 925 _hygCtx
927 #NS 926 _hyg
928 #NI 927 76
929 #NI 919 78
3944 #EA 3907 43
3945 #EA 3913 2027
3946 #EA 3912 3945
3947 #EA 2188 2813
3948 #EA 3947 10
3949 #EA 3948 8
3950 #EA 3946 3949
3951 #EP #BD 188 3950 1352
3952 #EA 2079 3951
3953 #EA 3938 2027
3954 #EA 3953 5
3955 #EA 3952 3954
3956 #EL #BD 929 3944 3955
3957 #EL #BD 928 3906 3956
3958 #EL #BI 924 0 3957
3959 #EA 3943 3958
3960 #EA 2959 245
3961 #EA 3959 3960
3962 #EA 3893 245
3963 #EA 2135 3962
3964 #EA 3963 5
3965 #EA 3961 3964
3966 #EA 3902 3965
3967 #EL #BD 916 3899 3966
3968 #EA 3898 3967
930 #NI 116 2515639154
931 #NS 930 _hygCtx
932 #NS 931 _hyg
933 #NI 932 74
3969 #EA 3893 313
3970 #EL #BD 916 3969 798
3971 #EL #BD 933 0 3970
3972 #EA 3968 3971
3973 #EA 3972 8
3974 #EL #BD 112 3887 3973
3975 #EL #BD 916 3882 3974
3976 #EL #BD 915 0 3975
3977 #EL #BD 75 3880 3976
3978 #EL #BD 86 0 3977
#DEF 907 3892 3978 49
934 #NS 0 HSub
935 #NS 934 mk
936 #NS 0 hSub
3979 #EC 934 2 4 6
3980 #EA 3979 82
3981 #EA 3980 10
3982 #EA 3981 8
3983 #EP #BD 936 80 3982
3984 #EP #BI 40 78 3983
3985 #EP #BI 38 75 3984
3986 #EP #BI 7 3 3985
#IND 3 934 93 1 935 3986 8 39 41
937 #NS 934 hSub
3987 #EA 3979 10
3988 #EA 3987 8
3989 #EA 3988 5
3990 #EP #BC 24 3989 98
3991 #EP #BI 40 78 3990
3992 #EP #BI 38 75 3991
3993 #EP #BI 7 3 3992
3994 #EJ 934 0 5
3995 #EL #BC 24 3989 3994
3996 #EL #BI 40 78 3995
3997 #EL #BD 38 75 3996
3998 #EL #BD 7 3 3997
#DEF 937 3993 3998 8 39 41
938 #NS 0 Sub
939 #NS 938 mk
940 #NS 0 sub
3999 #EC 938 2
4000 #EA 3999 8
4001 #EP #BD 940 2998 4000
4002 #EP #BI 7 3 4001
#IND 1 938 15 1 939 4002 8
941 #NS 938 sub
4003 #EA 3999 5
4004 #EP #BC 24 4003 3004
4005 #EP #BI 7 3 4004
4006 #EJ 938 0 5
4007 #EL #BC 24 4003 4006
4008 #EL #BD 7 3 4007
#DEF 941 4005 4008 8
942 #NS 0 instHSub
943 #NI 54 4034066273
944 #NS 943 _hygCtx
945 #NS 944 _hyg
946 #NI 945 5
4009 #EC 938 11
4010 #EA 4009 5
4011 #EC 934 11 11 11
4012 #EA 4011 8
4013 #EA 4012 8
4014 #EA 4013 8
4015 #EP #BC 946 4010 4014
4016 #EP #BI 7 131 4015
4017 #EC 935 11 11 11
4018 #EA 4017 8
4019 #EA 4018 8
4020 #EA 4019 8
4021 #EC 941 11
4022 #EA 4021 82
4023 #EA 4022 10
4024 #EA 4023 8
4025 #EA 4024 5
4026 #EL #BD 59 10 4025
4027 #EL #BD 18 8 4026
4028 #EA 4020 4027
4029 #EL #BC 946 4010 4028
4030 #EL #BI 7 131 4029
#DEF 942 4016 4030 49
947 #NS 1 pred
948 #NI 89 4130297703
949 #NS 948 _hygCtx
950 #NS 949 _hyg
951 #NI 950 8
4031 #EA 468 463
4032 #EA 4031 5
4033 #EL #BD 173 333 343
4034 #EA 4032 4033
4035 #EL #BD 18 0 5
4036 #EA 4034 4035
4037 #EL #BD 951 0 4036
#DEF 947 404 4037 
952 #NS 1 sub
953 #NI 89 462884191
954 #NS 953 _hygCtx
955 #NS 954 _hyg
956 #NI 955 13
957 #NI 955 14
958 #NI 955 64
4038 #EL #BD 958 444 8
4039 #EL #BD 18 0 4038
4040 #EA 443 4039
4041 #EC 947 
4042 #EA 4041 426
4043 #EL #BD 958 424 4042
4044 #EL #BD 59 0 4043
4045 #EL #BD 18 0 4044
4046 #EA 4040 4045
4047 #EA 4046 8
4048 #EL #BD 956 0 4047
4049 #EL #BD 82 412 4048
4050 #EL #BD 957 0 4049
4051 #EA 409 4050
4052 #EA 4051 8
4053 #EL #BD 957 0 4052
4054 #EL #BD 956 0 4053
#DEF 952 405 4054 
959 #NS 0 instSubNat
4055 #EC 938 0
4056 #EA 4055 0
4057 #EC 939 0
4058 #EA 4057 0
4059 #EC 952 
4060 #EA 4058 4059
#DEF 959 4056 4060 
960 #NS 593 le_trans
961 #NS 960 match_1_6
962 #NI 89 2514409987
963 #NS 962 _hygCtx
964 #NS 963 _hyg
965 #NI 964 16
4061 #EA 2490 8
966 #NI 964 17
4062 #EP #BD 966 4061 20
4063 #EP #BD 965 4061 4062
4064 #EP #BI 501 0 4063
967 #NS 501 _@
968 #NS 967 Init
969 #NS 968 Prelude
970 #NI 969 2514409987
971 #NS 970 _hygCtx
972 #NS 971 _hyg
973 #NI 972 46
974 #NI 963 16
975 #NS 974 Init
976 #NS 975 Prelude
977 #NI 976 2514409987
978 #NS 977 _hygCtx
979 #NS 978 _hyg
980 #NI 979 35
4065 #EA 2503 10
981 #NI 963 17
982 #NS 981 Init
983 #NS 982 Prelude
984 #NI 983 2514409987
985 #NS 984 _hygCtx
986 #NS 985 _hyg
987 #NI 986 38
4066 #EA 2503 8
4067 #EA 2517 698
4068 #EA 1314 5
4069 #EA 4068 8
4070 #EP #BD 965 4067 4069
4071 #EL #BD 966 2506 4070
4072 #EL #BI 501 0 4071
4073 #EA 2250 4072
4074 #EA 4073 10
4075 #EA 4074 5
4076 #EP #BD 717 4075 20
4077 #EP #BD 987 4066 4076
4078 #EP #BD 980 4065 4077
4079 #EP #BD 973 0 4078
4080 #EA 2492 82
4081 #EA 2492 8
4082 #EA 2562 860
4083 #EA 860 10
4084 #EA 4083 5
4085 #EA 4084 8
4086 #EP #BD 965 4082 4085
4087 #EL #BD 966 3056 4086
4088 #EL #BI 501 0 4087
4089 #EA 2215 4088
4090 #EA 4089 10
4091 #EA 4090 5
4092 #EA 366 860
4093 #EA 4092 5
4094 #EA 2182 860
4095 #EA 4093 4094
4096 #EA 2253 860
4097 #EA 2627 911
4098 #EA 2338 5
4099 #EA 4098 8
4100 #EP #BD 965 4097 4099
4101 #EL #BD 966 2563 4100
4102 #EL #BI 501 0 4101
4103 #EA 4096 4102
4104 #EA 4095 4103
4105 #EP #BD 188 4067 4104
988 #NI 602 2514409987
989 #NS 988 _hygCtx
990 #NS 989 _hyg
991 #NI 990 71
4106 #EA 2708 2582
4107 #EA 2582 10
4108 #EA 4107 5
4109 #EA 4108 8
4110 #EP #BD 965 4106 4109
4111 #EL #BD 966 2538 4110
4112 #EL #BI 501 0 4111
4113 #EA 2576 4112
4114 #EA 4113 8
4115 #EA 4114 5
4116 #EA 2583 2536
4117 #EA 2536 82
4118 #EA 4117 5
4119 #EA 4118 10
4120 #EP #BD 965 4116 4119
4121 #EA 939 2068
4122 #EA 4121 121
4123 #EA 2188 2582
4124 #EA 4123 82
4125 #EA 4124 10
4126 #EA 4122 4125
4127 #EA 2263 2582
4128 #EA 2683 2593
4129 #EA 2593 10
4130 #EA 4129 5
4131 #EA 4130 8
4132 #EP #BD 965 4128 4131
4133 #EL #BD 966 2709 4132
4134 #EL #BI 501 0 4133
4135 #EA 4127 4134
4136 #EA 4135 82
4137 #EA 4136 10
4138 #EA 4137 8
4139 #EA 4138 5
4140 #EA 4126 4139
4141 #EP #BD 649 4120 4140
4142 #EP #BD 644 4115 4141
4143 #EP #BD 768 2575 4142
4144 #EP #BD 991 0 4143
4145 #EP #BD 693 4082 4144
4146 #EA 1566 82
4147 #EA 4146 10
4148 #EP #BD 113 4145 4147
4149 #EP #BD 112 4105 4148
4150 #EP #BD 717 4091 4149
4151 #EP #BD 987 4081 4150
4152 #EP #BD 980 4080 4151
4153 #EP #BD 973 0 4152
4154 #EP #BD 75 4079 4153
4155 #EP #BD 701 4064 4154
4156 #EP #BI 28 0 4155
4157 #EP #BI 4 0 4156
4158 #EA 2537 939
4159 #EA 2771 5
4160 #EA 4159 8
4161 #EP #BD 965 4158 4160
4162 #EL #BD 966 2526 4161
4163 #EL #BI 501 0 4162
4164 #EA 2297 4163
4165 #EA 4164 366
4166 #EA 4165 82
4167 #EA 2571 911
4168 #EA 2536 10
4169 #EA 4168 5
4170 #EA 4169 8
4171 #EP #BD 965 4116 4170
4172 #EL #BD 966 2628 4171
4173 #EL #BI 501 0 4172
4174 #EA 4167 4173
4175 #EA 35 939
4176 #EA 4175 5
4177 #EA 2594 2591
4178 #EA 2591 10
4179 #EA 4178 5
4180 #EA 4179 8
4181 #EP #BD 965 4177 4180
4182 #EL #BD 966 2630 4181
4183 #EL #BI 501 0 4182
4184 #EA 2629 4183
4185 #EA 4184 8
4186 #EA 4185 5
4187 #EA 2773 10
4188 #EA 2708 939
4189 #EA 2093 4188
4190 #EA 4189 910
4191 #EA 35 2591
4192 #EA 4191 82
4193 #EA 4190 4192
4194 #EA 4193 10
4195 #EA 2889 2778
4196 #EA 2778 10
4197 #EA 4196 5
4198 #EA 4197 8
4199 #EP #BD 965 4195 4198
4200 #EL #BD 966 2684 4199
4201 #EL #BI 501 0 4200
4202 #EA 2681 4201
4203 #EA 4202 2536
4204 #EA 4203 911
4205 #EA 2093 4204
4206 #EA 4205 910
4207 #EA 4202 121
4208 #EA 4207 82
4209 #EA 4206 4208
4210 #EA 4209 10
4211 #EA 2591 2582
4212 #EA 4211 2536
4213 #EA 4212 939
4214 #EA 4213 911
4215 #EP #BD 188 4210 4214
4216 #EP #BD 188 4194 4215
4217 #EP #BD 188 4187 4216
4218 #EL #BD 86 4186 4217
4219 #EL #BD 76 4176 4218
4220 #EL #BI 22 0 4219
4221 #EA 4174 4220
4222 #EA 4221 698
4223 #EA 4222 121
4224 #EA 4223 5
992 #NI 574 2514409987
993 #NS 992 _hygCtx
994 #NS 993 _hyg
995 #NI 994 124
4225 #EA 1972 698
4226 #EA 4225 911
4227 #EA 2625 939
4228 #EA 2707 4134
4229 #EA 4228 8
4230 #EA 4229 5
4231 #EA 2708 10
4232 #EA 2093 4231
4233 #EA 4232 8
4234 #EA 4191 2591
4235 #EA 4233 4234
4236 #EA 4235 2650
4237 #EA 4202 82
4238 #EA 4237 10
4239 #EA 2093 4238
4240 #EA 4239 8
4241 #EA 4202 2593
4242 #EA 4241 2694
4243 #EA 4240 4242
4244 #EA 2697 4201
4245 #EA 4243 4244
4246 #EA 2591 121
4247 #EA 4246 2536
4248 #EA 4247 82
4249 #EA 4248 10
4250 #EP #BD 188 4245 4249
4251 #EP #BD 188 4236 4250
4252 #EP #BD 717 4230 4251
4253 #EP #BD 987 2538 4252
4254 #EL #BD 973 0 4253
4255 #EA 4227 4254
4256 #EA 2627 939
4257 #EA 4184 2536
4258 #EA 4257 5
996 #NI 994 125
4259 #EA 2093 2677
4260 #EA 4259 8
4261 #EA 4260 2641
4262 #EA 4261 2643
4263 #EA 2708 2591
4264 #EA 2676 4263
4265 #EA 4264 2650
4266 #EA 4241 5
4267 #EA 2802 2799
4268 #EA 2799 10
4269 #EA 4268 5
4270 #EA 4269 8
4271 #EP #BD 965 4267 4270
4272 #EL #BD 966 2780 4271
4273 #EL #BI 501 0 4272
4274 #EA 2777 4273
4275 #EA 4274 2682
4276 #EA 4275 8
4277 #EA 2093 4276
4278 #EA 4277 5
4279 #EA 4275 2723
4280 #EA 4278 4279
4281 #EA 2253 2682
4282 #EA 4281 4273
4283 #EA 4280 4282
4284 #EA 2593 2778
4285 #EA 4284 2582
4286 #EA 4285 10
4287 #EA 4286 8
4288 #EP #BD 188 4283 4287
4289 #EP #BD 717 4266 4288
4290 #EL #BD 987 4263 4289
4291 #EA 4265 4290
4292 #EA 2779 2682
4293 #EA 2682 10
4294 #EA 4293 5
4295 #EA 4294 8
4296 #EP #BD 965 4292 4295
4297 #EL #BD 966 2595 4296
4298 #EL #BI 501 0 4297
4299 #EA 2592 4298
4300 #EA 4299 2591
4301 #EA 4300 2650
997 #NI 994 127
4302 #EA 2093 4242
4303 #EA 4302 5
4304 #EA 4303 4242
4305 #EA 4304 4244
4306 #EA 2676 4279
4307 #EA 4306 4282
4308 #EA 2182 2778
4309 #EA 4285 4308
4310 #EA 4309 5
4311 #EL #BD 717 4279 4310
4312 #EA 4307 4311
4313 #EA 910 2536
4314 #EA 4312 4313
4315 #EA 4314 8
4316 #EA 2731 4279
4317 #EA 4316 8
4318 #EA 4317 4282
4319 #EA 2735 4279
4320 #EA 4319 8
4321 #EA 4320 4282
4322 #EA 4321 5
4323 #EA 4318 4322
4324 #EA 4315 4323
4325 #EL #BD 997 4305 4324
4326 #EL #BD 717 4301 4325
4327 #EA 4291 4326
4328 #EA 4327 10
4329 #EA 2731 4263
4330 #EA 4329 10
4331 #EA 4330 2650
4332 #EA 2735 4263
4333 #EA 4332 10
4334 #EA 4333 2650
4335 #EA 4334 5
4336 #EA 4331 4335
4337 #EA 4328 4336
4338 #EA 4337 8
4339 #EL #BD 996 4262 4338
4340 #EL #BD 717 4258 4339
4341 #EL #BD 987 4256 4340
4342 #EA 4255 4341
4343 #EA 4342 860
4344 #EA 2762 860
4345 #EA 4344 939
4346 #EA 4345 5
4347 #EA 4343 4346
4348 #EA 4347 366
4349 #EA 4348 121
4350 #EL #BD 995 4226 4349
4351 #EA 4224 4350
998 #NI 990 120
999 #NI 728 2514409987
1000 #NS 999 _hygCtx
1001 #NS 1000 _hyg
1002 #NI 1001 121
1003 #NI 735 2514409987
1004 #NS 1003 _hygCtx
1005 #NS 1004 _hyg
1006 #NI 1005 122
1007 #NI 742 2514409987
1008 #NS 1007 _hygCtx
1009 #NS 1008 _hyg
1010 #NI 1009 123
4352 #EA 2582 82
4353 #EA 4352 5
4354 #EA 4353 10
4355 #EP #BD 965 4106 4354
1011 #NI 994 129
4356 #EA 1972 939
4357 #EA 4356 2068
4358 #EA 2856 2801
4359 #EA 2801 10
4360 #EA 4359 5
4361 #EA 4360 8
4362 #EP #BD 965 4358 4361
4363 #EL #BD 966 2890 4362
4364 #EL #BI 501 0 4363
4365 #EA 2888 4364
4366 #EA 4365 8
4367 #EA 4366 5
4368 #EA 2889 10
4369 #EA 2093 4368
4370 #EA 4369 8
4371 #EA 35 2799
4372 #EA 4371 2792
4373 #EA 4370 4372
4374 #EA 2815 860
4375 #EA 4374 698
4376 #EA 4373 4375
4377 #EV 21
4378 #EA 2166 4377
4379 #EV 20
4380 #EA 4378 4379
4381 #EA 4379 10
4382 #EA 4381 5
4383 #EA 4382 8
4384 #EP #BD 965 4380 4383
4385 #EL #BD 966 2857 4384
4386 #EL #BI 501 0 4385
4387 #EA 2854 4386
4388 #EA 4387 82
4389 #EA 4388 10
4390 #EA 2093 4389
4391 #EA 4390 8
4392 #EA 4387 2813
4393 #EA 2868 910
4394 #EA 4393 860
4395 #EA 4392 4394
4396 #EA 4391 4395
4397 #EA 2873 4386
4398 #EA 4397 910
4399 #EA 4398 860
4400 #EA 4399 698
4401 #EA 4400 366
4402 #EA 4396 4401
4403 #EA 2799 121
4404 #EA 4403 2682
4405 #EA 4404 82
4406 #EA 4405 10
4407 #EP #BD 188 4402 4406
4408 #EP #BD 188 4376 4407
4409 #EP #BD 717 4367 4408
4410 #EP #BD 987 2684 4409
4411 #EL #BD 973 0 4410
4412 #EA 2776 4411
4413 #EA 2594 2775
4414 #EA 4274 2094
4415 #EA 4414 5
1012 #NI 994 130
4416 #EA 2779 2839
4417 #EA 2093 4416
4418 #EA 4417 8
4419 #EA 2791 2839
4420 #EA 4418 4419
4421 #EA 2795 698
4422 #EA 4421 366
4423 #EA 4420 4422
4424 #EA 2889 2792
4425 #EA 2676 4424
4426 #EA 4425 4375
4427 #EA 4392 5
4428 #EA 2202 2855
4429 #EA 2166 4379
4430 #EA 4429 5
4431 #EV 22
4432 #EA 2166 4431
4433 #EA 4432 4377
4434 #EA 4377 10
4435 #EA 4434 5
4436 #EA 4435 8
4437 #EP #BD 965 4433 4436
4438 #EL #BD 966 4430 4437
4439 #EL #BI 501 0 4438
4440 #EA 4428 4439
4441 #EA 4440 2863
4442 #EA 4441 8
4443 #EA 2093 4442
4444 #EA 4443 5
4445 #EA 2904 911
4446 #EA 4445 910
4447 #EA 4441 4446
4448 #EA 4444 4447
4449 #EA 2263 2855
4450 #EA 4449 4439
4451 #EA 4450 911
4452 #EA 4451 910
4453 #EA 4452 860
4454 #EA 4453 698
4455 #EA 4448 4454
4456 #EA 2801 2880
4457 #EA 4456 2778
4458 #EA 4457 10
4459 #EA 4458 8
4460 #EP #BD 188 4455 4459
4461 #EP #BD 717 4427 4460
4462 #EL #BD 987 4424 4461
4463 #EA 4426 4462
4464 #EA 4429 2855
4465 #EA 2855 10
4466 #EA 4465 5
4467 #EA 4466 8
4468 #EP #BD 965 4464 4467
4469 #EL #BD 966 2803 4468
4470 #EL #BI 501 0 4469
4471 #EA 2800 4470
4472 #EA 4471 2792
4473 #EA 4472 4375
1013 #NI 994 132
4474 #EA 2093 4395
4475 #EA 4474 5
4476 #EA 4475 4395
4477 #EA 4476 4401
4478 #EA 2676 4447
4479 #EA 4478 4454
4480 #EA 2188 4379
4481 #EA 4480 939
4482 #EA 4481 911
4483 #EA 4457 4482
4484 #EA 4483 5
4485 #EL #BD 717 4447 4484
4486 #EA 4479 4485
4487 #EA 2536 2682
4488 #EA 4487 911
4489 #EA 4488 910
4490 #EA 4489 860
4491 #EA 4490 698
4492 #EA 4486 4491
4493 #EA 4492 8
4494 #EA 2731 4447
4495 #EA 4494 8
4496 #EA 4495 4454
4497 #EA 2735 4447
4498 #EA 4497 8
4499 #EA 4498 4454
4500 #EA 4499 5
4501 #EA 4496 4500
4502 #EA 4493 4501
4503 #EL #BD 1013 4477 4502
4504 #EL #BD 717 4473 4503
4505 #EA 4463 4504
4506 #EA 4505 10
4507 #EA 2731 4424
4508 #EA 4507 10
4509 #EA 4508 4375
4510 #EA 2735 4424
4511 #EA 4510 10
4512 #EA 4511 4375
4513 #EA 4512 5
4514 #EA 4509 4513
4515 #EA 4506 4514
4516 #EA 4515 8
4517 #EL #BD 1012 4423 4516
4518 #EL #BD 717 4415 4517
4519 #EL #BD 987 4413 4518
4520 #EA 4412 4519
4521 #EA 4520 2536
4522 #EA 2762 2536
4523 #EA 4522 2775
4524 #EA 4523 5
4525 #EA 4521 4524
4526 #EA 4525 911
4527 #EA 4526 910
4528 #EL #BD 1011 4357 4527
4529 #EL #BD 1010 4355 4528
4530 #EL #BD 1006 4186 4529
4531 #EL #BD 1002 4176 4530
4532 #EL #BI 998 0 4531
4533 #EA 4351 4532
4534 #EL #BD 717 4166 4533
4535 #EA 4534 10
4536 #EA 2959 366
4537 #EA 4535 4536
4538 #EA 2562 366
4539 #EA 2135 4538
4540 #EA 4539 82
4541 #EA 4537 4540
4542 #EA 2135 4166
4543 #EA 4542 10
4544 #EA 4541 4543
4545 #EL #BD 113 4145 4544
4546 #EL #BD 112 4105 4545
4547 #EL #BD 717 4091 4546
4548 #EL #BD 987 4081 4547
4549 #EL #BD 980 4080 4548
4550 #EL #BD 973 0 4549
4551 #EL #BD 75 4079 4550
4552 #EL #BD 701 4064 4551
4553 #EL #BI 28 0 4552
4554 #EL #BI 4 0 4553
#DEF 961 4157 4554 
1014 #NS 1 le_trans
4555 #EA 2492 10
4556 #EP #BD 22 4061 4555
4557 #EP #BD 22 4061 4556
4558 #EP #BI 501 0 4557
4559 #EP #BI 28 0 4558
4560 #EP #BI 4 0 4559
4561 #EA 2505 121
4562 #EA 2505 8
4563 #EP #BD 966 4562 20
4564 #EP #BD 965 4561 4563
4565 #EP #BI 501 0 4564
4566 #EA 2517 10
4567 #EL #BD 966 4562 4566
4568 #EL #BD 965 4561 4567
4569 #EL #BI 501 0 4568
4570 #EA 3048 121
4571 #EA 316 5
4572 #EA 4571 8
4573 #EP #BD 965 4067 4572
4574 #EL #BD 966 2506 4573
4575 #EL #BI 501 0 4574
4576 #EA 4570 4575
4577 #EA 4576 82
4578 #EA 4577 8
4579 #EA 2525 910
4580 #EA 2236 5
4581 #EA 4580 8
4582 #EP #BD 965 4579 4581
4583 #EL #BD 966 2518 4582
4584 #EL #BI 501 0 4583
4585 #EA 2259 4584
4586 #EA 4585 8
4587 #EA 4586 5
4588 #EC 961 
4589 #EA 4588 911
4590 #EA 4589 910
4591 #EA 4590 121
4592 #EA 2627 8
4593 #EP #BD 965 4177 4160
4594 #EL #BD 966 2630 4593
4595 #EL #BI 501 0 4594
4596 #EA 2629 4595
4597 #EA 4596 10
4598 #EA 4597 5
4599 #EA 2708 82
4600 #EL #BD 717 4598 4599
4601 #EL #BD 987 4592 4600
4602 #EL #BD 980 4097 4601
4603 #EL #BD 973 0 4602
4604 #EA 4591 4603
4605 #EA 4604 82
4606 #EA 4605 5
4607 #EA 4606 10
4608 #EA 4607 8
4609 #EL #BD 188 4579 5
4610 #EA 4608 4609
4611 #EA 4596 8
4612 #EA 4611 5
4613 #EA 2340 5
4614 #EA 4613 10
4615 #EP #BD 965 4106 4614
4616 #EA 2188 2593
4617 #EA 4616 82
4618 #EA 4617 2472
4619 #EL #BD 649 4615 4618
4620 #EL #BD 644 4612 4619
4621 #EL #BD 768 4176 4620
4622 #EL #BD 991 0 4621
4623 #EL #BD 693 4579 4622
4624 #EA 4610 4623
4625 #EL #BD 965 4082 4624
4626 #EL #BD 654 4587 4625
4627 #EL #BD 966 2506 4626
4628 #EL #BI 501 0 4627
4629 #EA 4578 4628
4630 #EA 4629 10
4631 #EZ 701 4565 4569 4630
4632 #EL #BD 966 4061 4631
4633 #EL #BD 965 4061 4632
4634 #EL #BI 501 0 4633
4635 #EL #BI 28 0 4634
4636 #EL #BI 4 0 4635
#DEF 1014 4560 4636 
1015 #NS 1 lt_of_lt_of_le
4637 #EA 3881 8
4638 #EA 3883 10
4639 #EP #BD 22 4061 4638
4640 #EP #BD 22 4637 4639
4641 #EP #BI 501 0 4640
4642 #EP #BI 28 0 4641
4643 #EP #BI 4 0 4642
4644 #EC 1014 
4645 #EA 4644 2027
4646 #EA 4645 8
4647 #EA 4646 5
4648 #EL #BI 501 0 4647
4649 #EL #BI 28 0 4648
4650 #EL #BI 4 0 4649
#DEF 1015 4643 4650 
1016 #NS 190 casesOn
4651 #EA 553 8
4652 #EA 4651 5
4653 #EP #BD 76 4652 72
4654 #EA 553 10
4655 #EA 4654 8
1017 #NS 0 intro
4656 #EC 191 
4657 #EA 4656 366
4658 #EA 4657 121
4659 #EA 4658 8
4660 #EA 4659 5
4661 #EA 82 4660
4662 #EP #BD 193 82 4661
4663 #EP #BD 192 82 4662
4664 #EP #BD 1017 4663 229
4665 #EP #BD 76 4655 4664
4666 #EP #BI 75 4653 4665
4667 #EP #BI 59 20 4666
4668 #EP #BI 18 20 4667
1018 #NS 190 rec
4669 #EC 1018 2
4670 #EA 4669 121
4671 #EA 4670 82
4672 #EA 4671 10
4673 #EL #BD 193 121 798
4674 #EL #BD 192 121 4673
4675 #EA 4672 4674
4676 #EA 4675 8
4677 #EL #BD 1017 4663 4676
4678 #EL #BD 76 4655 4677
4679 #EL #BI 75 4653 4678
4680 #EL #BI 59 20 4679
4681 #EL #BI 18 20 4680
#DEF 1016 4668 4681 8
1019 #NS 593 div_rec_lemma
1020 #NS 1019 match_1_1
1021 #NS 0 y
1022 #NI 89 1457300556
1023 #NS 1022 _hygCtx
1024 #NI 1023 27
1025 #NS 1024 Init
1026 #NS 1025 Prelude
1027 #NI 1026 1457300556
1028 #NS 1027 _hygCtx
1029 #NS 1028 _hyg
1030 #NI 1029 34
4682 #EA 63 343
4683 #EA 4682 5
4684 #EA 553 4683
4685 #EA 2166 5
4686 #EA 4685 8
4687 #EA 4684 4686
4688 #EP #BD 1030 4687 20
4689 #EA 4682 8
4690 #EA 553 4689
4691 #EA 2486 10
4692 #EA 4690 4691
1031 #NS 0 ypos
4693 #EA 4682 10
1032 #NS 0 ylex
4694 #EA 2503 121
4695 #EA 4682 121
4696 #EA 4656 4695
4697 #EA 2492 366
4698 #EA 4696 4697
4699 #EA 4698 8
4700 #EA 4699 5
4701 #EA 82 4700
4702 #EP #BD 1032 4694 4701
4703 #EP #BD 1031 4693 4702
4704 #EP #BD 112 4703 229
4705 #EP #BD 1030 4692 4704
4706 #EP #BD 75 4688 4705
4707 #EP #BI 1021 0 4706
4708 #EP #BI 86 0 4707
4709 #EC 1016 0
4710 #EA 4682 82
4711 #EA 4709 4710
4712 #EA 4711 4694
4713 #EA 553 4710
4714 #EA 4713 4694
4715 #EL #BD 86 4714 237
4716 #EA 4712 4715
4717 #EA 4716 8
1033 #NS 192 _@
1034 #NS 1033 Init
1035 #NS 1034 Prelude
1036 #NI 1035 1457300556
1037 #NS 1036 _hygCtx
1038 #NS 1037 _hyg
1039 #NI 1038 50
1040 #NS 193 _@
1041 #NS 1040 Init
1042 #NS 1041 Prelude
1043 #NI 1042 1457300556
1044 #NS 1043 _hygCtx
1045 #NS 1044 _hyg
1046 #NI 1045 51
4718 #EL #BD 1046 4697 798
4719 #EL #BD 1039 4710 4718
4720 #EA 4717 4719
4721 #EL #BD 112 4703 4720
4722 #EL #BD 1030 4692 4721
4723 #EL #BD 75 4688 4722
4724 #EL #BI 1021 0 4723
4725 #EL #BI 86 0 4724
#DEF 1020 4708 4725 
1047 #NS 593 sub_lt
1048 #NS 1047 match_1_1
1049 #NI 89 1051260008
1050 #NS 1049 _hygCtx
1051 #NI 1050 21
1052 #NS 1051 Init
1053 #NS 1052 Prelude
1054 #NI 1053 1051260008
1055 #NS 1054 _hygCtx
1056 #NS 1055 _hyg
1057 #NI 1056 56
1058 #NI 1050 22
1059 #NS 1058 Init
1060 #NS 1059 Prelude
1061 #NI 1060 1051260008
1062 #NS 1061 _hygCtx
1063 #NS 1062 _hyg
1064 #NI 1063 59
1065 #NI 1050 23
1066 #NS 1065 Init
1067 #NS 1066 Prelude
1068 #NI 1067 1051260008
1069 #NS 1068 _hygCtx
1070 #NS 1069 _hyg
1071 #NI 1070 62
1072 #NI 1050 24
1073 #NS 1072 Init
1074 #NS 1073 Prelude
1075 #NI 1074 1051260008
1076 #NS 1075 _hygCtx
1077 #NS 1076 _hyg
1078 #NI 1077 65
4726 #EP #BD 1078 4689 20
4727 #EP #BD 1071 4689 4726
4728 #EP #BD 1064 0 4727
4729 #EP #BD 1057 0 4728
1079 #NS 1050 _hyg
1080 #NI 1079 77
1081 #NS 0 h1
4730 #EA 4682 343
1082 #NI 1079 76
4731 #EA 860 343
4732 #EA 4731 10
4733 #EA 4732 8
4734 #EA 4733 5
4735 #EP #BD 1082 4689 4734
4736 #EP #BD 1081 4730 4735
4737 #EP #BD 1080 0 4736
1083 #NI 116 1051260008
1084 #NS 1083 _hygCtx
1085 #NS 1084 _hyg
1086 #NI 1085 100
1087 #NI 1079 101
4738 #EA 4682 313
1088 #NS 0 h2
4739 #EA 2080 343
4740 #EA 4739 8
4741 #EA 4740 5
4742 #EP #BD 1088 4730 4741
4743 #EP #BD 1087 4738 4742
4744 #EP #BD 1086 0 4743
1089 #NI 1079 127
4745 #EA 4682 43
1090 #NI 1079 126
4746 #EA 939 2068
4747 #EA 4746 2027
4748 #EA 4747 8
4749 #EA 4748 5
4750 #EP #BD 1090 4745 4749
4751 #EP #BD 1089 4745 4750
4752 #EP #BD 28 0 4751
4753 #EP #BD 4 0 4752
4754 #EA 860 698
4755 #EA 4754 366
4756 #EA 4755 121
4757 #EA 4756 82
4758 #EP #BD 455 4753 4757
4759 #EP #BD 113 4744 4758
4760 #EP #BD 112 4737 4759
4761 #EP #BD 1078 4689 4760
4762 #EP #BD 1071 4689 4761
4763 #EP #BD 1064 0 4762
4764 #EP #BD 1057 0 4763
4765 #EP #BD 75 4729 4764
4766 #EA 2527 860
4767 #EA 4766 5
4768 #EA 4767 366
4769 #EP #BD 1071 4683 4768
4770 #EL #BD 86 0 4769
4771 #EA 1871 4770
4772 #EA 4771 698
4773 #EA 4682 245
4774 #EA 82 698
4775 #EA 4774 5
4776 #EA 4775 121
4777 #EL #BD 1071 4773 4776
4778 #EA 4772 4777
1091 #NI 1085 176
4779 #EA 2536 2068
4780 #EA 4779 8
4781 #EA 4780 10
4782 #EA 4781 5
4783 #EP #BD 1078 4683 4782
4784 #EL #BD 86 0 4783
4785 #EA 1871 4784
4786 #EA 4785 860
4787 #EA 121 10
4788 #EA 4787 8
4789 #EA 4788 5
4790 #EL #BD 1078 4773 4789
4791 #EA 4786 4790
1092 #NI 1085 177
4792 #EA 2147 10
4793 #EA 4792 5
4794 #EL #BD 1078 4738 4793
4795 #EL #BD 1092 0 4794
4796 #EA 4791 4795
4797 #EA 4796 366
4798 #EL #BD 1071 4738 4797
4799 #EL #BD 1091 0 4798
4800 #EA 4778 4799
4801 #EA 4800 121
4802 #EL #BD 455 4753 4801
4803 #EL #BD 113 4744 4802
4804 #EL #BD 112 4737 4803
4805 #EL #BD 1078 4689 4804
4806 #EL #BD 1071 4689 4805
4807 #EL #BD 1064 0 4806
4808 #EL #BD 1057 0 4807
4809 #EL #BD 75 4729 4808
#DEF 1048 4765 4809 
1093 #NS 593 not_succ_le_self
1094 #NS 1093 match_1_1
#DEF 1094 3527 3530 
1095 #NS 1 noConfusionType
4810 #EP #BD 76 0 205
4811 #EP #BD 484 72 4810
4812 #EC 97 3
4813 #EL #BD 76 0 72
4814 #EA 4812 4813
4815 #EA 4814 8
4816 #EA 4814 5
4817 #EA 4816 1623
4818 #EL #BD 4 0 82
4819 #EA 4817 4818
4820 #EA 4815 4819
4821 #EA 4815 82
1096 #NI 89 1759501723
1097 #NS 1096 _hygCtx
1098 #NS 1097 _hyg
1099 #NI 1098 7
1100 #NS 0 n_eq
4822 #EA 3790 5
4823 #EP #BD 1100 4822 366
4824 #EP #BD 1099 4823 366
4825 #EL #BD 4 0 4824
4826 #EA 4821 4825
4827 #EL #BD 4 0 4826
4828 #EA 4820 4827
4829 #EL #BD 485 0 4828
4830 #EL #BD 76 0 4829
4831 #EL #BD 484 72 4830
#DEF 1095 4811 4831 8
1101 #NS 1 noConfusion
4832 #EC 1095 2
4833 #EA 4832 82
4834 #EA 4833 10
4835 #EA 4834 8
4836 #EP #BD 500 4822 4835
4837 #EP #BI 485 0 4836
4838 #EP #BI 76 0 4837
4839 #EP #BI 484 72 4838
4840 #EA 1677 0
4841 #EA 4840 10
4842 #EA 4832 121
4843 #EA 4842 82
4844 #EA 4843 5
4845 #EL #BI 485 0 4844
4846 #EA 4841 4845
4847 #EC 97 2
4848 #EA 4842 5
4849 #EA 4848 5
4850 #EL #BI 76 0 4849
4851 #EA 4847 4850
4852 #EA 4851 10
4853 #EA 4852 1691
4854 #EA 1972 5
4855 #EA 4854 5
4856 #EP #BD 1100 4855 366
4857 #EA 2959 8
4858 #EA 5 4857
4859 #EL #BD 501 4856 4858
4860 #EL #BD 4 0 4859
4861 #EA 4853 4860
4862 #EA 4846 4861
4863 #EA 4862 8
4864 #EA 4863 5
4865 #EL #BD 500 4822 4864
4866 #EL #BI 485 0 4865
4867 #EL #BI 76 0 4866
4868 #EL #BI 484 72 4867
#DEF 1101 4839 4868 8
1102 #NS 1 not_succ_le_zero
4869 #EA 2166 313
4870 #EA 4869 343
4871 #EP #BD 22 4870 1352
4872 #EP #BD 4 0 4871
4873 #EA 4854 343
4874 #EA 3037 8
4875 #EP #BD 22 4874 1352
4876 #EP #BD 22 4873 4875
4877 #EP #BD 28 0 4876
1103 #NI 89 1602146993
1104 #NS 1103 _hygCtx
1105 #NS 1104 _hyg
1106 #NI 1105 29
1107 #NS 0 hm
1108 #NS 0 hle
4878 #EA 3903 2068
1109 #NI 1105 37
4879 #EA 35 2775
4880 #EA 4879 5
4881 #EA 3790 343
4882 #EP #BD 22 4881 1352
4883 #EL #BD 1109 4880 4882
4884 #EL #BD 28 0 4883
4885 #EA 4878 4884
4886 #EA 4885 10
4887 #EA 4886 5
4888 #EA 1972 2068
4889 #EA 4888 343
4890 #EC 1101 0
4891 #EA 4890 1352
4892 #EA 4891 2775
4893 #EA 4892 343
4894 #EA 4893 5
4895 #EL #BD 188 4889 4894
4896 #EA 4887 4895
1110 #NI 602 1602146993
1111 #NS 1110 _hygCtx
1112 #NS 1111 _hyg
1113 #NI 1112 56
1114 #NI 1105 57
4897 #EA 1972 43
4898 #EA 4897 343
4899 #EA 4891 2027
4900 #EA 4899 343
4901 #EA 4900 5
4902 #EL #BD 188 4898 4901
4903 #EL #BD 1114 4880 4902
4904 #EL #BI 1113 0 4903
4905 #EA 4896 4904
4906 #EA 4905 8
4907 #EL #BD 1108 4874 4906
4908 #EL #BD 1107 4873 4907
4909 #EL #BD 1106 0 4908
4910 #EA 5 343
4911 #EA 1713 0
4912 #EA 4911 343
4913 #EA 4910 4912
4914 #EZ 685 4877 4909 4913
4915 #EL #BD 4 0 4914
#DEF 1102 4872 4915 
1115 #NS 593 pred_le_pred
1116 #NS 1115 match_1_1
1117 #NI 89 148574969
1118 #NS 1117 _hygCtx
1119 #NI 1118 18
1120 #NS 1119 Init
1121 #NS 1120 Prelude
1122 #NI 1121 148574969
1123 #NS 1122 _hygCtx
1124 #NS 1123 _hyg
1125 #NI 1124 45
4916 #EP #BD 1125 0 2489
1126 #NI 1118 19
1127 #NS 1126 Init
1128 #NS 1127 Prelude
1129 #NI 1128 148574969
1130 #NS 1129 _hygCtx
1131 #NS 1130 _hyg
1132 #NI 1131 48
1133 #NI 1118 20
1134 #NS 1133 Init
1135 #NS 1134 Prelude
1136 #NI 1135 148574969
1137 #NS 1136 _hygCtx
1138 #NS 1137 _hyg
1139 #NI 1138 51
1140 #NI 116 148574969
1141 #NS 1140 _hygCtx
1142 #NS 1141 _hyg
1143 #NI 1142 61
4917 #EA 324 5
4918 #EA 2182 5
4919 #EA 4917 4918
4920 #EP #BD 1143 0 4919
1144 #NI 1142 81
4921 #EA 35 343
4922 #EA 4921 5
4923 #EA 698 343
4924 #EA 4923 43
4925 #EA 2189 8
4926 #EA 4925 5
4927 #EA 4924 4926
4928 #EP #BD 188 4922 4927
4929 #EP #BD 1144 0 4928
1145 #NI 1142 105
1146 #NI 1142 104
4930 #EA 2080 43
4931 #EA 42 10
4932 #EA 2188 4931
4933 #EA 4932 8
4934 #EA 4933 5
4935 #EA 4930 4934
4936 #EP #BD 188 51 4935
4937 #EP #BD 1146 0 4936
4938 #EP #BD 1145 0 4937
4939 #EP #BD 455 4938 4146
4940 #EP #BD 113 4929 4939
4941 #EP #BD 112 4920 4940
4942 #EP #BD 1139 2487 4941
4943 #EP #BD 1132 0 4942
4944 #EP #BD 1125 0 4943
4945 #EP #BD 75 4916 4944
4946 #EA 2257 121
4947 #EA 3903 698
4948 #EA 1972 860
4949 #EA 4948 8
4950 #EA 2093 4579
4951 #EA 4950 860
4952 #EA 2574 10
4953 #EA 4951 4952
4954 #EA 4953 8
4955 #EA 2536 939
4956 #EA 4955 911
4957 #EA 4956 910
4958 #EP #BD 188 4954 4957
4959 #EP #BD 188 4949 4958
4960 #EL #BD 86 2296 4959
4961 #EL #BD 22 0 4960
4962 #EA 4947 4961
4963 #EA 4962 366
4964 #EA 4963 5
1147 #NI 574 148574969
1148 #NS 1147 _hygCtx
1149 #NS 1148 _hyg
1150 #NI 1149 126
4965 #EA 2622 698
4966 #EA 2625 860
4967 #EA 2525 8
4968 #EA 2093 4967
4969 #EA 4968 5
4970 #EA 2574 911
4971 #EA 4969 4970
4972 #EA 2182 911
4973 #EA 4971 4972
4974 #EA 4955 10
4975 #EA 4974 8
4976 #EP #BD 188 4973 4975
4977 #EP #BD 1139 2563 4976
4978 #EL #BD 1132 0 4977
4979 #EA 4966 4978
4980 #EA 2517 860
1151 #NI 1149 127
4981 #EA 2562 910
4982 #EA 2093 4981
4983 #EA 4982 5
4984 #EA 2332 910
4985 #EA 4983 4984
4986 #EA 2182 910
4987 #EA 4985 4986
4988 #EA 2676 2665
4989 #EA 4988 4972
4990 #EA 4955 939
4991 #EA 4990 5
4992 #EL #BD 1139 2665 4991
4993 #EA 4989 4992
4994 #EA 698 911
4995 #EA 4993 4994
4996 #EA 4995 8
4997 #EA 2731 2665
4998 #EA 4997 8
4999 #EA 4998 4972
5000 #EA 2735 2665
5001 #EA 5000 8
5002 #EA 5001 4972
5003 #EA 5002 5
5004 #EA 4999 5003
5005 #EA 4996 5004
5006 #EL #BD 1151 4987 5005
5007 #EL #BD 1139 4980 5006
5008 #EA 4979 5007
5009 #EA 5008 698
5010 #EA 2763 860
5011 #EA 5010 5
5012 #EA 5009 5011
5013 #EA 5012 366
5014 #EL #BD 1150 4965 5013
5015 #EA 4964 5014
1152 #NI 602 148574969
1153 #NS 1152 _hygCtx
1154 #NS 1153 _hyg
1155 #NI 1154 124
1156 #NI 728 148574969
1157 #NS 1156 _hygCtx
1158 #NS 1157 _hyg
1159 #NI 1158 125
1160 #NI 1149 129
5016 #EA 4948 43
5017 #EA 2625 2027
5018 #EA 2537 8
5019 #EA 2093 5018
5020 #EA 5019 5
5021 #EA 2671 2775
5022 #EA 5020 5021
5023 #EA 2188 2536
5024 #EA 5023 121
5025 #EA 5024 82
5026 #EA 5022 5025
5027 #EA 4211 10
5028 #EA 5027 8
5029 #EP #BD 188 5026 5028
5030 #EP #BD 1139 2628 5029
5031 #EL #BD 1132 0 5030
5032 #EA 5017 5031
5033 #EA 2525 2027
1161 #NI 1149 130
5034 #EA 2627 2068
5035 #EA 2093 5034
5036 #EA 5035 5
5037 #EA 4175 2068
5038 #EA 5036 5037
5039 #EA 5038 2306
5040 #EA 2537 2775
5041 #EA 2676 5040
5042 #EA 5041 5025
5043 #EA 4211 2094
5044 #EA 5043 5
5045 #EL #BD 1139 5040 5044
5046 #EA 5042 5045
5047 #EA 36 366
5048 #EA 2596 2839
5049 #EA 2188 8
5050 #EA 5049 698
5051 #EA 5050 5
5052 #EA 5048 5051
5053 #EP #BD 1159 5047 5052
5054 #EL #BD 86 0 5053
5055 #EA 1871 5054
5056 #EA 5055 2536
5057 #EA 35 245
5058 #EA 5057 121
5059 #EA 910 366
5060 #EA 5059 5
5061 #EL #BD 1159 5058 5060
5062 #EA 5056 5061
1162 #NI 1142 132
5063 #EA 35 313
5064 #EA 5063 366
5065 #EA 2564 698
5066 #EA 5065 5
5067 #EL #BD 1159 5064 5066
5068 #EL #BD 1162 0 5067
5069 #EA 5062 5068
5070 #EA 5069 82
5071 #EA 5046 5070
5072 #EA 5071 8
5073 #EA 2731 5040
5074 #EA 5073 8
5075 #EA 5074 5025
5076 #EA 2735 5040
5077 #EA 5076 8
5078 #EA 5077 5025
5079 #EA 5078 5
5080 #EA 5075 5079
5081 #EA 5072 5080
5082 #EL #BD 1161 5039 5081
5083 #EL #BD 1139 5033 5082
5084 #EA 5032 5083
5085 #EA 5084 910
5086 #EA 2762 910
5087 #EA 5086 2027
5088 #EA 5087 5
5089 #EA 5085 5088
5090 #EA 5089 860
5091 #EL #BD 1160 5016 5090
5092 #EL #BD 1159 2296 5091
5093 #EL #BI 1155 0 5092
5094 #EA 5015 5093
5095 #EL #BD 1139 4946 5094
5096 #EA 5095 82
5097 #EA 5096 2960
5098 #EA 2135 4561
5099 #EA 5098 82
5100 #EA 5097 5099
5101 #EL #BD 455 4938 5100
5102 #EL #BD 113 4929 5101
5103 #EL #BD 112 4920 5102
5104 #EL #BD 1139 2487 5103
5105 #EL #BD 1132 0 5104
5106 #EL #BD 1125 0 5105
5107 #EL #BD 75 4916 5106
#DEF 1116 4945 5107 
1163 #NS 1 le_succ
5108 #EA 4685 313
5109 #EP #BD 4 0 5108
5110 #EA 2188 5
5111 #EA 5110 5
5112 #EA 5111 4918
5113 #EL #BD 4 0 5112
#DEF 1163 5109 5113 
1164 #NS 1 pred_le_pred
5114 #EA 4041 10
5115 #EA 2166 5114
5116 #EA 4041 8
5117 #EA 5115 5116
5118 #EP #BD 22 2487 5117
5119 #EP #BI 28 0 5118
5120 #EP #BI 4 0 5119
1165 #NS 1118 _hyg
1166 #NI 1165 18
1167 #NI 1165 19
1168 #NI 1165 20
5121 #EC 1116 
5122 #EL #BD 1139 2487 5117
5123 #EL #BD 1132 0 5122
5124 #EL #BD 1125 0 5123
5125 #EA 5121 5124
5126 #EA 5125 10
5127 #EA 5126 8
5128 #EA 5127 5
5129 #EA 4041 5
5130 #EA 2182 5129
5131 #EL #BD 1143 0 5130
5132 #EA 5128 5131
5133 #EL #BD 188 4922 5
5134 #EL #BD 1144 0 5133
5135 #EA 5132 5134
5136 #EA 4041 2027
5137 #EA 4644 5136
5138 #EA 42 5136
5139 #EA 5137 5138
5140 #EA 4041 43
5141 #EA 5139 5140
5142 #EC 1163 
5143 #EA 5142 5136
5144 #EA 5141 5143
5145 #EA 5144 5
5146 #EL #BD 188 51 5145
5147 #EL #BD 1146 0 5146
5148 #EL #BD 1145 0 5147
5149 #EA 5135 5148
5150 #EL #BD 1168 2487 5149
5151 #EL #BD 1167 0 5150
5152 #EL #BD 1166 0 5151
#DEF 1164 5120 5152 
1169 #NS 1 le_of_succ_le_succ
5153 #EA 2166 43
5154 #EA 5153 313
5155 #EP #BD 22 5154 4061
5156 #EP #BI 28 0 5155
5157 #EP #BI 4 0 5156
5158 #EC 1164 
5159 #EA 5158 43
5160 #EA 5159 313
5161 #EL #BI 28 0 5160
5162 #EL #BI 4 0 5161
#DEF 1169 5157 5162 
1170 #NS 1 not_succ_le_self
5163 #EA 4869 5
5164 #EA 1355 5163
5165 #EP #BD 4 0 5164
1171 #NI 89 2359205665
1172 #NS 1171 _hygCtx
1173 #NS 1172 _hyg
1174 #NI 1173 13
5166 #EL #BD 1174 0 5164
5167 #EA 1890 5166
5168 #EA 5167 5
5169 #EA 1894 5166
5170 #EA 5169 5
5171 #EC 1094 
1175 #NI 1172 13
1176 #NS 1175 Init
1177 #NS 1176 Prelude
1178 #NI 1177 2359205665
1179 #NS 1178 _hygCtx
1180 #NS 1179 _hyg
1181 #NI 1180 24
1182 #NI 1173 50
5172 #EA 5153 8
5173 #EA 1355 5172
5174 #EP #BD 1182 5170 5173
5175 #EL #BD 1181 0 5174
5176 #EA 5171 5175
5177 #EA 5176 8
5178 #EA 5169 343
5179 #EC 1102 
5180 #EA 5179 343
5181 #EL #BD 1182 5178 5180
5182 #EL #BD 173 333 5181
5183 #EA 5177 5182
5184 #EA 5169 313
5185 #EA 42 43
5186 #EA 2166 5185
5187 #EA 5186 43
5188 #EA 3092 10
5189 #EA 5188 477
5190 #EA 2166 5189
5191 #EA 5190 10
5192 #EA 3683 5191
5193 #EA 5192 1352
5194 #EC 1169 
5195 #EA 5194 5189
5196 #EA 5195 10
5197 #EA 5196 5
5198 #EA 5193 5197
5199 #EJ 70 0 8
5200 #EA 5198 5199
5201 #EL #BD 188 5187 5200
5202 #EL #BD 1182 5184 5201
5203 #EL #BD 4 0 5202
5204 #EA 5183 5203
5205 #EA 5204 5
5206 #EL #BD 82 5170 5205
5207 #EL #BD 1174 0 5206
5208 #EA 5168 5207
5209 #EL #BD 1174 0 5208
#DEF 1170 5165 5209 
1183 #NS 1 lt_irrefl
5210 #EA 64 5
5211 #EA 1355 5210
5212 #EP #BD 4 0 5211
5213 #EC 1170 
5214 #EA 5213 5
5215 #EL #BD 4 0 5214
#DEF 1183 5212 5215 
1184 #NS 1 lt_succ_of_le
5216 #EA 3881 43
5217 #EP #BD 22 2487 5216
5218 #EP #BI 28 0 5217
5219 #EP #BI 4 0 5218
5220 #EA 3147 8
5221 #EA 5220 5
5222 #EL #BI 28 0 5221
5223 #EL #BI 4 0 5222
#DEF 1184 5219 5223 
1185 #NS 1 le_refl
5224 #EA 4685 5
5225 #EP #BD 4 0 5224
5226 #EL #BD 4 0 4918
#DEF 1185 5225 5226 
1186 #NS 593 pred_le
1187 #NS 1186 match_1_1
#DEF 1187 1870 1879 
1188 #NS 1 pred_le
5227 #EA 2166 5129
5228 #EA 5227 5
5229 #EP #BD 4 0 5228
1189 #NI 89 2429363084
1190 #NS 1189 _hygCtx
1191 #NS 1190 _hyg
1192 #NI 1191 11
5230 #EC 1187 
1193 #NI 1190 11
1194 #NS 1193 Init
1195 #NS 1194 Prelude
1196 #NI 1195 2429363084
1197 #NS 1196 _hygCtx
1198 #NS 1197 _hyg
1199 #NI 1198 22
5231 #EL #BD 1199 0 5228
5232 #EA 5230 5231
5233 #EA 5232 5
5234 #EA 4041 245
5235 #EA 2182 5234
5236 #EL #BD 173 333 5235
5237 #EA 5233 5236
1200 #NI 116 2429363084
1201 #NS 1200 _hygCtx
1202 #NS 1201 _hyg
1203 #NI 1202 33
5238 #EA 4041 313
5239 #EA 5142 5238
5240 #EL #BD 1203 0 5239
5241 #EA 5237 5240
5242 #EL #BD 1192 0 5241
#DEF 1188 5229 5242 
1204 #NS 1 sub_le
5243 #EC 937 0 0 0
5244 #EA 5243 0
5245 #EA 5244 0
5246 #EA 5245 0
5247 #EC 942 0
5248 #EA 5247 0
5249 #EC 959 
5250 #EA 5248 5249
5251 #EA 5246 5250
5252 #EA 5251 8
5253 #EA 5252 5
5254 #EA 2166 5253
5255 #EA 5254 8
5256 #EP #BD 28 0 5255
5257 #EP #BD 4 0 5256
5258 #EC 77 0
1205 #NI 89 3861851691
1206 #NS 1205 _hygCtx
1207 #NS 1206 _hyg
1208 #NI 1207 12
5259 #EA 5251 10
5260 #EA 5259 5
5261 #EA 2166 5260
5262 #EA 5261 10
5263 #EL #BD 1208 0 5262
5264 #EA 5258 5263
5265 #EC 1185 
5266 #EA 5252 245
5267 #EA 5265 5266
5268 #EA 5264 5267
1209 #NI 1207 21
5269 #EA 5251 82
5270 #EA 5269 43
5271 #EA 4644 5270
5272 #EA 4059 82
5273 #EA 5272 8
5274 #EA 5271 5273
5275 #EA 5274 82
5276 #EC 1188 
5277 #EA 5276 5273
5278 #EA 5275 5277
5279 #EA 5278 5
5280 #EL #BD 637 5262 5279
5281 #EL #BD 1209 0 5280
5282 #EA 5268 5281
5283 #EA 5282 5
5284 #EL #BD 28 0 5283
5285 #EL #BD 4 0 5284
#DEF 1204 5257 5285 
1210 #NS 1 succ_sub_succ_eq_sub
5286 #EA 5251 43
5287 #EA 5286 313
5288 #EA 1972 5287
5289 #EA 5288 5253
5290 #EP #BD 28 0 5289
5291 #EP #BD 4 0 5290
1211 #NI 89 3412428059
1212 #NS 1211 _hygCtx
1213 #NS 1212 _hyg
1214 #NI 1213 22
5292 #EA 5251 2027
5293 #EA 5292 313
5294 #EA 1972 5293
5295 #EA 5294 5260
5296 #EL #BD 1214 0 5295
5297 #EA 5258 5296
5298 #EA 42 245
5299 #EA 5286 5298
5300 #EA 4911 5299
5301 #EA 5297 5300
1215 #NI 1213 28
5302 #EC 565 1 1
5303 #EA 5302 0
5304 #EA 5303 0
5305 #EA 4059 2068
5306 #EA 3092 8
5307 #EA 5306 477
5308 #EA 5305 5307
5309 #EA 5304 5308
5310 #EA 5309 5273
5311 #EA 5310 4041
5312 #EA 5311 5
5313 #EL #BD 637 5295 5312
5314 #EL #BD 1215 0 5313
5315 #EA 5301 5314
5316 #EA 5315 5
5317 #EL #BD 28 0 5316
5318 #EL #BD 4 0 5317
#DEF 1210 5291 5318 
1216 #NS 1 sub_lt
5319 #EA 5269 10
5320 #EA 63 5319
5321 #EA 5320 82
5322 #EP #BD 22 4689 5321
5323 #EP #BD 22 4689 5322
5324 #EP #BI 28 0 5323
5325 #EP #BI 4 0 5324
1217 #NI 1079 21
1218 #NI 1079 22
1219 #NI 1079 23
1220 #NI 1079 24
5326 #EC 1048 
5327 #EL #BD 1078 4689 5321
5328 #EL #BD 1071 4689 5327
5329 #EL #BD 1064 0 5328
5330 #EL #BD 1057 0 5329
5331 #EA 5326 5330
5332 #EA 5331 82
5333 #EA 5332 10
5334 #EA 5333 8
5335 #EA 5334 5
5336 #EA 3683 4730
5337 #EA 5251 343
5338 #EA 5337 10
5339 #EA 63 5338
5340 #EA 5339 343
5341 #EA 5336 5340
5342 #EA 5341 8
5343 #EC 1183 
5344 #EA 5343 343
5345 #EA 5342 5344
5346 #EL #BD 1082 4689 5345
5347 #EL #BD 1081 4730 5346
5348 #EL #BD 1080 0 5347
5349 #EA 5335 5348
5350 #EA 5292 343
5351 #EA 63 5350
5352 #EA 5351 2027
5353 #EA 5336 5352
5354 #EA 5353 5
5355 #EA 5354 5344
5356 #EL #BD 1088 4730 5355
5357 #EL #BD 1087 4738 5356
5358 #EL #BD 1086 0 5357
5359 #EA 5349 5358
5360 #EA 1970 5319
1221 #NI 1079 162
1222 #NI 574 1051260008
1223 #NS 1222 _hygCtx
1224 #NS 1223 _hyg
1225 #NI 1224 163
5361 #EA 5251 121
5362 #EA 5361 82
5363 #EA 1972 5362
5364 #EA 5363 5
5365 #EA 3877 2094
5366 #EL #BD 1225 5364 5365
5367 #EL #BD 1221 0 5366
5368 #EA 5360 5367
5369 #EA 5320 2068
5370 #EC 1184 
5371 #EA 5370 5319
5372 #EA 5371 82
5373 #EC 1204 
5374 #EA 5373 82
5375 #EA 5374 10
5376 #EA 5372 5375
5377 #EZ 685 5369 5376 5
5378 #EA 5368 5377
5379 #EA 5251 2068
5380 #EA 5379 2027
5381 #EA 5378 5380
5382 #EA 2762 5380
5383 #EA 5382 5319
5384 #EC 1210 
5385 #EA 5384 82
5386 #EA 5385 10
5387 #EA 5383 5386
5388 #EA 5381 5387
5389 #EL #BD 1090 4745 5388
5390 #EL #BD 1089 4745 5389
5391 #EL #BD 28 0 5390
5392 #EL #BD 4 0 5391
5393 #EA 5359 5392
5394 #EL #BD 1220 4689 5393
5395 #EL #BD 1219 4689 5394
5396 #EL #BD 1218 0 5395
5397 #EL #BD 1217 0 5396
#DEF 1216 5325 5397 
1226 #NS 1 div_rec_lemma
5398 #EA 5259 8
5399 #EA 63 5398
5400 #EA 5399 10
5401 #EP #BD 22 4687 5400
5402 #EP #BI 1021 0 5401
5403 #EP #BI 86 0 5402
1227 #NS 1023 _hyg
1228 #NI 1227 27
5404 #EC 1020 
5405 #EA 5404 10
5406 #EA 5405 8
5407 #EL #BD 1030 4692 5321
5408 #EA 5406 5407
5409 #EA 5408 5
5410 #EA 2490 82
5411 #EC 1216 
5412 #EA 5411 121
5413 #EA 5412 82
5414 #EC 1015 
5415 #EA 5414 343
5416 #EA 5415 82
5417 #EA 5416 121
5418 #EA 5417 8
5419 #EA 5418 5
5420 #EA 5413 5419
5421 #EA 5420 8
5422 #EL #BD 1032 5410 5421
5423 #EL #BD 1031 4689 5422
5424 #EA 5409 5423
5425 #EL #BD 1228 4687 5424
5426 #EL #BI 1021 0 5425
5427 #EL #BI 86 0 5426
#DEF 1226 5403 5427 
1229 #NS 1 le_of_lt_succ
5428 #EA 3877 313
5429 #EP #BD 22 5428 4061
5430 #EP #BI 4 0 5429
5431 #EP #BI 28 0 5430
5432 #EA 5194 8
5433 #EA 5432 5
5434 #EL #BI 4 0 5433
5435 #EL #BI 28 0 5434
#DEF 1229 5431 5435 
1230 #NS 1 div_rec_fuel_lemma
1231 #NS 0 hy
5436 #EA 3883 5189
5437 #EA 5251 366
5438 #EA 5437 121
5439 #EA 63 5438
5440 #EA 5439 82
5441 #EP #BD 916 5436 5440
5442 #EP #BD 1108 5410 5441
5443 #EP #BD 1231 4689 5442
5444 #EP #BI 908 0 5443
5445 #EP #BI 1021 0 5444
5446 #EP #BI 86 0 5445
5447 #EA 5414 5438
5448 #EA 5447 366
5449 #EA 5448 82
5450 #EC 1226 
5451 #EA 5450 366
5452 #EA 5451 121
5453 #EA 4698 10
5454 #EA 5453 8
5455 #EA 5452 5454
5456 #EA 5449 5455
5457 #EC 1229 
5458 #EA 5457 366
5459 #EA 5458 82
5460 #EA 5459 5
5461 #EA 5456 5460
5462 #EL #BD 916 5436 5461
5463 #EL #BD 1108 5410 5462
5464 #EL #BD 1231 4689 5463
5465 #EL #BI 908 0 5464
5466 #EL #BI 1021 0 5465
5467 #EL #BI 86 0 5466
#DEF 1230 5446 5467 
1232 #NS 1 modCore
1233 #NS 1232 go
5468 #EP #BD 916 65 0
5469 #EP #BD 86 0 5468
5470 #EP #BD 908 0 5469
5471 #EP #BD 1231 4683 5470
5472 #EP #BD 1021 0 5471
5473 #EL #BD 908 0 5469
5474 #EA 406 5473
5475 #EA 5474 10
5476 #EA 410 5473
5477 #EA 5476 5
5478 #EA 64 10
5479 #EC 907 1
5480 #EA 5479 8
1234 #NI 911 4249794159
1235 #NS 1234 _hygCtx
1236 #NS 1235 _hyg
1237 #NI 1236 26
1238 #NI 89 4249794159
1239 #NS 1238 _hygCtx
1240 #NS 1239 _hyg
1241 #NI 1240 91
5481 #EA 5476 8
5482 #EP #BD 1241 5481 0
5483 #EL #BD 916 3882 5482
5484 #EL #BD 1237 0 5483
5485 #EA 5480 5484
5486 #EA 5485 82
5487 #EA 5486 5
5488 #EA 3881 313
5489 #EA 5476 43
5490 #EA 3702 0
5491 #EA 2537 121
5492 #EA 5490 5491
5493 #EA 3831 2536
5494 #EA 5493 121
5495 #EA 5492 5494
5496 #EA 5437 2582
5497 #EA 5199 5496
5498 #EC 1230 
5499 #EA 5498 366
5500 #EA 5499 2582
5501 #EA 5500 82
5502 #EA 5501 2536
5503 #EA 5502 5
5504 #EA 5503 10
5505 #EA 5497 5504
5506 #EL #BD 188 5491 5505
5507 #EA 5495 5506
1242 #NI 1240 63
5508 #EA 1355 5491
5509 #EL #BD 1242 5508 366
5510 #EA 5507 5509
5511 #EL #BD 1241 5489 5510
5512 #EL #BD 916 5488 5511
5513 #EL #BD 908 0 5512
5514 #EA 5487 5513
5515 #EA 5514 10
5516 #EL #BD 916 5478 5515
5517 #EL #BD 86 0 5516
5518 #EL #BD 82 5477 5517
5519 #EL #BD 908 0 5518
5520 #EA 5475 5519
5521 #EA 5520 8
5522 #EA 5521 5
5523 #EL #BD 916 65 5522
5524 #EL #BD 86 0 5523
5525 #EL #BD 908 0 5524
5526 #EL #BD 1231 4683 5525
5527 #EL #BD 1021 0 5526
#DEF 1233 5472 5527 
1243 #NS 1 lt_add_one
5528 #EA 3092 5
5529 #EA 5528 477
5530 #EA 64 5529
5531 #EP #BD 4 0 5530
5532 #EA 5265 313
5533 #EL #BD 4 0 5532
#DEF 1243 5531 5533 
1244 #NS 1 lt_succ_self
5534 #EA 64 313
5535 #EP #BD 4 0 5534
5536 #EC 1243 
5537 #EA 5536 5
5538 #EL #BD 4 0 5537
#DEF 1244 5535 5538 
5539 #EP #BD 86 0 1
5540 #EA 5490 4683
5541 #EC 902 
5542 #EA 5541 343
5543 #EA 5542 5
5544 #EA 5540 5543
5545 #EC 1233 
5546 #EA 5545 8
5547 #EA 5546 5
5548 #EA 5547 2027
5549 #EA 5548 10
5550 #EC 1244 
5551 #EA 5550 10
5552 #EA 5549 5551
5553 #EL #BD 1231 4683 5552
5554 #EA 5544 5553
1245 #NI 1240 87
5555 #EA 1355 4683
5556 #EL #BD 1245 5555 10
5557 #EA 5554 5556
5558 #EL #BD 1021 0 5557
5559 #EL #BD 86 0 5558
#DEF 1232 5539 5559 
1246 #NI 891 9
1247 #NI 891 10
5560 #EC 874 1
5561 #EL #BD 883 0 463
5562 #EA 5560 5561
5563 #EA 5562 8
5564 #EA 5563 5
5565 #EL #BD 892 0 343
5566 #EA 5564 5565
5567 #EC 414 1
5568 #EA 5567 0
5569 #EA 4685 82
5570 #EA 5568 5569
5571 #EA 3831 5
5572 #EA 5571 82
5573 #EA 5570 5572
5574 #EC 1232 
5575 #EA 5574 82
5576 #EA 5575 5
5577 #EA 5573 5576
5578 #EA 5577 82
5579 #EL #BD 28 0 5578
5580 #EL #BD 900 3791 5579
5581 #EL #BD 896 0 5580
5582 #EL #BD 4 0 5581
5583 #EA 5566 5582
5584 #EL #BD 1247 0 5583
5585 #EL #BD 1246 0 5584
#DEF 873 405 5585 
1248 #NS 1 instMod
5586 #EC 863 0
5587 #EA 5586 0
5588 #EC 864 0
5589 #EA 5588 0
5590 #EC 873 
5591 #EA 5589 5590
#DEF 1248 5587 5591 
1249 #NS 593 mod_lt
1250 #NS 1249 match_1_3
1251 #NI 89 4149619381
1252 #NS 1251 _hygCtx
1253 #NI 1252 17
1254 #NS 1253 Init
1255 #NS 1254 Prelude
1256 #NI 1255 4149619381
1257 #NS 1256 _hygCtx
1258 #NS 1257 _hyg
1259 #NI 1258 44
1260 #NI 1252 18
1261 #NS 1260 Init
1262 #NS 1261 Prelude
1263 #NI 1262 4149619381
1264 #NS 1263 _hygCtx
1265 #NS 1264 _hyg
1266 #NI 1265 47
1267 #NI 1252 19
1268 #NS 1267 Init
1269 #NS 1268 Prelude
1270 #NI 1269 4149619381
1271 #NS 1270 _hygCtx
1272 #NS 1271 _hyg
1273 #NI 1272 50
5592 #EP #BD 1273 4683 20
5593 #EP #BD 1266 0 5592
5594 #EP #BD 1259 0 5593
1274 #NI 116 4149619381
1275 #NS 1274 _hygCtx
1276 #NS 1275 _hyg
1277 #NI 1276 61
1278 #NS 1252 _hyg
1279 #NI 1278 62
5595 #EA 2018 43
5596 #EA 5595 5
5597 #EP #BD 1279 4738 5596
5598 #EP #BD 1277 0 5597
5599 #EA 2028 8
5600 #EA 5599 5
5601 #EP #BD 1107 4683 5600
5602 #EP #BD 28 0 5601
5603 #EP #BD 4 0 5602
5604 #EP #BD 113 5603 2034
5605 #EP #BD 112 5598 5604
5606 #EP #BD 1273 4683 5605
5607 #EP #BD 1266 0 5606
5608 #EP #BD 1259 0 5607
5609 #EP #BD 75 5594 5608
5610 #EA 1465 82
5611 #EL #BD 86 0 5610
5612 #EA 1871 5611
5613 #EA 5612 121
5614 #EA 1823 8
5615 #EA 5614 5
5616 #EP #BD 1273 4683 5615
5617 #EL #BD 86 0 5616
5618 #EA 1871 5617
5619 #EA 5618 82
5620 #EA 698 245
5621 #EA 5620 245
5622 #EA 5621 5
5623 #EA 2079 5622
5624 #EA 42 343
5625 #EA 3903 5624
5626 #EA 35 5624
5627 #EA 5626 5
5628 #EA 2093 4773
5629 #EA 5628 82
5630 #EA 5626 10
5631 #EA 5629 5630
5632 #EA 5631 8
5633 #EP #BD 188 5632 1352
5634 #EP #BD 188 3908 5633
5635 #EL #BD 86 5627 5634
5636 #EL #BD 22 0 5635
5637 #EA 5625 5636
5638 #EA 5637 245
5639 #EA 5638 5
1280 #NI 574 4149619381
1281 #NS 1280 _hygCtx
1282 #NS 1281 _hyg
1283 #NI 1282 152
5640 #EA 3907 5624
5641 #EA 5628 8
5642 #EA 5626 5624
5643 #EA 5641 5642
5644 #EA 2182 5624
5645 #EA 5643 5644
5646 #EP #BD 188 5645 1352
5647 #EA 2079 5646
5648 #EA 3938 5624
5649 #EA 5648 5
5650 #EA 5647 5649
5651 #EL #BD 1283 5640 5650
5652 #EA 5639 5651
1284 #NI 602 4149619381
1285 #NS 1284 _hygCtx
1286 #NS 1285 _hyg
1287 #NI 1286 150
1288 #NI 728 4149619381
1289 #NS 1288 _hygCtx
1290 #NS 1289 _hyg
1291 #NI 1290 151
1292 #NI 1282 153
5653 #EA 5626 2027
5654 #EA 5629 5653
5655 #EA 2188 5624
5656 #EA 5655 10
5657 #EA 5656 8
5658 #EA 5654 5657
5659 #EP #BD 188 5658 1352
5660 #EA 2079 5659
5661 #EA 5660 3954
5662 #EL #BD 1292 3944 5661
5663 #EL #BD 1291 5627 5662
5664 #EL #BI 1287 0 5663
5665 #EA 5652 5664
5666 #EA 5665 3960
5667 #EA 2135 4773
5668 #EA 5667 5
5669 #EA 5666 5668
5670 #EA 5623 5669
5671 #EL #BD 1273 4773 5670
5672 #EA 5619 5671
1293 #NI 1276 149
5673 #EA 215 5
5674 #EL #BD 1273 4738 5673
5675 #EL #BD 1293 0 5674
5676 #EA 5672 5675
5677 #EA 5676 10
5678 #EA 5613 5677
1294 #NI 1276 148
5679 #EA 356 121
5680 #EA 5679 82
5681 #EL #BD 1294 0 5680
5682 #EA 5678 5681
5683 #EL #BD 113 5603 5682
5684 #EL #BD 112 5598 5683
5685 #EL #BD 1273 4683 5684
5686 #EL #BD 1266 0 5685
5687 #EL #BD 1259 0 5686
5688 #EL #BD 75 5594 5687
#DEF 1250 5609 5688 
1295 #NS 1 zero_lt_succ
5689 #EP #BD 4 0 4738
5690 #EA 3147 343
5691 #EA 5690 5
5692 #EA 3140 5
5693 #EA 5691 5692
5694 #EL #BD 4 0 5693
#DEF 1295 5689 5694 
1296 #NS 1249 match_1_1
1297 #NI 1278 122
5695 #EA 3111 5
5696 #EA 5695 43
5697 #EA 1357 5696
5698 #EP #BD 1297 5697 20
5699 #EA 3180 2027
5700 #EA 1357 5699
1298 #NI 1282 128
5701 #EA 3112 2068
5702 #EA 3129 2775
5703 #EA 1372 5702
5704 #EA 5703 5
5705 #EA 10 5704
5706 #EP #BD 1298 5701 5705
5707 #EA 1355 5702
5708 #EA 3185 2094
5709 #EA 1367 5708
5710 #EA 5709 5
5711 #EA 82 5710
5712 #EP #BD 188 5707 5711
5713 #EP #BD 113 5712 316
5714 #EP #BD 112 5706 5713
5715 #EP #BD 1297 5700 5714
5716 #EP #BD 75 5698 5715
5717 #EP #BD 28 0 5716
5718 #EP #BD 4 0 5717
5719 #EC 410 0
5720 #EA 5719 5708
5721 #EA 1357 5708
5722 #EL #BD 86 5721 324
5723 #EA 5720 5722
5724 #EA 5723 10
1299 #NI 1282 139
5725 #EA 1355 5708
5726 #EL #BD 1299 5725 356
5727 #EA 5724 5726
1300 #NI 1282 140
5728 #EL #BD 1300 5708 1386
5729 #EA 5727 5728
5730 #EL #BD 113 5712 5729
5731 #EL #BD 112 5706 5730
5732 #EL #BD 1297 5700 5731
5733 #EL #BD 75 5698 5732
5734 #EL #BD 28 0 5733
5735 #EL #BD 4 0 5734
#DEF 1296 5718 5735 
1301 #NS 593 modCore_lt
1302 #NS 1301 match_1_1
1303 #NI 89 2252518065
1304 #NS 1303 _hygCtx
1305 #NS 1304 _hyg
1306 #NI 1305 37
5736 #EA 3825 1060
5737 #EA 5736 5
5738 #EA 1357 5737
5739 #EP #BD 1306 5738 20
5740 #EA 5736 8
5741 #EA 1357 5740
1307 #NI 574 2252518065
1308 #NS 1307 _hygCtx
1309 #NS 1308 _hyg
1310 #NI 1309 43
5742 #EA 5736 10
5743 #EA 5736 82
5744 #EA 1372 5743
5745 #EA 5744 5
5746 #EA 10 5745
5747 #EP #BD 1310 5742 5746
5748 #EA 1355 5743
5749 #EA 5736 121
5750 #EA 1367 5749
5751 #EA 5750 5
5752 #EA 82 5751
5753 #EP #BD 188 5748 5752
5754 #EP #BD 113 5753 316
5755 #EP #BD 112 5747 5754
5756 #EP #BD 1306 5741 5755
5757 #EP #BD 75 5739 5756
5758 #EP #BI 1021 0 5757
5759 #EA 5719 5749
5760 #EA 1357 5749
5761 #EL #BD 86 5760 324
5762 #EA 5759 5761
5763 #EA 5762 10
1311 #NI 1309 60
5764 #EA 1355 5749
5765 #EL #BD 1311 5764 356
5766 #EA 5763 5765
1312 #NI 1309 61
5767 #EL #BD 1312 5749 1386
5768 #EA 5766 5767
5769 #EL #BD 113 5753 5768
5770 #EL #BD 112 5747 5769
5771 #EL #BD 1306 5741 5770
5772 #EL #BD 75 5739 5771
5773 #EL #BI 1021 0 5772
#DEF 1302 5758 5773 
1313 #NS 1 not_lt_zero
5774 #EA 64 343
5775 #EA 1355 5774
5776 #EP #BD 4 0 5775
5777 #EA 5179 5
5778 #EL #BD 4 0 5777
#DEF 1313 5776 5778 
1314 #NS 593 modCoreGo_lt
1315 #NS 1314 match_1_1
1316 #NI 89 2603501301
1317 #NS 1316 _hygCtx
1318 #NS 1317 _hyg
1319 #NI 1318 71
5779 #EP #BD 1319 3699 20
5780 #EA 1357 3113
1320 #NI 574 2603501301
1321 #NS 1320 _hygCtx
1322 #NS 1321 _hyg
1323 #NI 1322 77
5781 #EA 3185 82
5782 #EA 1372 5781
5783 #EA 5782 5
5784 #EA 10 5783
5785 #EP #BD 1323 3130 5784
5786 #EA 1355 5781
5787 #EA 3196 121
5788 #EA 1367 5787
5789 #EA 5788 5
5790 #EA 82 5789
5791 #EP #BD 188 5786 5790
5792 #EP #BD 113 5791 316
5793 #EP #BD 112 5785 5792
5794 #EP #BD 1319 5780 5793
5795 #EP #BD 75 5779 5794
5796 #EP #BD 86 0 5795
5797 #EP #BI 1021 0 5796
5798 #EA 5719 5787
5799 #EA 1357 5787
5800 #EL #BD 86 5799 324
5801 #EA 5798 5800
5802 #EA 5801 10
1324 #NI 1322 89
5803 #EA 1355 5787
5804 #EL #BD 1324 5803 356
5805 #EA 5802 5804
1325 #NI 1322 90
5806 #EL #BD 1325 5787 1386
5807 #EA 5805 5806
5808 #EL #BD 113 5791 5807
5809 #EL #BD 112 5785 5808
5810 #EL #BD 1319 5780 5809
5811 #EL #BD 75 5779 5810
5812 #EL #BD 86 0 5811
5813 #EL #BI 1021 0 5812
#DEF 1315 5797 5813 
1326 #NS 186 casesOn
5814 #EA 542 8
5815 #EA 5814 5
5816 #EP #BD 76 5815 20
1327 #NS 0 inl
5817 #EC 187 
5818 #EA 5817 121
5819 #EA 5818 82
5820 #EA 5819 5
5821 #EA 10 5820
5822 #EP #BD 188 82 5821
1328 #NS 0 inr
5823 #EC 189 
5824 #EA 5823 366
5825 #EA 5824 121
5826 #EA 5825 5
5827 #EA 82 5826
5828 #EP #BD 188 82 5827
5829 #EP #BD 1328 5828 316
5830 #EP #BD 1327 5822 5829
5831 #EP #BD 76 544 5830
5832 #EP #BI 75 5816 5831
5833 #EP #BI 59 20 5832
5834 #EP #BI 18 20 5833
1329 #NS 186 rec
5835 #EC 1329 
5836 #EA 5835 366
5837 #EA 5836 121
5838 #EA 5837 82
5839 #EL #BD 188 366 1386
5840 #EA 5838 5839
5841 #EA 5840 1389
5842 #EA 5841 10
5843 #EL #BD 1328 5828 5842
5844 #EL #BD 1327 5822 5843
5845 #EL #BD 76 544 5844
5846 #EL #BI 75 5816 5845
5847 #EL #BI 59 20 5846
5848 #EL #BI 18 20 5847
#DEF 1326 5834 5848 
1330 #NS 548 Or
1331 #NS 1330 elim
1332 #NS 1331 match_1_1
1333 #NI 574 2135250727
1334 #NS 1333 _hygCtx
1335 #NS 1334 _hyg
1336 #NI 1335 23
5849 #EC 1326 
5850 #EA 5849 366
5851 #EA 5850 121
5852 #EA 542 366
5853 #EA 5852 121
5854 #EL #BD 86 5853 324
5855 #EA 5851 5854
5856 #EA 5855 10
5857 #EA 5856 5839
5858 #EA 5857 1389
5859 #EL #BD 113 5828 5858
5860 #EL #BD 112 5822 5859
5861 #EL #BD 1336 544 5860
5862 #EL #BD 75 5816 5861
5863 #EL #BI 59 20 5862
5864 #EL #BI 18 20 5863
#DEF 1332 5834 5864 
1337 #NS 186 elim
5865 #EP #BD 22 82 10
5866 #EP #BD 193 97 82
5867 #EP #BD 192 5865 5866
5868 #EP #BD 188 544 5867
5869 #EP #BI 318 20 5868
5870 #EP #BI 59 20 5869
5871 #EP #BI 18 20 5870
5872 #EC 1332 
5873 #EA 5872 366
5874 #EA 5873 121
5875 #EL #BD 1336 5853 121
5876 #EA 5874 5875
5877 #EA 5876 10
5878 #EA 5877 5839
5879 #EA 5878 1389
5880 #EL #BD 193 97 5879
5881 #EL #BD 192 5865 5880
5882 #EL #BD 188 544 5881
5883 #EL #BI 318 20 5882
5884 #EL #BI 59 20 5883
5885 #EL #BI 18 20 5884
#DEF 1337 5871 5885 
1338 #NS 0 id
5886 #EP #BD 18 5 8
5887 #EP #BI 7 72 5886
5888 #EL #BD 18 5 5
5889 #EL #BI 7 72 5888
#DEF 1338 5887 5889 8
1339 #NS 186 resolve_right
1340 #NS 0 nb
5890 #EA 1355 8
5891 #EP #BD 1340 5890 82
5892 #EP #BD 188 5815 5891
5893 #EP #BI 59 20 5892
5894 #EP #BI 18 20 5893
5895 #EC 1337 
5896 #EA 5895 82
5897 #EA 5896 10
5898 #EA 5897 82
5899 #EA 5898 8
5900 #EC 1338 0
5901 #EA 5900 82
5902 #EA 5899 5901
1341 #NI 89 647470110
1342 #NS 1341 _hygCtx
1343 #NS 1342 _hyg
1344 #NI 1343 17
5903 #EA 3683 82
5904 #EA 5903 121
5905 #EA 5904 5
5906 #EA 5905 8
5907 #EL #BD 1344 10 5906
5908 #EA 5902 5907
5909 #EL #BD 1340 5890 5908
5910 #EL #BD 188 5815 5909
5911 #EL #BI 59 20 5910
5912 #EL #BI 18 20 5911
#DEF 1339 5894 5912 
1345 #NS 0 GE
1346 #NS 1345 ge
1347 #NI 54 1058783946
1348 #NS 1347 _hygCtx
1349 #NS 1348 _hyg
1350 #NI 1349 3
5913 #EC 425 2
5914 #EA 5913 82
5915 #EA 5914 10
5916 #EA 5915 5
5917 #EA 5916 8
5918 #EL #BD 59 10 5917
5919 #EL #BD 18 8 5918
5920 #EL #BC 1350 1422 5919
5921 #EL #BI 7 3 5920
#DEF 1346 1424 5921 8
1351 #NS 593 lt_or_ge
1352 #NS 1351 match_1_5
#DEF 1352 1870 1879 
1353 #NS 1351 match_1_3
1354 #NI 89 3672051305
1355 #NS 1354 _hygCtx
1356 #NS 1355 _hyg
1357 #NI 1356 40
5922 #EA 542 3878
5923 #EC 1346 0
5924 #EA 5923 0
5925 #EA 5924 2165
5926 #EA 5925 8
5927 #EA 5926 5
5928 #EA 5922 5927
5929 #EP #BD 1357 5928 20
5930 #EA 542 4637
5931 #EA 5925 10
5932 #EA 5931 8
5933 #EA 5930 5932
5934 #EA 63 82
5935 #EA 5934 10
5936 #EA 3883 82
5937 #EA 5817 5936
5938 #EA 5925 121
5939 #EA 5938 82
5940 #EA 5937 5939
5941 #EA 5940 5
5942 #EA 10 5941
5943 #EP #BD 188 5935 5942
5944 #EA 3893 121
5945 #EA 5823 5944
5946 #EA 5925 366
5947 #EA 5946 121
5948 #EA 5945 5947
5949 #EA 5948 5
5950 #EA 82 5949
5951 #EP #BD 188 5939 5950
5952 #EP #BD 113 5951 316
5953 #EP #BD 112 5943 5952
5954 #EP #BD 1357 5933 5953
5955 #EP #BD 75 5929 5954
5956 #EP #BD 28 0 5955
5957 #EP #BD 4 0 5956
5958 #EA 5849 5944
5959 #EA 5958 5947
5960 #EA 542 5944
5961 #EA 5960 5947
5962 #EL #BD 86 5961 324
5963 #EA 5959 5962
5964 #EA 5963 10
1358 #NI 574 3672051305
1359 #NS 1358 _hygCtx
1360 #NS 1359 _hyg
1361 #NI 1360 96
5965 #EL #BD 1361 5944 1386
5966 #EA 5964 5965
1362 #NI 1360 97
5967 #EL #BD 1362 5947 356
5968 #EA 5966 5967
5969 #EL #BD 113 5951 5968
5970 #EL #BD 112 5943 5969
5971 #EL #BD 1357 5933 5970
5972 #EL #BD 75 5929 5971
5973 #EL #BD 28 0 5972
5974 #EL #BD 4 0 5973
#DEF 1353 5957 5974 
1363 #NS 1 le_succ_of_le
5975 #EA 2490 43
5976 #EP #BD 188 2487 5975
5977 #EP #BI 28 0 5976
5978 #EP #BI 4 0 5977
5979 #EA 2188 10
5980 #EA 5979 8
5981 #EA 5980 5
5982 #EL #BD 188 2487 5981
5983 #EL #BI 28 0 5982
5984 #EL #BI 4 0 5983
#DEF 1363 5978 5984 
1364 #NS 1351 match_1_1
1365 #NI 1356 66
5985 #EA 4854 8
5986 #EA 542 5985
5987 #EA 5986 65
5988 #EP #BD 1365 5987 20
5989 #EA 3790 10
5990 #EA 542 5989
5991 #EA 3877 10
5992 #EA 5990 5991
5993 #EA 1972 10
5994 #EA 5993 82
5995 #EA 1972 82
5996 #EA 5995 121
5997 #EA 5817 5996
5998 #EA 5934 121
5999 #EA 5997 5998
6000 #EA 5999 5
6001 #EA 10 6000
6002 #EP #BD 1081 5994 6001
6003 #EA 1972 121
6004 #EA 6003 366
6005 #EA 5823 6004
6006 #EA 3883 366
6007 #EA 6005 6006
6008 #EA 6007 5
6009 #EA 82 6008
6010 #EP #BD 1081 5998 6009
6011 #EP #BD 113 6010 316
6012 #EP #BD 112 6002 6011
6013 #EP #BD 1365 5992 6012
6014 #EP #BD 75 5988 6013
6015 #EP #BD 28 0 6014
6016 #EP #BD 4 0 6015
6017 #EA 5849 6004
6018 #EA 6017 6006
6019 #EA 542 6004
6020 #EA 6019 6006
6021 #EL #BD 86 6020 324
6022 #EA 6018 6021
6023 #EA 6022 10
1366 #NI 1360 92
6024 #EL #BD 1366 6004 1386
6025 #EA 6023 6024
1367 #NI 1360 93
6026 #EL #BD 1367 6006 356
6027 #EA 6025 6026
6028 #EL #BD 113 6010 6027
6029 #EL #BD 112 6002 6028
6030 #EL #BD 1365 5992 6029
6031 #EL #BD 75 5988 6030
6032 #EL #BD 28 0 6031
6033 #EL #BD 4 0 6032
#DEF 1364 6016 6033 
1368 #NS 1 eq_or_lt_of_le
1369 #NS 1368 match_3
1370 #NI 89 3439784135
1371 #NS 1370 _hygCtx
1372 #NI 1371 20
1373 #NS 1372 Init
1374 #NS 1373 Prelude
1375 #NI 1374 3439784135
1376 #NS 1375 _hygCtx
1377 #NS 1376 _hyg
1378 #NI 1377 47
1379 #NI 1371 21
1380 #NS 1379 Init
1381 #NS 1380 Prelude
1382 #NI 1381 3439784135
1383 #NS 1382 _hygCtx
1384 #NS 1383 _hyg
1385 #NI 1384 50
1386 #NI 1371 22
1387 #NS 1386 Init
1388 #NS 1387 Prelude
1389 #NI 1388 3439784135
1390 #NS 1389 _hygCtx
1391 #NS 1390 _hyg
1392 #NI 1391 53
1393 #NS 1371 _hyg
1394 #NI 1393 63
6034 #EA 2166 245
6035 #EA 6034 245
6036 #EA 1804 245
6037 #EA 6036 5
6038 #EP #BD 1394 6035 6037
1395 #NI 116 3439784135
1396 #NS 1395 _hygCtx
1397 #NS 1396 _hyg
1398 #NI 1397 80
1399 #NI 1393 81
6039 #EA 6034 313
6040 #EA 5620 43
6041 #EA 6040 5
6042 #EP #BD 1399 6039 6041
6043 #EP #BD 1398 0 6042
1400 #NI 1397 103
6044 #EA 4869 245
6045 #EA 1471 245
6046 #EA 6045 5
6047 #EP #BD 188 6044 6046
6048 #EP #BD 1400 0 6047
6049 #EA 911 2027
6050 #EA 6049 43
6051 #EA 6050 5
6052 #EP #BD 188 5154 6051
6053 #EP #BD 28 0 6052
6054 #EP #BD 4 0 6053
6055 #EP #BD 481 6054 4756
6056 #EP #BD 455 6048 6055
6057 #EP #BD 113 6043 6056
6058 #EP #BD 112 6038 6057
6059 #EP #BD 1392 2487 6058
6060 #EP #BD 1385 0 6059
6061 #EP #BD 1378 0 6060
6062 #EP #BD 75 4916 6061
6063 #EA 4685 698
6064 #EP #BD 1392 6063 4767
6065 #EL #BD 86 0 6064
6066 #EA 1871 6065
6067 #EA 6066 698
6068 #EA 6034 366
6069 #EA 6034 5
6070 #EA 939 245
6071 #EA 6070 8
6072 #EA 6071 5
6073 #EP #BD 1392 6069 6072
6074 #EL #BD 86 0 6073
6075 #EA 1871 6074
6076 #EA 6075 698
6077 #EL #BD 1392 6035 755
6078 #EA 6076 6077
1401 #NI 1397 183
6079 #EL #BD 1392 6039 2507
6080 #EL #BD 1401 0 6079
6081 #EA 6078 6080
6082 #EA 6081 5
6083 #EL #BD 1392 6068 6082
6084 #EA 6067 6083
1402 #NI 1397 182
6085 #EA 4869 698
6086 #EA 3037 5
6087 #EA 4780 5
6088 #EP #BD 1392 6086 6087
6089 #EL #BD 86 0 6088
6090 #EA 1871 6089
6091 #EA 6090 860
6092 #EA 5153 245
6093 #EA 4787 5
6094 #EL #BD 1392 6092 6093
6095 #EA 6091 6094
1403 #NI 1397 184
6096 #EA 3037 313
6097 #EL #BD 1392 6096 2148
6098 #EL #BD 1403 0 6097
6099 #EA 6095 6098
6100 #EA 6099 5
6101 #EL #BD 1392 6085 6100
6102 #EL #BD 1402 0 6101
6103 #EA 6084 6102
6104 #EA 6103 121
6105 #EL #BD 481 6054 6104
6106 #EL #BD 455 6048 6105
6107 #EL #BD 113 6043 6106
6108 #EL #BD 112 6038 6107
6109 #EL #BD 1392 2487 6108
6110 #EL #BD 1385 0 6109
6111 #EL #BD 1378 0 6110
6112 #EL #BD 75 4916 6111
#DEF 1369 6062 6112 
1404 #NS 1368 match_1
1405 #NI 1393 140
6113 #EA 542 4822
6114 #EA 6113 3878
6115 #EP #BD 1405 6114 20
6116 #EA 5993 8
6117 #EA 542 6116
6118 #EA 6117 4637
6119 #EA 5995 10
6120 #EA 6003 82
6121 #EA 5817 6120
6122 #EA 6121 5936
6123 #EA 6122 5
6124 #EA 10 6123
6125 #EP #BD 188 6119 6124
6126 #EA 2622 121
6127 #EA 5823 6126
6128 #EA 6127 5944
6129 #EA 6128 5
6130 #EA 82 6129
6131 #EP #BD 188 5936 6130
6132 #EP #BD 113 6131 316
6133 #EP #BD 112 6125 6132
6134 #EP #BD 1405 6118 6133
6135 #EP #BD 75 6115 6134
6136 #EP #BD 28 0 6135
6137 #EP #BD 4 0 6136
6138 #EA 5849 6126
6139 #EA 6138 5944
6140 #EA 542 6126
6141 #EA 6140 5944
6142 #EL #BD 86 6141 324
6143 #EA 6139 6142
6144 #EA 6143 10
1406 #NI 574 3439784135
1407 #NS 1406 _hygCtx
1408 #NS 1407 _hyg
1409 #NI 1408 168
6145 #EL #BD 1409 6126 1386
6146 #EA 6144 6145
1410 #NI 1408 169
6147 #EL #BD 1410 5944 356
6148 #EA 6146 6147
6149 #EL #BD 113 6131 6148
6150 #EL #BD 112 6125 6149
6151 #EL #BD 1405 6118 6150
6152 #EL #BD 75 6115 6151
6153 #EL #BD 28 0 6152
6154 #EL #BD 4 0 6153
#DEF 1404 6137 6154 
6155 #EP #BD 22 2487 6118
6156 #EP #BI 28 0 6155
6157 #EP #BI 4 0 6156
1411 #NI 1393 20
1412 #NI 1393 21
1413 #NI 1393 22
6158 #EL #BD 1411 0 6156
6159 #EA 1890 6158
6160 #EA 6159 10
6161 #EA 1894 6158
6162 #EA 6161 5
6163 #EC 1369 
1414 #NI 1393 185
6164 #EA 6161 10
6165 #EA 542 6119
6166 #EA 6165 5935
6167 #EP #BD 1414 6164 6166
6168 #EL #BD 1392 2487 6167
6169 #EL #BD 1385 0 6168
6170 #EL #BD 1378 0 6169
6171 #EA 6163 6170
6172 #EA 6171 82
6173 #EA 6172 8
6174 #EA 6173 5
6175 #EA 6161 245
6176 #EA 3907 245
6177 #EA 5817 6176
6178 #EA 63 245
6179 #EA 6178 245
6180 #EA 6177 6179
6181 #EA 4911 245
6182 #EA 6180 6181
6183 #EL #BD 1414 6175 6182
6184 #EL #BD 1394 6035 6183
6185 #EA 6174 6184
6186 #EA 3907 2027
6187 #EA 5823 6186
6188 #EA 6178 2027
6189 #EA 6187 6188
6190 #EA 3147 245
6191 #EA 6190 10
6192 #EA 6191 3141
6193 #EA 6189 6192
6194 #EL #BD 1414 6175 6193
6195 #EL #BD 1399 6039 6194
6196 #EL #BD 1398 0 6195
6197 #EA 6185 6196
6198 #EA 6161 43
6199 #EA 3037 245
6200 #EA 3683 6199
6201 #EA 1972 2027
6202 #EA 6201 245
6203 #EA 542 6202
6204 #EA 63 2027
6205 #EA 6204 245
6206 #EA 6203 6205
6207 #EA 6200 6206
6208 #EA 6207 8
6209 #EA 5179 10
6210 #EA 6208 6209
6211 #EL #BD 1414 6198 6210
6212 #EL #BD 188 6044 6211
6213 #EL #BD 1400 0 6212
6214 #EA 6197 6213
6215 #EA 6161 2027
6216 #EA 5194 82
6217 #EA 6216 10
6218 #EA 6217 8
6219 #EC 1404 
6220 #EA 6219 121
6221 #EA 6220 82
6222 #EA 542 6120
6223 #EA 6222 5936
6224 #EA 1972 2094
6225 #EA 6224 2775
6226 #EA 542 6225
6227 #EA 63 2094
6228 #EA 6227 2775
6229 #EA 6226 6228
6230 #EL #BD 1405 6223 6229
6231 #EA 6221 6230
6232 #EA 5199 82
6233 #EA 6232 5
6234 #EA 6231 6233
6235 #EA 5817 6225
6236 #EA 6235 6228
6237 #EA 1970 366
1415 #NI 1393 153
1416 #NI 1408 154
6238 #EA 4225 5
6239 #EA 1972 2792
6240 #EA 6239 43
6241 #EL #BD 1416 6238 6240
6242 #EL #BD 1415 0 6241
6243 #EA 6237 6242
6244 #EA 4911 2094
6245 #EA 6243 6244
6246 #EA 6245 121
6247 #EA 6246 5
6248 #EA 6236 6247
6249 #EL #BD 188 6120 6248
6250 #EA 6234 6249
6251 #EA 5823 6225
6252 #EA 6251 6228
6253 #EA 3092 366
6254 #EA 6253 477
6255 #EA 3147 6254
6256 #EA 6255 121
6257 #EA 6256 5
6258 #EA 6252 6257
6259 #EL #BD 188 5936 6258
6260 #EA 6250 6259
6261 #EZ 685 4065 6218 6260
6262 #EL #BD 1414 6215 6261
6263 #EL #BD 188 5154 6262
6264 #EL #BD 28 0 6263
6265 #EL #BD 4 0 6264
6266 #EA 6214 6265
6267 #EA 6266 10
6268 #EL #BD 1413 2491 6267
6269 #EL #BD 1412 0 6268
6270 #EL #BD 82 6162 6269
6271 #EL #BD 1411 0 6270
6272 #EA 6160 6271
6273 #EA 6272 8
6274 #EA 6273 5
6275 #EL #BD 1413 2487 6274
6276 #EL #BD 1412 0 6275
6277 #EL #BD 1411 0 6276
#DEF 1368 6157 6277 
1417 #NS 1 lt_or_ge
6278 #EP #BD 28 0 5928
6279 #EP #BD 4 0 6278
6280 #EA 542 3882
6281 #EA 5931 5
6282 #EA 6280 6281
6283 #EL #BD 28 0 6282
6284 #EA 1890 6283
6285 #EA 6284 5
6286 #EA 5934 5
6287 #EA 542 6286
6288 #EA 5925 82
6289 #EA 6288 5
6290 #EA 6287 6289
6291 #EL #BD 28 0 6290
6292 #EA 1894 6291
6293 #EA 6292 5
6294 #EC 1352 
1418 #NI 602 3672051305
1419 #NS 1418 _hygCtx
1420 #NS 1419 _hyg
1421 #NI 1420 18
1422 #NI 1356 101
6295 #EA 542 3894
6296 #EA 5946 5
6297 #EA 6295 6296
6298 #EL #BD 28 0 6297
6299 #EA 1894 6298
6300 #EA 6299 5
6301 #EA 3893 8
6302 #EA 542 6301
6303 #EA 5946 8
6304 #EA 6302 6303
6305 #EP #BD 1422 6300 6304
6306 #EL #BD 1421 0 6305
6307 #EA 6294 6306
6308 #EA 6307 8
6309 #EA 6299 245
6310 #EA 5823 3962
6311 #EA 5946 245
6312 #EA 6310 6311
6313 #EA 3140 366
6314 #EA 6312 6313
6315 #EL #BD 1422 6309 6314
6316 #EL #BD 173 333 6315
6317 #EA 6308 6316
6318 #EA 6299 313
6319 #EC 1353 
6320 #EA 6319 366
6321 #EA 6320 8
6322 #EA 3925 2027
6323 #EA 542 6322
6324 #EA 5925 698
6325 #EA 6324 2027
6326 #EA 6323 6325
6327 #EL #BD 1357 6304 6326
6328 #EA 6321 6327
6329 #EA 6328 425
6330 #EA 5817 6322
6331 #EA 6330 6325
6332 #EC 1363 
6333 #EA 6332 2839
6334 #EA 6333 10
6335 #EA 6334 5
6336 #EA 6331 6335
6337 #EL #BD 188 6301 6336
6338 #EA 6329 6337
6339 #EC 1364 
6340 #EA 6339 698
6341 #EA 6340 10
6342 #EA 5993 698
6343 #EA 542 6342
6344 #EA 3881 698
6345 #EA 6343 6344
6346 #EA 63 860
6347 #EA 6346 2068
6348 #EA 542 6347
6349 #EA 5925 860
6350 #EA 6349 2068
6351 #EA 6348 6350
6352 #EL #BD 1365 6345 6351
6353 #EA 6341 6352
6354 #EC 1368 
6355 #EA 6354 10
6356 #EA 6355 698
6357 #EA 6356 5
6358 #EA 6353 6357
6359 #EA 5817 6347
6360 #EA 6359 6350
6361 #EA 1970 82
1423 #NI 1356 80
1424 #NI 1360 81
6362 #EA 6003 5
6363 #EL #BD 1424 6362 5365
6364 #EL #BD 1423 0 6363
6365 #EA 6361 6364
6366 #EA 5265 2068
6367 #EA 6365 6366
6368 #EA 6367 860
6369 #EA 6368 5
6370 #EA 6360 6369
6371 #EL #BD 1081 6342 6370
6372 #EA 6358 6371
6373 #EA 5823 6347
6374 #EA 6373 6350
6375 #EA 6374 5
6376 #EL #BD 1081 6344 6375
6377 #EA 6372 6376
6378 #EL #BD 188 6303 6377
6379 #EA 6338 6378
6380 #EL #BD 1422 6318 6379
6381 #EL #BD 28 0 6380
6382 #EA 6317 6381
6383 #EA 6382 5
6384 #EL #BD 82 6293 6383
6385 #EL #BD 28 0 6384
6386 #EA 6285 6385
6387 #EL #BD 28 0 6386
6388 #EL #BD 4 0 6387
#DEF 1417 6279 6388 
1425 #NS 1 lt_of_not_le
6389 #EA 1355 2487
6390 #EP #BD 188 6389 5991
6391 #EP #BI 59 0 6390
6392 #EP #BI 18 0 6391
6393 #EC 1339 
6394 #EA 6393 5991
6395 #EA 5926 10
6396 #EA 6394 6395
6397 #EC 1417 
6398 #EA 6397 8
6399 #EA 6398 10
6400 #EA 6396 6399
6401 #EA 6400 5
6402 #EL #BD 188 6389 6401
6403 #EL #BI 59 0 6402
6404 #EL #BI 18 0 6403
#DEF 1425 6392 6404 
1426 #NS 1 modCoreGo_lt
6405 #EA 64 82
6406 #EA 5545 82
6407 #EA 6406 10
6408 #EA 6407 121
6409 #EA 6408 8
6410 #EA 6409 5
6411 #EA 63 6410
6412 #EA 6411 82
6413 #EP #BD 916 6405 6412
6414 #EP #BD 86 0 6413
6415 #EP #BD 1231 4683 6414
6416 #EP #BI 1021 0 6415
6417 #EP #BI 908 0 6416
1427 #NI 1318 24
6418 #EA 5545 121
6419 #EA 6418 82
6420 #EA 6419 10
6421 #EA 6420 8
6422 #EA 6421 5
6423 #EA 63 6422
6424 #EA 6423 121
6425 #EP #BD 916 65 6424
6426 #EP #BD 86 0 6425
6427 #EL #BD 1427 0 6426
6428 #EA 5258 6427
1428 #NI 1318 29
6429 #EA 64 245
6430 #EA 3877 245
6431 #EA 3683 6430
6432 #EA 6407 245
6433 #EA 6432 8
6434 #EA 6433 5
6435 #EA 63 6434
6436 #EA 6435 82
6437 #EA 6431 6436
6438 #EA 6437 5
6439 #EC 1313 
6440 #EA 6439 8
6441 #EA 6438 6440
6442 #EL #BD 188 6429 6441
6443 #EL #BD 1428 0 6442
6444 #EA 6428 6443
1429 #NI 1318 42
1430 #NI 1318 46
6445 #EA 64 2027
6446 #EA 5490 4562
6447 #EA 3831 366
6448 #EA 6447 8
6449 #EA 6446 6448
6450 #EA 5545 698
6451 #EA 6450 366
6452 #EA 6451 121
6453 #EA 5259 698
6454 #EA 6452 6453
6455 #EA 5498 10
6456 #EA 6455 698
6457 #EA 6456 121
6458 #EA 6457 366
6459 #EA 6458 5
6460 #EA 6459 8
6461 #EA 6454 6460
6462 #EL #BD 188 4562 6461
6463 #EA 6449 6462
6464 #EA 1355 4562
6465 #EL #BD 1242 6464 10
6466 #EA 6463 6465
6467 #EA 63 6466
6468 #EA 6467 366
6469 #EC 1315 
6470 #EA 6469 366
6471 #EA 6470 8
6472 #EA 3196 8
6473 #EA 1357 6472
6474 #EA 3055 10
6475 #EA 5490 6474
6476 #EA 6475 5
6477 #EA 5545 860
6478 #EA 6477 698
6479 #EA 6478 366
6480 #EA 5269 860
6481 #EA 6479 6480
6482 #EA 5498 82
6483 #EA 6482 860
6484 #EA 6483 366
6485 #EA 6484 698
6486 #EA 6485 5
6487 #EA 6486 10
6488 #EA 6481 6487
6489 #EL #BD 188 6474 6488
6490 #EA 6476 6489
6491 #EA 1355 6474
6492 #EL #BD 1242 6491 82
6493 #EA 6490 6492
6494 #EA 63 6493
6495 #EA 6494 698
6496 #EL #BD 1319 6473 6495
6497 #EA 6471 6496
6498 #EA 6497 6448
6499 #EA 82 6453
6500 #EA 6499 6460
6501 #EL #BD 1323 6472 6500
6502 #EA 6498 6501
6503 #EA 1355 6472
6504 #EC 1425 
6505 #EA 6504 698
6506 #EA 3631 10
6507 #EA 1367 6506
6508 #EA 6507 5
6509 #EA 6475 6508
6510 #EA 6509 6489
6511 #EA 6510 6492
6512 #EA 6505 6511
6513 #EA 6512 5
6514 #EL #BD 188 6503 6513
6515 #EA 6502 6514
6516 #EZ 685 6468 6515 5
6517 #EL #BD 1430 6445 6516
6518 #EL #BD 86 0 6517
6519 #EL #BD 637 6426 6518
6520 #EL #BD 1429 0 6519
6521 #EA 6444 6520
6522 #EA 6521 10
6523 #EL #BD 1231 4683 6522
6524 #EL #BI 1021 0 6523
6525 #EL #BI 908 0 6524
#DEF 1426 6417 6525 
1431 #NS 1 modCore_lt
6526 #EA 5574 10
6527 #EA 6526 8
6528 #EA 63 6527
6529 #EA 6528 8
6530 #EP #BD 1231 4683 6529
6531 #EP #BI 1021 0 6530
6532 #EP #BI 86 0 6531
6533 #EA 5490 4689
6534 #EA 5542 8
6535 #EA 6533 6534
6536 #EA 5545 10
6537 #EA 6536 5
6538 #EA 6537 2068
6539 #EA 6538 82
6540 #EA 5550 82
6541 #EA 6539 6540
6542 #EL #BD 1231 4689 6541
6543 #EA 6535 6542
6544 #EA 1355 4689
6545 #EL #BD 1245 6544 82
6546 #EA 6543 6545
6547 #EA 63 6546
6548 #EA 6547 8
6549 #EC 1302 
6550 #EA 6549 8
6551 #EA 5490 4693
6552 #EA 6551 5
6553 #EA 6406 5
6554 #EA 6553 2775
6555 #EA 6554 121
6556 #EA 5550 121
6557 #EA 6555 6556
6558 #EL #BD 1231 4693 6557
6559 #EA 6552 6558
6560 #EA 1355 4693
6561 #EL #BD 1245 6560 121
6562 #EA 6559 6561
6563 #EA 63 6562
6564 #EA 6563 10
6565 #EL #BD 1306 5741 6564
6566 #EA 6550 6565
6567 #EA 5541 1060
6568 #EA 6567 8
6569 #EA 6566 6568
6570 #EC 1426 
6571 #EA 6570 2068
6572 #EA 6571 10
6573 #EA 6572 8
6574 #EA 6573 82
6575 #EA 6574 6540
6576 #EL #BD 1310 5740 6575
6577 #EA 6569 6576
6578 #EA 1355 5740
6579 #EA 3683 4693
6580 #EA 1367 5742
6581 #EA 6580 5
6582 #EA 6551 6581
6583 #EA 6582 6558
6584 #EA 6583 6561
6585 #EA 63 6584
6586 #EA 6585 10
6587 #EA 6579 6586
6588 #EA 6587 8
6589 #EA 6588 5
6590 #EL #BD 188 6578 6589
6591 #EA 6577 6590
6592 #EZ 685 6548 6591 5
6593 #EL #BD 1231 4683 6592
6594 #EL #BI 1021 0 6593
6595 #EL #BI 86 0 6594
#DEF 1431 6532 6595 
1432 #NS 1 mod_lt
6596 #EC 862 0 0 0
6597 #EA 6596 0
6598 #EA 6597 0
6599 #EA 6598 0
6600 #EC 867 0
6601 #EA 6600 0
6602 #EC 1248 
6603 #EA 6601 6602
6604 #EA 6599 6603
6605 #EA 6604 10
6606 #EA 6605 8
6607 #EA 63 6606
6608 #EA 6607 8
6609 #EP #BD 1231 4683 6608
6610 #EP #BI 1021 0 6609
6611 #EP #BD 86 0 6610
1433 #NI 1278 17
1434 #NI 1278 18
1435 #NI 1278 19
6612 #EC 1250 
6613 #EL #BD 1273 4683 6608
6614 #EL #BD 1266 0 6613
6615 #EL #BD 1259 0 6614
6616 #EA 6612 6615
6617 #EA 6616 10
6618 #EA 6617 8
6619 #EA 6618 5
6620 #EC 1295 
6621 #EA 6620 8
6622 #EL #BD 1279 4738 6621
6623 #EL #BD 1277 0 6622
6624 #EA 6619 6623
6625 #EA 2486 2027
6626 #EA 5568 6625
6627 #EA 3831 8
6628 #EA 6627 2027
6629 #EA 6626 6628
6630 #EA 5574 2027
6631 #EA 6630 8
6632 #EA 6629 6631
6633 #EA 6632 2027
6634 #EA 63 6633
6635 #EA 6634 8
6636 #EC 1296 
6637 #EA 6636 10
6638 #EA 6637 8
6639 #EA 2490 2068
6640 #EA 5568 6639
6641 #EA 6640 5
6642 #EA 5574 2068
6643 #EA 6642 10
6644 #EA 6641 6643
6645 #EA 6644 2068
6646 #EA 63 6645
6647 #EA 6646 10
6648 #EL #BD 1297 5700 6647
6649 #EA 6638 6648
6650 #EA 6649 6628
6651 #EC 1431 
6652 #EA 6651 2068
6653 #EA 6652 10
6654 #EA 6653 8
6655 #EL #BD 1298 5699 6654
6656 #EA 6650 6655
6657 #EA 1355 5699
6658 #EA 6504 10
6659 #EA 1367 5701
6660 #EA 6659 5
6661 #EA 6640 6660
6662 #EA 6661 6643
6663 #EA 6662 2068
6664 #EA 6658 6663
6665 #EA 6664 5
6666 #EL #BD 188 6657 6665
6667 #EA 6656 6666
6668 #EZ 685 6635 6667 5
6669 #EL #BD 1107 4683 6668
6670 #EL #BD 28 0 6669
6671 #EL #BD 4 0 6670
6672 #EA 6624 6671
6673 #EL #BD 1435 4683 6672
6674 #EL #BD 1434 0 6673
6675 #EL #BD 1433 0 6674
#DEF 1432 6611 6675 
1436 #NS 31 Internal
1437 #NS 1436 ofNat
1438 #NS 0 hn
6676 #EP #BD 18 0 67
6677 #EP #BD 1438 4683 6676
6678 #EP #BD 4 0 6677
6679 #EC 32 
6680 #EA 6679 10
6681 #EA 6604 5
6682 #EA 6681 10
6683 #EA 6680 6682
6684 #EC 1432 
6685 #EA 6684 5
6686 #EA 6685 10
6687 #EA 6686 8
6688 #EA 6683 6687
6689 #EL #BD 18 0 6688
6690 #EL #BD 1438 4683 6689
6691 #EL #BD 4 0 6690
#DEF 1437 6678 6691 
1439 #NS 593 pow_pos
1440 #NS 1439 match_1_1
1441 #NI 89 1142075583
1442 #NS 1441 _hygCtx
1443 #NI 1442 16
1444 #NS 1443 Init
1445 #NS 1444 Prelude
1446 #NI 1445 1142075583
1447 #NS 1446 _hygCtx
1448 #NS 1447 _hyg
1449 #NI 1448 35
6692 #EP #BD 1449 0 4726
1450 #NI 1442 17
1451 #NS 1450 Init
1452 #NS 1451 Prelude
1453 #NI 1452 1142075583
1454 #NS 1453 _hygCtx
1455 #NS 1454 _hyg
1456 #NI 1455 38
1457 #NS 1442 _hyg
1458 #NI 1457 45
6693 #EP #BD 1458 4710 1448
1459 #NI 116 1142075583
1460 #NS 1459 _hygCtx
1461 #NS 1460 _hyg
1462 #NI 1461 57
6694 #EA 4682 366
6695 #EA 3838 5
6696 #EP #BD 188 6694 6695
6697 #EP #BD 1462 0 6696
6698 #EP #BD 113 6697 372
6699 #EP #BD 112 6693 6698
6700 #EP #BD 1456 4693 6699
6701 #EP #BD 1449 0 6700
6702 #EP #BD 75 6692 6701
6703 #EP #BI 18 0 6702
6704 #EA 1871 3808
6705 #EA 6704 82
6706 #EA 6705 796
1463 #NI 1461 70
6707 #EA 356 82
6708 #EL #BD 1463 0 6707
6709 #EA 6706 6708
6710 #EL #BD 113 6697 6709
6711 #EL #BD 112 6693 6710
6712 #EL #BD 1456 4693 6711
6713 #EL #BD 1449 0 6712
6714 #EL #BD 75 6692 6713
6715 #EL #BI 18 0 6714
#DEF 1440 6703 6715 
1464 #NS 0 HMul
1465 #NS 1464 mk
1466 #NS 0 hMul
6716 #EC 1464 2 4 6
6717 #EA 6716 82
6718 #EA 6717 10
6719 #EA 6718 8
6720 #EP #BD 1466 80 6719
6721 #EP #BI 40 78 6720
6722 #EP #BI 38 75 6721
6723 #EP #BI 7 3 6722
#IND 3 1464 93 1 1465 6723 8 39 41
1467 #NS 1464 hMul
6724 #EA 6716 10
6725 #EA 6724 8
6726 #EA 6725 5
6727 #EP #BC 24 6726 98
6728 #EP #BI 40 78 6727
6729 #EP #BI 38 75 6728
6730 #EP #BI 7 3 6729
6731 #EJ 1464 0 5
6732 #EL #BC 24 6726 6731
6733 #EL #BI 40 78 6732
6734 #EL #BD 38 75 6733
6735 #EL #BD 7 3 6734
#DEF 1467 6730 6735 8 39 41
1468 #NS 0 Mul
1469 #NS 1468 mk
1470 #NS 0 mul
6736 #EC 1468 2
6737 #EA 6736 8
6738 #EP #BD 1470 2998 6737
6739 #EP #BI 7 3 6738
#IND 1 1468 15 1 1469 6739 8
1471 #NS 1468 mul
6740 #EA 6736 5
6741 #EP #BC 24 6740 3004
6742 #EP #BI 7 3 6741
6743 #EJ 1468 0 5
6744 #EL #BC 24 6740 6743
6745 #EL #BD 7 3 6744
#DEF 1471 6742 6745 8
1472 #NS 0 instHMul
1473 #NI 54 3013044039
1474 #NS 1473 _hygCtx
1475 #NS 1474 _hyg
1476 #NI 1475 5
6746 #EC 1468 11
6747 #EA 6746 5
6748 #EC 1464 11 11 11
6749 #EA 6748 8
6750 #EA 6749 8
6751 #EA 6750 8
6752 #EP #BC 1476 6747 6751
6753 #EP #BI 7 131 6752
6754 #EC 1465 11 11 11
6755 #EA 6754 8
6756 #EA 6755 8
6757 #EA 6756 8
6758 #EC 1471 11
6759 #EA 6758 82
6760 #EA 6759 10
6761 #EA 6760 8
6762 #EA 6761 5
6763 #EL #BD 59 10 6762
6764 #EL #BD 18 8 6763
6765 #EA 6757 6764
6766 #EL #BC 1476 6747 6765
6767 #EL #BI 7 131 6766
#DEF 1472 6753 6767 49
1477 #NS 0 instMulNat
6768 #EC 1468 0
6769 #EA 6768 0
6770 #EC 1469 0
6771 #EA 6770 0
6772 #EA 6771 482
#DEF 1477 6769 6772 
1478 #NS 593 mul_pos
1479 #NS 1478 match_1_1
1480 #NI 89 2407755657
1481 #NS 1480 _hygCtx
1482 #NI 1481 20
1483 #NS 1482 Init
1484 #NS 1483 Prelude
1485 #NI 1484 2407755657
1486 #NS 1485 _hygCtx
1487 #NS 1486 _hyg
1488 #NI 1487 55
1489 #NI 1481 21
1490 #NS 1489 Init
1491 #NS 1490 Prelude
1492 #NI 1491 2407755657
1493 #NS 1492 _hygCtx
1494 #NS 1493 _hyg
1495 #NI 1494 58
1496 #NI 1481 22
1497 #NS 1496 Init
1498 #NS 1497 Prelude
1499 #NI 1498 2407755657
1500 #NS 1499 _hygCtx
1501 #NS 1500 _hyg
1502 #NI 1501 61
1503 #NI 1481 23
1504 #NS 1503 Init
1505 #NS 1504 Prelude
1506 #NI 1505 2407755657
1507 #NS 1506 _hygCtx
1508 #NS 1507 _hyg
1509 #NI 1508 64
1510 #NS 1481 _hyg
1511 #NI 1510 77
1512 #NI 1510 76
1513 #NS 0 hb
6773 #EA 4083 245
6774 #EA 6773 8
6775 #EA 6774 5
6776 #EP #BD 1513 4773 6775
6777 #EP #BD 1512 4683 6776
6778 #EP #BD 1511 0 6777
1514 #NI 1510 103
1515 #NI 116 2407755657
1516 #NS 1515 _hygCtx
1517 #NS 1516 _hyg
1518 #NI 1517 101
1519 #NS 0 ha
1520 #NI 1510 102
6779 #EA 2340 2027
6780 #EA 6779 8
6781 #EA 6780 5
6782 #EP #BD 1520 4745 6781
6783 #EP #BD 1519 4689 6782
6784 #EP #BD 1518 0 6783
6785 #EP #BD 1514 0 6784
6786 #EP #BD 113 6785 4147
6787 #EP #BD 112 6778 6786
6788 #EP #BD 1509 4689 6787
6789 #EP #BD 1502 4689 6788
6790 #EP #BD 1495 0 6789
6791 #EP #BD 1488 0 6790
6792 #EP #BD 75 4729 6791
6793 #EA 910 860
6794 #EA 6793 8
6795 #EA 6794 366
6796 #EA 6795 5
6797 #EP #BD 1509 4683 6796
6798 #EL #BD 86 0 6797
6799 #EA 1871 6798
6800 #EA 6799 121
6801 #EA 10 698
6802 #EA 6801 121
6803 #EA 6802 5
6804 #EL #BD 1509 4773 6803
6805 #EA 6800 6804
1521 #NI 1517 119
6806 #EA 10 860
6807 #EA 6806 8
6808 #EA 6807 366
6809 #EA 6808 5
6810 #EL #BD 1509 4738 6809
6811 #EL #BD 1521 0 6810
6812 #EA 6805 6811
6813 #EA 6812 10
6814 #EL #BD 113 6785 6813
6815 #EL #BD 112 6778 6814
6816 #EL #BD 1509 4689 6815
6817 #EL #BD 1502 4689 6816
6818 #EL #BD 1495 0 6817
6819 #EL #BD 1488 0 6818
6820 #EL #BD 75 4729 6819
#DEF 1479 6792 6820 
1522 #NS 593 add_pos_right
1523 #NS 1522 match_1_1
1524 #NI 89 1288608612
1525 #NS 1524 _hygCtx
1526 #NI 1525 17
1527 #NS 1526 Init
1528 #NS 1527 Prelude
1529 #NI 1528 1288608612
1530 #NS 1529 _hygCtx
1531 #NS 1530 _hyg
1532 #NI 1531 44
6821 #EP #BD 1532 0 6692
1533 #NI 1525 18
1534 #NS 1533 Init
1535 #NS 1534 Prelude
1536 #NI 1535 1288608612
1537 #NS 1536 _hygCtx
1538 #NS 1537 _hyg
1539 #NI 1538 47
1540 #NI 1525 19
1541 #NS 1540 Init
1542 #NS 1541 Prelude
1543 #NI 1542 1288608612
1544 #NS 1543 _hygCtx
1545 #NS 1544 _hyg
1546 #NI 1545 50
1547 #NS 1525 _hyg
1548 #NI 1547 59
6822 #EA 366 245
6823 #EA 6822 8
6824 #EA 6823 5
6825 #EP #BD 188 4773 6824
6826 #EP #BD 1548 0 6825
1549 #NI 116 1288608612
1550 #NS 1549 _hygCtx
1551 #NS 1550 _hyg
1552 #NI 1551 80
1553 #NI 1547 82
1554 #NI 1547 81
6827 #EP #BD 1554 4745 5600
6828 #EP #BD 1553 0 6827
6829 #EP #BD 1552 0 6828
6830 #EP #BD 113 6829 2034
6831 #EP #BD 112 6826 6830
6832 #EP #BD 1546 4689 6831
6833 #EP #BD 1539 0 6832
6834 #EP #BD 1532 0 6833
6835 #EP #BD 75 6821 6834
6836 #EP #BD 1546 4683 2047
6837 #EL #BD 86 0 6836
6838 #EA 1871 6837
6839 #EA 6838 121
6840 #EL #BD 1546 4773 2057
6841 #EA 6839 6840
1555 #NI 1551 94
6842 #EA 229 366
6843 #EA 6842 5
6844 #EL #BD 1546 4738 6843
6845 #EL #BD 1555 0 6844
6846 #EA 6841 6845
6847 #EA 6846 10
6848 #EL #BD 113 6829 6847
6849 #EL #BD 112 6826 6848
6850 #EL #BD 1546 4689 6849
6851 #EL #BD 1539 0 6850
6852 #EL #BD 1532 0 6851
6853 #EL #BD 75 6821 6852
#DEF 1523 6835 6853 
1556 #NS 1 add_pos_right
6854 #EA 5306 10
6855 #EA 4682 6854
6856 #EP #BD 1513 4689 6855
6857 #EP #BD 18 0 6856
6858 #EP #BI 59 0 6857
1557 #NI 1547 17
1558 #NI 1547 18
1559 #NI 1547 19
6859 #EC 1523 
6860 #EL #BD 1546 4689 6855
6861 #EL #BD 1539 0 6860
6862 #EL #BD 1532 0 6861
6863 #EA 6859 6862
6864 #EA 6863 10
6865 #EA 6864 8
6866 #EA 6865 5
6867 #EA 5306 245
6868 #EA 4682 6867
6869 #EA 2079 6868
6870 #EA 5180 5
6871 #EA 6869 6870
6872 #EL #BD 188 4773 6871
6873 #EL #BD 1548 0 6872
6874 #EA 6866 6873
6875 #EA 448 8
6876 #EA 6875 10
6877 #EA 6620 6876
6878 #EL #BD 1554 4745 6877
6879 #EL #BD 1553 0 6878
6880 #EL #BD 1552 0 6879
6881 #EA 6874 6880
6882 #EL #BD 1559 4689 6881
6883 #EL #BD 1558 0 6882
6884 #EL #BD 1557 0 6883
#DEF 1556 6858 6884 
1560 #NS 1 mul_pos
6885 #EC 1467 0 0 0
6886 #EA 6885 0
6887 #EA 6886 0
6888 #EA 6887 0
6889 #EC 1472 0
6890 #EA 6889 0
6891 #EC 1477 
6892 #EA 6890 6891
6893 #EA 6888 6892
6894 #EA 6893 82
6895 #EA 6894 10
6896 #EA 4682 6895
6897 #EP #BD 1107 4689 6896
6898 #EP #BD 1438 4689 6897
6899 #EP #BI 28 0 6898
6900 #EP #BI 4 0 6899
1561 #NI 1510 20
1562 #NI 1510 21
1563 #NI 1510 22
1564 #NI 1510 23
6901 #EC 1479 
6902 #EL #BD 1509 4689 6896
6903 #EL #BD 1502 4689 6902
6904 #EL #BD 1495 0 6903
6905 #EL #BD 1488 0 6904
6906 #EA 6901 6905
6907 #EA 6906 82
6908 #EA 6907 10
6909 #EA 6908 8
6910 #EA 6909 5
6911 #EA 6893 10
6912 #EA 6911 245
6913 #EA 4682 6912
6914 #EA 2079 6913
6915 #EA 6914 6870
6916 #EL #BD 1513 4773 6915
6917 #EL #BD 1512 4683 6916
6918 #EL #BD 1511 0 6917
6919 #EA 6910 6918
6920 #EC 1556 
6921 #EA 6920 82
6922 #EA 482 82
6923 #EA 6922 10
6924 #EA 6921 6923
6925 #EA 6924 8
6926 #EL #BD 1520 4745 6925
6927 #EL #BD 1519 4689 6926
6928 #EL #BD 1518 0 6927
6929 #EL #BD 1514 0 6928
6930 #EA 6919 6929
6931 #EL #BD 1564 4689 6930
6932 #EL #BD 1563 4689 6931
6933 #EL #BD 1562 0 6932
6934 #EL #BD 1561 0 6933
#DEF 1560 6900 6934 
1565 #NS 1 pow_pos
6935 #EA 512 10
6936 #EA 6935 8
6937 #EA 4682 6936
6938 #EP #BD 188 4689 6937
6939 #EP #BI 4 0 6938
6940 #EP #BI 18 0 6939
1566 #NI 1457 16
1567 #NI 1457 17
6941 #EA 512 121
6942 #EA 6941 8
6943 #EA 4682 6942
6944 #EP #BD 1567 4710 6943
6945 #EL #BD 1566 0 6944
6946 #EA 1890 6945
6947 #EA 6946 8
6948 #EA 512 366
6949 #EA 6948 8
6950 #EA 4682 6949
6951 #EP #BD 1567 4695 6950
6952 #EL #BD 1566 0 6951
6953 #EA 1894 6952
6954 #EA 6953 5
6955 #EC 1440 
6956 #EA 6955 366
6957 #EA 4682 698
1568 #NI 1457 71
6958 #EA 4682 910
6959 #EA 512 911
6960 #EA 6959 8
6961 #EA 4682 6960
6962 #EP #BD 1567 6958 6961
6963 #EL #BD 1566 0 6962
6964 #EA 1894 6963
6965 #EA 6964 8
6966 #EA 512 910
6967 #EA 6966 10
6968 #EA 4682 6967
6969 #EP #BD 1568 6965 6968
6970 #EL #BD 1456 6957 6969
6971 #EL #BD 1449 0 6970
6972 #EA 6956 6971
6973 #EA 6972 10
6974 #EA 6973 5
6975 #EA 4682 860
6976 #EA 6966 8
6977 #EA 4682 6976
6978 #EP #BD 1567 6975 6977
6979 #EL #BD 1566 0 6978
6980 #EA 1894 6979
6981 #EA 6980 245
6982 #EA 6620 343
6983 #EL #BD 1568 6981 6982
6984 #EL #BD 1458 6694 6983
6985 #EA 6974 6984
6986 #EA 6964 43
6987 #EC 1560 
6988 #EA 498 910
6989 #EA 6988 10
6990 #EA 6987 6989
6991 #EA 6990 910
6992 #EA 6991 950
6993 #EA 6992 8
6994 #EL #BD 1568 6986 6993
6995 #EL #BD 188 6957 6994
6996 #EL #BD 1462 0 6995
6997 #EA 6985 6996
6998 #EA 6997 8
6999 #EL #BD 1567 4695 6998
7000 #EL #BD 82 6954 6999
7001 #EL #BD 1566 0 7000
7002 #EA 6947 7001
7003 #EA 7002 5
7004 #EL #BD 1567 4689 7003
7005 #EL #BD 1566 0 7004
7006 #EL #BI 18 0 7005
#DEF 1565 6940 7006 
1569 #NS 175 ofNat
1570 #NS 1569 _proof_1
7007 #EA 4682 518
7008 #EP #BD 4 0 7007
7009 #EC 1565 
7010 #EA 7009 516
7011 #EA 7010 5
7012 #EA 6620 477
7013 #EA 7011 7012
7014 #EL #BD 4 0 7013
#DEF 1570 7008 7014 
1571 #NS 0 i
7015 #EP #BD 1571 0 521
7016 #EP #BD 4 0 7015
7017 #EC 176 
7018 #EA 7017 8
7019 #EC 1437 
7020 #EA 7019 588
7021 #EC 1570 
7022 #EA 7021 8
7023 #EA 7020 7022
7024 #EA 7023 5
7025 #EA 7018 7024
7026 #EL #BD 1571 0 7025
7027 #EL #BD 4 0 7026
#DEF 1569 7016 7027 
1572 #NS 178 ofNat
7028 #EP #BD 4 0 529
7029 #EC 179 
7030 #EC 1569 
7031 #EA 7030 527
7032 #EA 7031 5
7033 #EA 7029 7032
7034 #EL #BD 4 0 7033
#DEF 1572 7028 7034 
1573 #NS 0 HDiv
1574 #NS 1573 mk
1575 #NS 0 hDiv
7035 #EC 1573 2 4 6
7036 #EA 7035 82
7037 #EA 7036 10
7038 #EA 7037 8
7039 #EP #BD 1575 80 7038
7040 #EP #BI 40 78 7039
7041 #EP #BI 38 75 7040
7042 #EP #BI 7 3 7041
#IND 3 1573 93 1 1574 7042 8 39 41
1576 #NS 1573 hDiv
7043 #EA 7035 10
7044 #EA 7043 8
7045 #EA 7044 5
7046 #EP #BC 24 7045 98
7047 #EP #BI 40 78 7046
7048 #EP #BI 38 75 7047
7049 #EP #BI 7 3 7048
7050 #EJ 1573 0 5
7051 #EL #BC 24 7045 7050
7052 #EL #BI 40 78 7051
7053 #EL #BD 38 75 7052
7054 #EL #BD 7 3 7053
#DEF 1576 7049 7054 8 39 41
1577 #NS 0 Div
1578 #NS 1577 mk
1579 #NS 0 div
7055 #EC 1577 2
7056 #EA 7055 8
7057 #EP #BD 1579 2998 7056
7058 #EP #BI 7 3 7057
#IND 1 1577 15 1 1578 7058 8
1580 #NS 1577 div
7059 #EA 7055 5
7060 #EP #BC 24 7059 3004
7061 #EP #BI 7 3 7060
7062 #EJ 1577 0 5
7063 #EL #BC 24 7059 7062
7064 #EL #BD 7 3 7063
#DEF 1580 7061 7064 8
1581 #NS 0 instHDiv
1582 #NI 54 852891874
1583 #NS 1582 _hygCtx
1584 #NS 1583 _hyg
1585 #NI 1584 5
7065 #EC 1577 11
7066 #EA 7065 5
7067 #EC 1573 11 11 11
7068 #EA 7067 8
7069 #EA 7068 8
7070 #EA 7069 8
7071 #EP #BC 1585 7066 7070
7072 #EP #BI 7 131 7071
7073 #EC 1574 11 11 11
7074 #EA 7073 8
7075 #EA 7074 8
7076 #EA 7075 8
7077 #EC 1580 11
7078 #EA 7077 82
7079 #EA 7078 10
7080 #EA 7079 8
7081 #EA 7080 5
7082 #EL #BD 59 10 7081
7083 #EL #BD 18 8 7082
7084 #EA 7076 7083
7085 #EL #BC 1585 7066 7084
7086 #EL #BI 7 131 7085
#DEF 1581 7072 7086 49
1586 #NI 89 2515639154
1587 #NS 1586 _hygCtx
1588 #NS 1587 _hyg
1589 #NI 1588 97
7087 #EA 3092 5505
7088 #EA 7087 477
7089 #EL #BD 188 5491 7088
7090 #EA 5495 7089
1590 #NI 1588 69
7091 #EL #BD 1590 5508 343
7092 #EA 7090 7091
7093 #EL #BD 1589 5489 7092
7094 #EL #BD 916 5488 7093
7095 #EL #BD 908 0 7094
7096 #EA 5487 7095
7097 #EA 7096 10
7098 #EL #BD 916 5478 7097
7099 #EL #BD 86 0 7098
7100 #EL #BD 82 5477 7099
7101 #EL #BD 908 0 7100
7102 #EA 5475 7101
7103 #EA 7102 8
7104 #EA 7103 5
7105 #EL #BD 916 65 7104
7106 #EL #BD 86 0 7105
7107 #EL #BD 908 0 7106
7108 #EL #BD 1231 4683 7107
7109 #EL #BD 1021 0 7108
#DEF 906 5472 7109 
7110 #EC 906 
7111 #EA 7110 8
7112 #EA 7111 5
7113 #EA 7112 2027
7114 #EA 7113 10
7115 #EA 7114 5551
7116 #EL #BD 1231 4683 7115
7117 #EA 5544 7116
1591 #NI 1588 93
7118 #EL #BD 1591 5555 343
7119 #EA 7117 7118
7120 #EL #BD 1021 0 7119
7121 #EL #BD 86 0 7120
#DEF 905 405 7121 
1592 #NS 1 instDiv
7122 #EC 1577 0
7123 #EA 7122 0
7124 #EC 1578 0
7125 #EA 7124 0
7126 #EC 905 
7127 #EA 7125 7126
#DEF 1592 7123 7127 
1593 #NS 0 String
1594 #NS 1593 utf8EncodeChar
7128 #EP #BD 318 623 768
7129 #EC 403 
7130 #EA 7129 5
7131 #EA 617 7130
7132 #EA 5567 768
7133 #ELN 127
7134 #EA 338 7133
7135 #EA 341 7133
7136 #EA 7134 7135
7137 #EA 4685 7136
7138 #EA 7132 7137
7139 #EA 5571 7136
7140 #EA 7138 7139
7141 #EC 1572 
7142 #EA 7141 5
7143 #EA 777 7142
7144 #EA 7143 772
7145 #EA 7140 7144
7146 #ELN 2047
7147 #EA 338 7146
7148 #EA 341 7146
7149 #EA 7147 7148
7150 #EA 4685 7149
7151 #EA 7132 7150
7152 #EA 5571 7149
7153 #EA 7151 7152
7154 #EA 3086 0
7155 #EA 7154 3091
7156 #EC 1576 0 0 0
7157 #EA 7156 0
7158 #EA 7157 0
7159 #EA 7158 0
7160 #EC 1581 0
7161 #EA 7160 0
7162 #EC 1592 
7163 #EA 7161 7162
7164 #EA 7159 7163
7165 #EA 7164 5
7166 #ELN 64
7167 #EA 338 7166
7168 #EA 341 7166
7169 #EA 7167 7168
7170 #EA 7165 7169
7171 #EA 6604 7170
7172 #EA 7171 538
7173 #EA 7155 7172
7174 #ELN 192
7175 #EA 338 7174
7176 #EA 341 7174
7177 #EA 7175 7176
7178 #EA 7173 7177
7179 #EA 7141 7178
7180 #EA 777 7179
7181 #EA 6681 7169
7182 #EA 7155 7181
7183 #ELN 128
7184 #EA 338 7183
7185 #EA 341 7183
7186 #EA 7184 7185
7187 #EA 7182 7186
7188 #EA 7141 7187
7189 #EA 777 7188
7190 #EA 7189 772
7191 #EA 7180 7190
7192 #EA 7153 7191
7193 #ELN 65535
7194 #EA 338 7193
7195 #EA 341 7193
7196 #EA 7194 7195
7197 #EA 4685 7196
7198 #EA 7132 7197
7199 #EA 5571 7196
7200 #EA 7198 7199
7201 #ELN 4096
7202 #EA 338 7201
7203 #EA 341 7201
7204 #EA 7202 7203
7205 #EA 7165 7204
7206 #EA 6604 7205
7207 #ELN 16
7208 #EA 338 7207
7209 #EA 341 7207
7210 #EA 7208 7209
7211 #EA 7206 7210
7212 #EA 7155 7211
7213 #ELN 224
7214 #EA 338 7213
7215 #EA 341 7213
7216 #EA 7214 7215
7217 #EA 7212 7216
7218 #EA 7141 7217
7219 #EA 777 7218
7220 #EA 7171 7169
7221 #EA 7155 7220
7222 #EA 7221 7186
7223 #EA 7141 7222
7224 #EA 777 7223
7225 #EA 7224 7190
7226 #EA 7219 7225
7227 #EA 7200 7226
7228 #ELN 262144
7229 #EA 338 7228
7230 #EA 341 7228
7231 #EA 7229 7230
7232 #EA 7165 7231
7233 #EA 6604 7232
7234 #EA 7233 527
7235 #EA 7155 7234
7236 #ELN 240
7237 #EA 338 7236
7238 #EA 341 7236
7239 #EA 7237 7238
7240 #EA 7235 7239
7241 #EA 7141 7240
7242 #EA 777 7241
7243 #EA 7206 7169
7244 #EA 7155 7243
7245 #EA 7244 7186
7246 #EA 7141 7245
7247 #EA 777 7246
7248 #EA 7247 7225
7249 #EA 7242 7248
7250 #EA 7227 7249
7251 #EA 7192 7250
7252 #EA 7145 7251
7253 #EZ 39 0 7131 7252
7254 #EL #BD 318 623 7253
#DEF 1594 7128 7254 
1595 #NS 5 utf8Encode
7255 #EA 767 623
7256 #EP #BD 333 7255 533
7257 #EC 214 
7258 #EC 402 0 0
7259 #EA 7258 623
7260 #EA 7259 529
7261 #EC 1594 
7262 #EA 7260 7261
7263 #EA 7262 5
7264 #EA 7257 7263
7265 #EL #BD 333 7255 7264
#DEF 1595 7256 7265 
1596 #NS 181 IsValidUTF8
1597 #NS 1596 intro
7266 #EA 1665 533
7267 #EA 7266 8
7268 #EC 1595 
7269 #EA 7268 5
7270 #EA 7267 7269
7271 #EC 1596 
7272 #EA 7271 10
7273 #EP #BD 1107 7270 7272
7274 #EP #BD 28 7255 7273
7275 #EP #BI 59 533 7274
7276 #EP #BD 59 533 20
#IND 1 1596 7276 1 1597 7275 
1598 #NS 1593 ofByteArray
1599 #NS 0 toByteArray
1600 #NS 0 isValidUTF8
7277 #EA 7271 5
7278 #EC 1593 
7279 #EP #BD 1600 7277 7278
7280 #EP #BD 1599 533 7279
#IND 0 1593 2 1 1598 7280 
1601 #NS 0 Lean
1602 #NS 1601 Name
1603 #NS 1602 anonymous
7281 #EC 1602 
1604 #NS 1602 str
1605 #NS 0 pre
1606 #NS 0 str
7282 #EP #BD 1606 7278 7281
7283 #EP #BD 1605 7281 7282
1607 #NS 1602 num
7284 #EP #BD 1571 0 7281
7285 #EP #BD 1605 7281 7284
#IND 0 1602 2 3 1603 7281 1604 7283 1607 7285 
1608 #NS 1601 FVarId
1609 #NS 1608 mk
1610 #NS 0 name
7286 #EC 1608 
7287 #EP #BD 1610 7281 7286
#IND 0 1608 2 1 1609 7287 
1611 #NS 0 BinderName
1612 #NS 1611 named
1613 #NS 0 s
7288 #EC 1611 
7289 #EP #BD 1613 7278 7288
1614 #NS 1611 anon
#IND 0 1611 2 2 1612 7289 1614 7288 
1615 #NS 0 DirPath
7290 #EA 767 7278
#DEF 1615 2 7290 
1616 #NS 0 Ident
#DEF 1616 2 7278 
1617 #NS 0 ModPath
1618 #NS 1617 MPfile
1619 #NS 0 dp
7291 #EC 1615 
7292 #EC 1617 
7293 #EP #BD 1619 7291 7292
1620 #NS 1617 MPdot
1621 #NS 0 mp
7294 #EC 1616 
7295 #EP #BD 1338 7294 7292
7296 #EP #BD 1621 7292 7295
#IND 0 1617 2 2 1618 7293 1620 7296 
1622 #NS 0 Kername
1623 #NS 1622 mk
7297 #EC 1622 
7298 #EP #BD 1338 7294 7297
7299 #EP #BD 1621 7292 7298
#IND 0 1622 2 1 1623 7299 
1624 #NS 0 InductiveId
1625 #NS 1624 mk
1626 #NS 0 mutualBlockName
1627 #NS 0 idx
7300 #EC 1624 
7301 #EP #BD 1627 0 7300
7302 #EP #BD 1626 7297 7301
#IND 0 1624 2 1 1625 7302 
1628 #NS 0 Prod
1629 #NS 1628 mk
7303 #EC 1628 2 4
7304 #EA 7303 82
7305 #EA 7304 10
7306 #EP #BD 73 8 7305
7307 #EP #BD 72 8 7306
7308 #EP #BI 38 75 7307
7309 #EP #BI 7 3 7308
#IND 2 1628 118 1 1629 7309 8 39
1630 #NS 0 ProjectionInfo
1631 #NS 1630 mk
1632 #NS 0 indType
1633 #NS 0 paramCount
1634 #NS 0 fieldIdx
7310 #EC 1630 
7311 #EP #BD 1634 0 7310
7312 #EP #BD 1633 0 7311
7313 #EP #BD 1632 7300 7312
#IND 0 1630 2 1 1631 7313 
1635 #NS 0 FixDef
1636 #NS 1635 mk
1637 #NS 0 term
1638 #NS 0 body
1639 #NS 0 principalArgIdx
7314 #EC 1635 
7315 #EA 7314 82
7316 #EP #BD 1639 0 7315
7317 #EP #BD 1638 8 7316
7318 #EP #BD 1610 7288 7317
7319 #EP #BI 1637 2 7318
7320 #EP #BI 1637 2 2
#IND 1 1635 7320 1 1636 7319 
1640 #NS 0 Sigma
1641 #NS 1640 mk
7321 #EP #BD 22 5 75
7322 #EC 1640 2 4
7323 #EA 7322 82
7324 #EA 7323 10
7325 #EP #BD 73 356 7324
7326 #EP #BD 72 8 7325
7327 #EP #BI 38 7321 7326
7328 #EP #BI 7 3 7327
7329 #EP #BD 38 7321 116
7330 #EP #BI 7 3 7329
#IND 2 1640 7330 1 1641 7328 8 39
1642 #NS 0 PrimTag
1643 #NS 1642 primInt
7331 #EC 1642 
#IND 0 1642 2 1 1643 7331 
1644 #NS 1642 casesOn
7332 #EP #BD 76 7331 72
1645 #NS 0 primInt
7333 #EC 1643 
7334 #EA 8 7333
7335 #EP #BD 1645 7334 229
7336 #EP #BD 76 7331 7335
7337 #EP #BI 75 7332 7336
1646 #NS 1642 rec
7338 #EC 1646 2
7339 #EA 7338 10
7340 #EA 7339 5
7341 #EA 7340 8
7342 #EL #BD 1645 7334 7341
7343 #EL #BD 76 7331 7342
7344 #EL #BI 75 7332 7343
#DEF 1644 7337 7344 8
1647 #NS 0 instReprPrimTag
1648 #NS 1647 repr
1649 #NS 1648 match_1
1650 #NS 87 LeanToLambdaBox
1651 #NS 1650 Basic
1652 #NI 1651 2108250013
1653 #NS 1652 _hygCtx
1654 #NI 1653 9
1655 #NS 1654 LeanToLambdaBox
1656 #NS 1655 Basic
1657 #NI 1656 682344316
1658 #NS 1657 _hygCtx
1659 #NS 1658 _hyg
1660 #NI 1659 8
7345 #EP #BD 1660 7331 335
7346 #EA 10 7333
7347 #EP #BD 0 333 7346
7348 #EP #BD 112 7347 229
7349 #EP #BD 1660 7331 7348
7350 #EP #BD 75 7345 7349
7351 #EC 1644 11
7352 #EL #BD 86 7331 237
7353 #EA 7351 7352
7354 #EA 7353 8
7355 #EA 7354 1596
7356 #EL #BD 112 7347 7355
7357 #EL #BD 1660 7331 7356
7358 #EL #BD 75 7345 7357
#DEF 1649 7350 7358 49
1661 #NS 0 PrimModel
7359 #EP #BD 22 7331 2
1662 #NI 1651 4078608197
1663 #NS 1662 _hygCtx
1664 #NS 1663 _hyg
1665 #NI 1664 5
25 #US 1
7360 #EC 1649 25
1666 #NI 1663 5
1667 #NS 1666 LeanToLambdaBox
1668 #NS 1667 Basic
1669 #NI 1668 4078608197
1670 #NS 1669 _hygCtx
1671 #NS 1670 _hyg
1672 #NI 1671 16
7361 #EL #BD 1672 7331 2
7362 #EA 7360 7361
7363 #EA 7362 5
7364 #ELN 63
7365 #EA 338 7364
7366 #EA 341 7364
7367 #EA 7365 7366
7368 #EA 520 7367
7369 #EL #BD 173 333 7368
7370 #EA 7363 7369
7371 #EL #BD 1665 7331 7370
#DEF 1661 7359 7371 
1673 #NS 0 PrimVal
7372 #EC 1640 0 0
7373 #EA 7372 7331
7374 #EC 1661 
7375 #EA 7374 5
7376 #EL #BD 76 7331 7375
7377 #EA 7373 7376
#DEF 1673 2 7377 
1674 #NS 0 LBTerm
1675 #NS 1674 box
7378 #EC 1674 
1676 #NS 1674 bvar
7379 #EP #BD 22 0 7378
1677 #NS 1674 fvar
7380 #EP #BD 22 7286 7378
1678 #NS 1674 lambda
7381 #EP #BD 22 7378 7378
7382 #EP #BD 22 7288 7381
1679 #NS 1674 letIn
7383 #EP #BD 22 7378 7381
7384 #EP #BD 22 7288 7383
1680 #NS 1674 app
1681 #NS 1674 const
7385 #EP #BD 22 7297 7378
1682 #NS 1674 construct
7386 #EA 767 7378
7387 #EP #BD 22 7386 7378
7388 #EP #BD 22 0 7387
7389 #EP #BD 22 7300 7388
1683 #NS 1674 case
7390 #EC 1628 0 0
7391 #EA 7390 7300
7392 #EA 7391 0
7393 #EA 767 7288
7394 #EA 7390 7393
7395 #EA 7394 7378
7396 #EA 767 7395
7397 #EP #BD 22 7396 7378
7398 #EP #BD 22 7378 7397
7399 #EP #BD 22 7392 7398
1684 #NS 1674 proj
7400 #EP #BD 22 7310 7381
1685 #NS 1674 fix
7401 #EA 7314 7378
7402 #EA 767 7401
7403 #EP #BD 22 7402 7379
1686 #NS 1674 prim
7404 #EC 1673 
7405 #EP #BD 22 7404 7378
#IND 0 1674 2 12 1675 7378 1676 7379 1677 7380 1678 7382 1679 7384 1680 7383 1681 7385 1682 7389 1683 7399 1684 7400 1685 7403 1686 7405 
1687 #NS 428 and
1688 #NS 1687 match_1
1689 #NI 89 2579035302
1690 #NS 1689 _hygCtx
1691 #NS 1690 _hyg
1692 #NI 1691 8
7406 #EA 10 1509
7407 #EP #BD 0 333 7406
7408 #EA 82 1504
7409 #EP #BD 0 333 7408
7410 #EP #BD 113 7409 316
7411 #EP #BD 112 7407 7410
7412 #EP #BD 1692 1446 7411
7413 #EP #BD 75 1551 7412
7414 #EL #BD 86 1446 324
7415 #EA 1574 7414
7416 #EA 7415 10
7417 #EA 7416 354
7418 #EA 7417 1596
7419 #EL #BD 113 7409 7418
7420 #EL #BD 112 7407 7419
7421 #EL #BD 1692 1446 7420
7422 #EL #BD 75 1551 7421
#DEF 1688 7413 7422 49
7423 #EP #BD 1021 1446 1446
7424 #EP #BD 86 1446 7423
7425 #EC 1688 1
7426 #EL #BD 1692 1446 1446
7427 #EA 7425 7426
7428 #EA 7427 8
7429 #EL #BD 173 333 1509
7430 #EA 7428 7429
7431 #EL #BD 173 333 8
7432 #EA 7430 7431
7433 #EL #BD 1021 1446 7432
7434 #EL #BD 86 1446 7433
#DEF 1687 7424 7434 
1693 #NS 1617 below
7435 #EP #BD 76 7292 72
7436 #EP #BD 76 7292 206
7437 #EP #BI 75 7435 7436
1694 #NS 1617 rec
7438 #EC 1694 17
7439 #EL #BD 76 7292 206
7440 #EA 7438 7439
7441 #EL #BD 1619 7291 212
7442 #EA 7440 7441
1695 #NS 0 mp_ih
7443 #EA 214 4787
7444 #EA 7443 5
7445 #EL #BD 1695 206 7444
7446 #EL #BD 1338 7294 7445
7447 #EL #BD 1621 7292 7446
7448 #EA 7442 7447
7449 #EA 7448 5
7450 #EL #BD 76 7292 7449
7451 #EL #BI 75 7435 7450
#DEF 1693 7437 7451 8
1696 #NS 1617 brecOn
1697 #NS 1696 go
7452 #EC 1693 2
7453 #EA 7452 10
7454 #EA 7453 5
7455 #EP #BD 82 7454 215
7456 #EP #BD 76 7292 7455
7457 #EA 7453 8
7458 #EA 230 7457
7459 #EP #BD 81 7456 7458
7460 #EP #BD 76 7292 7459
7461 #EP #BI 75 7435 7460
7462 #EC 1694 15
7463 #EA 7452 82
7464 #EA 7463 5
7465 #EA 238 7464
7466 #EL #BD 76 7292 7465
7467 #EA 7462 7466
7468 #EC 1618 
7469 #EA 7468 5
7470 #EA 82 7469
7471 #EA 244 7470
7472 #EA 7471 212
7473 #EA 8 7469
7474 #EA 7473 250
7475 #EA 7472 7474
7476 #EA 7475 250
7477 #EL #BD 1619 7291 7476
7478 #EA 7467 7477
7479 #EA 7452 121
7480 #EA 7479 8
7481 #EA 258 7480
7482 #EC 1620 
7483 #EA 7482 10
7484 #EA 7483 8
7485 #EA 366 7484
7486 #EA 244 7485
7487 #EA 214 2236
7488 #EA 7452 366
7489 #EA 7488 10
7490 #EA 7487 7489
7491 #EA 7486 7490
7492 #EA 82 7484
7493 #EA 7492 5
7494 #EA 7491 7493
7495 #EA 7494 5
7496 #EL #BD 1695 7481 7495
7497 #EL #BD 1338 7294 7496
7498 #EL #BD 1621 7292 7497
7499 #EA 7478 7498
7500 #EA 7499 8
7501 #EL #BD 81 7456 7500
7502 #EL #BD 76 7292 7501
7503 #EL #BI 75 7435 7502
#DEF 1697 7461 7503 8
7504 #EP #BD 81 7456 229
7505 #EP #BD 76 7292 7504
7506 #EP #BI 75 7435 7505
7507 #EC 1697 2
7508 #EA 7507 10
7509 #EA 7508 8
7510 #EA 7509 5
7511 #EJ 70 0 7510
7512 #EL #BD 81 7456 7511
7513 #EL #BD 76 7292 7512
7514 #EL #BI 75 7435 7513
#DEF 1696 7506 7514 8
1698 #NS 1617 casesOn
1699 #NS 0 MPfile
7515 #EA 10 7469
7516 #EP #BD 1619 7291 7515
1700 #NS 0 MPdot
7517 #EA 7482 8
7518 #EA 7517 5
7519 #EA 121 7518
7520 #EP #BD 1338 7294 7519
7521 #EP #BD 1621 7292 7520
7522 #EP #BD 1700 7521 316
7523 #EP #BD 1699 7516 7522
7524 #EP #BD 76 7292 7523
7525 #EP #BI 75 7435 7524
7526 #EC 1694 2
7527 #EA 7526 82
7528 #EL #BD 1619 7291 1386
7529 #EA 7527 7528
7530 #EL #BD 1695 367 756
7531 #EL #BD 1338 7294 7530
7532 #EL #BD 1621 7292 7531
7533 #EA 7529 7532
7534 #EA 7533 10
7535 #EL #BD 1700 7521 7534
7536 #EL #BD 1699 7516 7535
7537 #EL #BD 76 7292 7536
7538 #EL #BI 75 7435 7537
#DEF 1698 7525 7538 8
1701 #NS 0 Ne
7539 #EP #BI 7 72 22
7540 #EA 1355 1530
7541 #EL #BD 59 8 7540
7542 #EL #BD 18 5 7541
7543 #EL #BI 7 72 7542
#DEF 1701 7539 7543 8
1702 #NS 0 PSigma
1703 #NS 1702 mk
7544 #EP #BD 22 5 194
7545 #EC 1702 2 4
7546 #EA 7545 82
7547 #EA 7546 10
7548 #EP #BD 73 356 7547
7549 #EP #BD 72 8 7548
7550 #EP #BI 38 7544 7549
7551 #EP #BI 7 72 7550
7552 #EP #BD 38 7544 202
7553 #EP #BI 7 72 7552
#IND 2 1702 7553 1 1703 7551 8 39
1704 #NS 0 InvImage
7554 #EP #BD 22 121 20
7555 #EP #BD 22 82 7554
7556 #EP #BD 82 79 7555
7557 #EP #BD 232 22 7556
7558 #EP #BI 38 194 7557
7559 #EP #BI 7 72 7558
7560 #EA 82 229
7561 #EA 7560 1386
7562 #EL #BD 567 121 7561
7563 #EL #BD 566 82 7562
7564 #EL #BD 82 79 7563
7565 #EL #BD 232 22 7564
7566 #EL #BI 38 194 7565
7567 #EL #BI 7 72 7566
#DEF 1704 7559 7567 8 39
1705 #NS 0 WellFounded
1706 #NS 1705 Nat
1707 #NS 1706 fix
1708 #NS 1707 go
1709 #NS 1708 _proof_1
1710 #NS 88 WF
1711 #NI 1710 1007480251
1712 #NS 1711 _hygCtx
1713 #NS 1712 _hyg
1714 #NI 1713 78
7568 #EA 63 356
7569 #EA 7568 245
7570 #EP #BD 916 7569 1352
7571 #EP #BD 1714 8 7570
7572 #EP #BD 188 1957 7571
7573 #EP #BI 7 335 7572
7574 #EA 5179 229
7575 #EA 7574 5
7576 #EL #BD 916 7569 7575
7577 #EL #BD 1714 8 7576
7578 #EL #BD 188 1957 7577
7579 #EL #BI 7 335 7578
#DEF 1709 7573 7579 49
1715 #NS 1 le_of_lt_add_one
7580 #EA 3877 5529
7581 #EP #BD 22 7580 4061
7582 #EP #BI 28 0 7581
7583 #EP #BI 4 0 7582
#DEF 1715 7583 5435 
1716 #NS 1707 _proof_1
1717 #NI 1713 91
7584 #EA 63 1386
7585 #EA 7584 43
7586 #EC 1704 11 1
7587 #EA 7586 366
7588 #EA 7587 0
1718 #NS 0 x1
1719 #NS 1718 _@
1720 #NS 1719 Init
1721 #NS 1720 WF
1722 #NI 1721 1007480251
1723 #NS 1722 _hygCtx
1724 #NS 1723 _hyg
1725 #NI 1724 20
1726 #NS 0 x2
1727 #NS 1726 _@
1728 #NS 1727 Init
1729 #NS 1728 WF
1730 #NI 1729 1007480251
1731 #NS 1730 _hygCtx
1732 #NS 1731 _hyg
1733 #NI 1732 20
7589 #EL #BD 1733 0 3878
7590 #EL #BD 1725 0 7589
7591 #EA 7588 7590
7592 #EA 7591 121
7593 #EA 7592 5
7594 #EA 7593 10
7595 #EA 63 367
7596 #EA 7595 121
7597 #EP #BD 1231 7594 7596
7598 #EP #BD 1021 121 7597
7599 #EP #BD 916 7585 7598
7600 #EP #BD 86 10 7599
7601 #EP #BD 1717 0 7600
7602 #EP #BD 188 1957 7601
7603 #EP #BI 7 335 7602
7604 #EA 5414 367
7605 #EA 366 82
7606 #EA 7604 7605
7607 #EA 7606 121
7608 #EA 7607 5
7609 #EC 1715 
7610 #EA 7609 7605
7611 #EA 7610 121
7612 #EA 7611 10
7613 #EA 7608 7612
7614 #EL #BD 1231 7594 7613
7615 #EL #BD 1021 121 7614
7616 #EL #BD 916 7585 7615
7617 #EL #BD 86 10 7616
7618 #EL #BD 1717 0 7617
7619 #EL #BD 188 1957 7618
7620 #EL #BI 7 335 7619
#DEF 1716 7603 7620 49
7621 #EP #BD 22 8 0
1734 #NS 0 F
7622 #EC 1704 2 1
7623 #EA 7622 121
7624 #EA 7623 0
7625 #EA 7624 7590
7626 #EA 7625 10
7627 #EA 7626 5
7628 #EA 7627 8
7629 #EP #BD 22 7628 257
7630 #EP #BD 1021 82 7629
7631 #EP #BD 22 7630 215
7632 #EP #BD 86 10 7631
7633 #EA 63 237
7634 #EA 7633 8
7635 #EP #BD 22 7634 367
7636 #EP #BD 86 121 7635
7637 #EP #BD 908 0 7636
7638 #EP #BD 1734 7632 7637
7639 #EP #BD 188 7621 7638
7640 #EP #BI 75 7544 7639
7641 #EP #BI 7 72 7640
26 #UIM 2 4
7642 #EC 77 26
1735 #NI 1713 58
7643 #EA 63 324
7644 #EA 7643 8
7645 #EP #BD 22 7644 3856
7646 #EP #BD 86 366 7645
7647 #EL #BD 1735 0 7646
7648 #EA 7642 7647
7649 #EA 7633 245
7650 #EC 503 4
7651 #EA 7650 367
7652 #EC 1709 2
7653 #EA 7652 698
7654 #EA 7653 121
7655 #EA 7654 8
7656 #EA 7655 5
7657 #EA 7651 7656
7658 #EL #BD 916 7649 7657
7659 #EL #BD 1714 121 7658
7660 #EA 7648 7659
7661 #EA 63 755
7662 #EA 7661 2027
7663 #EA 7622 911
7664 #EA 7663 0
7665 #EA 7664 7590
7666 #EA 7665 860
7667 #EA 7666 5
7668 #EA 7667 10
7669 #EC 1716 2
7670 #EA 7669 939
7671 #EA 7670 910
7672 #EA 7671 366
7673 #EA 7672 82
7674 #EA 7673 10
7675 #EA 7674 8
7676 #EA 7675 5
7677 #EA 257 7676
7678 #EL #BD 1231 7668 7677
7679 #EL #BD 1021 910 7678
7680 #EA 367 7679
7681 #EL #BD 916 7662 7680
7682 #EL #BD 86 698 7681
7683 #EL #BD 637 7646 7682
7684 #EL #BD 1717 0 7683
7685 #EA 7660 7684
7686 #EA 7685 5
7687 #EL #BD 76 0 7686
7688 #EL #BD 1734 7632 7687
7689 #EL #BD 188 7621 7688
7690 #EL #BI 75 7544 7689
7691 #EL #BI 7 72 7690
#DEF 1708 7641 7691 8 39
1736 #NS 1706 eager
7692 #EA 1666 1887
7693 #EA 7692 1504
7694 #EA 5568 7693
7695 #EA 3705 1887
7696 #EA 7695 1504
7697 #EA 7694 7696
7698 #EA 7697 5
7699 #EA 7698 5
7700 #EL #BD 4 0 7699
#DEF 1736 1 7700 
1737 #NS 0 ite_self
1738 #NS 0 d
7701 #EC 414 2
7702 #EA 7701 82
7703 #EA 7702 10
7704 #EA 7703 8
7705 #EA 7704 5
7706 #EA 7705 5
7707 #EA 1958 7706
7708 #EA 7707 5
7709 #EP #BD 18 10 7708
7710 #EP #BI 1738 1364 7709
7711 #EP #BI 318 20 7710
7712 #EP #BI 7 72 7711
7713 #EA 5719 10
1739 #NS 76 _@
1740 #NS 1739 Init
1741 #NS 1740 SimpLemmas
1742 #NI 1741 545014574
1743 #NS 1742 _hygCtx
1744 #NS 1743 _hyg
1745 #NI 1744 24
7714 #EA 1357 10
7715 #EA 1665 1404
7716 #EA 7715 10
7717 #EA 7716 5
7718 #EA 7701 366
7719 #EA 7718 121
7720 #EA 7719 82
7721 #EA 7720 10
7722 #EA 7721 10
7723 #EA 2370 7722
7724 #EA 7723 10
7725 #EP #BD 188 7717 7724
7726 #EL #BD 1745 7714 7725
7727 #EA 7713 7726
7728 #EA 7727 8
1746 #NS 573 SimpLemmas
1747 #NI 1746 545014574
1748 #NS 1747 _hygCtx
1749 #NS 1748 _hyg
1750 #NI 1749 25
1751 #NI 1749 26
7729 #EA 7716 1369
7730 #EA 1357 121
7731 #EA 2624 7730
7732 #EA 1367 121
7733 #EA 7732 8
7734 #EA 7731 7733
7735 #EA 7701 698
7736 #EA 7735 366
7737 #EA 7736 5
7738 #EA 7737 82
7739 #EA 7738 82
7740 #EA 1935 7739
7741 #EA 7740 82
7742 #EL #BI 1738 7730 7741
7743 #EA 7734 7742
7744 #EA 1611 366
7745 #EA 7719 7733
7746 #EA 7745 10
7747 #EA 7746 10
7748 #EA 7744 7747
7749 #EA 7743 7748
7750 #EA 7749 82
7751 #EA 2761 7730
7752 #EA 7751 82
7753 #EA 7752 7733
7754 #EA 7753 5
7755 #EA 7750 7754
7756 #EL #BD 1751 7729 7755
7757 #EL #BD 1750 1366 7756
7758 #EA 7728 7757
1752 #NI 1749 27
1753 #NI 1749 28
7759 #EA 1372 82
7760 #EA 7759 5
7761 #EA 7716 7760
7762 #EA 1373 8
7763 #EA 7731 7762
7764 #EA 7763 7742
7765 #EA 7719 7762
7766 #EA 7765 10
7767 #EA 7766 10
7768 #EA 7744 7767
7769 #EA 7764 7768
7770 #EA 7769 82
7771 #EA 7752 7762
7772 #EA 7771 5
7773 #EA 7770 7772
7774 #EL #BD 1753 7761 7773
7775 #EL #BD 1752 10 7774
7776 #EA 7758 7775
7777 #EA 2117 7714
7778 #EA 7777 8
7779 #EA 7776 7778
7780 #EL #BD 18 10 7779
7781 #EL #BI 1738 1364 7780
7782 #EL #BI 318 20 7781
7783 #EL #BI 7 72 7782
#DEF 1737 7712 7783 8
1754 #NS 1706 eager_eq
7784 #EC 1736 
7785 #EA 7784 5
7786 #EA 1972 7785
7787 #EA 7786 5
7788 #EP #BD 4 0 7787
7789 #EC 1737 1
7790 #EA 7789 0
7791 #EA 7790 7693
7792 #EA 7791 7696
7793 #EA 7792 5
7794 #EL #BD 4 0 7793
#DEF 1754 7788 7794 
1755 #NS 1707 _proof_2
7795 #EA 3092 356
7796 #EA 7795 477
7797 #EA 7784 7796
7798 #EA 7568 7797
7799 #EP #BD 86 8 7798
7800 #EP #BD 188 1957 7799
7801 #EP #BI 7 335 7800
7802 #EA 1970 7796
1756 #NI 1713 118
1757 #NS 573 WF
1758 #NI 1757 1007480251
1759 #NS 1758 _hygCtx
1760 #NS 1759 _hyg
1761 #NI 1760 119
7803 #EA 3092 229
7804 #EA 7803 477
7805 #EA 1972 7804
7806 #EA 7805 5
7807 #EA 63 316
7808 #EA 7807 8
7809 #EL #BD 1761 7806 7808
7810 #EL #BD 1756 0 7809
7811 #EA 7802 7810
7812 #EA 5536 356
7813 #EA 7811 7812
7814 #EA 7813 7797
7815 #EA 2762 7797
7816 #EA 7815 7796
7817 #EC 1754 
7818 #EA 7817 7796
7819 #EA 7816 7818
7820 #EA 7814 7819
7821 #EL #BD 86 8 7820
7822 #EL #BD 188 1957 7821
7823 #EL #BI 7 335 7822
#DEF 1755 7801 7823 49
7824 #EP #BD 86 82 237
7825 #EP #BD 1734 7632 7824
7826 #EP #BD 188 7621 7825
7827 #EP #BI 75 7544 7826
7828 #EP #BI 7 72 7827
7829 #EC 1708 2 4
7830 #EA 7829 121
7831 #EA 7830 82
7832 #EA 7831 10
7833 #EA 7832 8
7834 #EA 3092 1386
7835 #EA 7834 477
7836 #EA 7784 7835
7837 #EA 7833 7836
7838 #EA 7837 5
7839 #EC 1755 2
7840 #EA 7839 121
7841 #EA 7840 10
7842 #EA 7841 5
7843 #EA 7838 7842
7844 #EL #BD 86 82 7843
7845 #EL #BD 1734 7632 7844
7846 #EL #BD 188 7621 7845
7847 #EL #BI 75 7544 7846
7848 #EL #BI 7 72 7847
#DEF 1707 7828 7848 8 39
1762 #NS 1702 casesOn
7849 #EA 7545 8
7850 #EA 7849 5
7851 #EP #BD 76 7850 335
7852 #EA 7545 10
7853 #EA 7852 8
7854 #EC 1703 2 4
7855 #EA 7854 366
7856 #EA 7855 121
7857 #EA 7856 8
7858 #EA 7857 5
7859 #EA 82 7858
7860 #EP #BD 73 237 7859
7861 #EP #BD 72 82 7860
7862 #EP #BD 249 7861 229
7863 #EP #BD 76 7853 7862
7864 #EP #BI 75 7851 7863
7865 #EP #BI 38 7544 7864
7866 #EP #BI 7 72 7865
1763 #NS 1702 rec
7867 #EC 1763 11 2 4
7868 #EA 7867 121
7869 #EA 7868 82
7870 #EA 7869 10
7871 #EL #BD 73 324 798
7872 #EL #BD 72 121 7871
7873 #EA 7870 7872
7874 #EA 7873 8
7875 #EL #BD 249 7861 7874
7876 #EL #BD 76 7853 7875
7877 #EL #BI 75 7851 7876
7878 #EL #BI 38 7544 7877
7879 #EL #BI 7 72 7878
#DEF 1762 7866 7879 49 8 39
1764 #NS 1 decEq
1765 #NS 1764 match_1
1766 #NI 89 18944136
1767 #NS 1766 _hygCtx
1768 #NS 1767 _hyg
1769 #NI 1768 21
7880 #EA 1666 5
7881 #EA 7880 1504
7882 #EP #BD 188 7881 1537
7883 #EA 1667 1509
7884 #EP #BD 188 7883 1553
7885 #EP #BD 113 7884 316
7886 #EP #BD 112 7882 7885
7887 #EP #BD 1769 1446 7886
7888 #EP #BD 75 1551 7887
7889 #EA 1666 121
7890 #EA 7889 5
7891 #EP #BD 188 7890 3856
7892 #EL #BD 86 1446 7891
7893 #EA 1574 7892
7894 #EA 7893 5
7895 #EA 7894 8
7896 #EA 7895 10
7897 #EL #BD 1769 1446 7896
7898 #EA 7897 10
7899 #EA 2118 10
7900 #EA 7898 7899
7901 #EL #BD 113 7884 7900
7902 #EL #BD 112 7882 7901
7903 #EL #BD 1769 1446 7902
7904 #EL #BD 75 1551 7903
#DEF 1765 7888 7904 49
1770 #NS 593 eq_of_beq_eq_true
1771 #NS 1770 match_1_1
1772 #NI 89 4204574704
1773 #NS 1772 _hygCtx
1774 #NI 1773 16
1775 #NS 1774 Init
1776 #NS 1775 Prelude
1777 #NI 1776 4204574704
1778 #NS 1777 _hygCtx
1779 #NS 1778 _hyg
1780 #NI 1779 43
1781 #NI 1773 17
1782 #NS 1781 Init
1783 #NS 1782 Prelude
1784 #NI 1783 4204574704
1785 #NS 1784 _hygCtx
1786 #NS 1785 _hyg
1787 #NI 1786 46
1788 #NI 1773 18
1789 #NS 1788 Init
1790 #NS 1789 Prelude
1791 #NI 1790 4204574704
1792 #NS 1791 _hygCtx
1793 #NS 1792 _hyg
1794 #NI 1793 49
7905 #EA 1898 5
7906 #EA 1666 7905
7907 #EA 7906 1504
7908 #EP #BD 1794 7907 20
7909 #EP #BD 1787 0 7908
7910 #EP #BD 1780 0 7909
1795 #NS 1773 _hyg
1796 #NI 1795 59
7911 #EA 1885 245
7912 #EA 7911 245
7913 #EA 1666 7912
7914 #EA 7913 1504
7915 #EP #BD 1796 7914 6037
1797 #NI 116 4204574704
1798 #NS 1797 _hygCtx
1799 #NS 1798 _hyg
1800 #NI 1799 74
7916 #EA 7911 313
7917 #EA 1666 7916
7918 #EA 7917 1504
7919 #EP #BD 188 7918 6041
7920 #EP #BD 1800 0 7919
1801 #NI 1799 90
7921 #EA 1885 313
7922 #EA 7921 245
7923 #EA 1666 7922
7924 #EA 7923 1504
7925 #EP #BD 188 7924 6046
7926 #EP #BD 1801 0 7925
7927 #EA 1885 43
7928 #EA 7927 313
7929 #EA 1666 7928
7930 #EA 7929 1504
7931 #EP #BD 188 7930 6051
7932 #EP #BD 28 0 7931
7933 #EP #BD 4 0 7932
7934 #EP #BD 481 7933 4756
7935 #EP #BD 455 7926 7934
7936 #EP #BD 113 7920 7935
7937 #EP #BD 112 7915 7936
7938 #EP #BD 1794 7907 7937
7939 #EP #BD 1787 0 7938
7940 #EP #BD 1780 0 7939
7941 #EP #BD 75 7910 7940
7942 #EA 1886 698
7943 #EA 1666 7942
7944 #EA 7943 1504
7945 #EP #BD 1794 7944 4767
7946 #EL #BD 86 0 7945
7947 #EA 1871 7946
7948 #EA 7947 698
7949 #EA 7911 366
7950 #EA 1666 7949
7951 #EA 7950 1504
7952 #EA 7911 5
7953 #EA 1666 7952
7954 #EA 7953 1504
7955 #EP #BD 1794 7954 6072
7956 #EL #BD 86 0 7955
7957 #EA 1871 7956
7958 #EA 7957 698
7959 #EL #BD 1794 7914 755
7960 #EA 7958 7959
1802 #NI 1799 142
7961 #EL #BD 1794 7918 2507
7962 #EL #BD 1802 0 7961
7963 #EA 7960 7962
7964 #EA 7963 5
7965 #EL #BD 1794 7951 7964
7966 #EA 7948 7965
1803 #NI 1799 141
7967 #EA 7921 698
7968 #EA 1666 7967
7969 #EA 7968 1504
7970 #EA 1885 2027
7971 #EA 7970 5
7972 #EA 1666 7971
7973 #EA 7972 1504
7974 #EP #BD 1794 7973 6087
7975 #EL #BD 86 0 7974
7976 #EA 1871 7975
7977 #EA 7976 860
7978 #EA 7927 245
7979 #EA 1666 7978
7980 #EA 7979 1504
7981 #EL #BD 1794 7980 6093
7982 #EA 7977 7981
1804 #NI 1799 143
7983 #EA 7970 313
7984 #EA 1666 7983
7985 #EA 7984 1504
7986 #EL #BD 1794 7985 2148
7987 #EL #BD 1804 0 7986
7988 #EA 7982 7987
7989 #EA 7988 5
7990 #EL #BD 1794 7969 7989
7991 #EL #BD 1803 0 7990
7992 #EA 7966 7991
7993 #EA 7992 121
7994 #EL #BD 481 7933 7993
7995 #EL #BD 455 7926 7994
7996 #EL #BD 113 7920 7995
7997 #EL #BD 112 7915 7996
7998 #EL #BD 1794 7907 7997
7999 #EL #BD 1787 0 7998
8000 #EL #BD 1780 0 7999
8001 #EL #BD 75 7910 8000
#DEF 1771 7941 8001 
1805 #NS 1 eq_of_beq_eq_true
8002 #EP #BD 22 7907 6116
8003 #EP #BI 28 0 8002
8004 #EP #BI 4 0 8003
1806 #NI 1795 16
1807 #NI 1795 17
1808 #NI 1795 18
8005 #EL #BD 1806 0 8003
8006 #EA 1890 8005
8007 #EA 8006 10
8008 #EA 1894 8005
8009 #EA 8008 5
8010 #EA 1885 10
8011 #EA 8010 5
8012 #EA 1666 8011
8013 #EA 8012 1504
8014 #EC 1771 
1809 #NI 1795 144
8015 #EA 8008 10
8016 #EP #BD 1809 8015 6119
8017 #EL #BD 1794 7907 8016
8018 #EL #BD 1787 0 8017
8019 #EL #BD 1780 0 8018
8020 #EA 8014 8019
8021 #EA 8020 82
8022 #EA 8021 8
8023 #EA 8022 5
8024 #EA 8008 245
8025 #EL #BD 1809 8024 6181
8026 #EL #BD 1796 7914 8025
8027 #EA 8023 8026
8028 #EA 1721 6186
8029 #EA 7911 2027
8030 #EA 8028 8029
8031 #EA 8030 1504
8032 #EA 8031 8
8033 #EL #BD 1809 8024 8032
8034 #EL #BD 188 7918 8033
8035 #EL #BD 1800 0 8034
8036 #EA 8027 8035
8037 #EA 8008 43
8038 #EA 1721 6202
8039 #EA 7970 245
8040 #EA 8038 8039
8041 #EA 8040 1504
8042 #EA 8041 8
8043 #EL #BD 1809 8037 8042
8044 #EL #BD 188 7924 8043
8045 #EL #BD 1801 0 8044
8046 #EA 8036 8045
8047 #EA 8008 2027
8048 #EA 1885 82
8049 #EA 8048 10
8050 #EA 1666 8049
8051 #EA 8050 1504
8052 #EZ 685 6120 6233 6247
8053 #EZ 685 8051 8 8052
8054 #EL #BD 1809 8047 8053
8055 #EL #BD 188 7930 8054
8056 #EL #BD 28 0 8055
8057 #EL #BD 4 0 8056
8058 #EA 8046 8057
8059 #EA 8058 10
8060 #EL #BD 1808 8013 8059
8061 #EL #BD 1807 0 8060
8062 #EL #BD 82 8009 8061
8063 #EL #BD 1806 0 8062
8064 #EA 8007 8063
8065 #EA 8064 8
8066 #EA 8065 5
8067 #EL #BD 1808 7907 8066
8068 #EL #BD 1807 0 8067
8069 #EL #BD 1806 0 8068
#DEF 1805 8004 8069 
1810 #NS 593 ne_of_beq_eq_false
1811 #NS 1810 match_1_1
1812 #NI 89 2553121238
1813 #NS 1812 _hygCtx
1814 #NI 1813 19
1815 #NS 1814 Init
1816 #NS 1815 Prelude
1817 #NI 1816 2553121238
1818 #NS 1817 _hygCtx
1819 #NS 1818 _hyg
1820 #NI 1819 54
1821 #NI 1813 20
1822 #NS 1821 Init
1823 #NS 1822 Prelude
1824 #NI 1823 2553121238
1825 #NS 1824 _hygCtx
1826 #NS 1825 _hyg
1827 #NI 1826 57
1828 #NI 1813 21
1829 #NS 1828 Init
1830 #NS 1829 Prelude
1831 #NI 1830 2553121238
1832 #NS 1831 _hygCtx
1833 #NS 1832 _hyg
1834 #NI 1833 60
8070 #EA 7906 1509
1835 #NI 1813 22
1836 #NS 1835 Init
1837 #NS 1836 Prelude
1838 #NI 1837 2553121238
1839 #NS 1838 _hygCtx
1840 #NS 1839 _hyg
1841 #NI 1840 63
8071 #EP #BD 1841 6116 20
8072 #EP #BD 1834 8070 8071
8073 #EP #BD 1827 0 8072
8074 #EP #BD 1820 0 8073
8075 #EA 7913 1509
1842 #NS 1813 _hyg
1843 #NI 1842 75
8076 #EA 5621 8
8077 #EA 8076 5
8078 #EP #BD 1843 6176 8077
8079 #EP #BD 693 8075 8078
1844 #NI 116 2553121238
1845 #NS 1844 _hygCtx
1846 #NS 1845 _hyg
1847 #NI 1846 95
1848 #NI 1842 96
8080 #EA 7917 1509
8081 #EA 910 245
8082 #EA 8081 2027
8083 #EA 8082 8
8084 #EA 8083 5
8085 #EP #BD 768 3944 8084
8086 #EP #BD 1848 8080 8085
8087 #EP #BD 1847 0 8086
1849 #NI 1846 116
1850 #NI 1842 117
8088 #EA 7923 1509
8089 #EA 4897 245
8090 #EA 6049 245
8091 #EA 8090 8
8092 #EA 8091 5
8093 #EP #BD 768 8089 8092
8094 #EP #BD 1850 8088 8093
8095 #EP #BD 1849 0 8094
8096 #EA 7929 1509
8097 #EA 6201 43
8098 #EA 4779 2027
8099 #EA 8098 8
8100 #EA 8099 5
8101 #EP #BD 768 8097 8100
8102 #EP #BD 693 8096 8101
8103 #EP #BD 28 0 8102
8104 #EP #BD 4 0 8103
8105 #EA 6793 698
8106 #EA 8105 366
8107 #EA 8106 121
8108 #EP #BD 481 8104 8107
8109 #EP #BD 455 8095 8108
8110 #EP #BD 113 8087 8109
8111 #EP #BD 112 8079 8110
8112 #EP #BD 1841 6116 8111
8113 #EP #BD 1834 8070 8112
8114 #EP #BD 1827 0 8113
8115 #EP #BD 1820 0 8114
8116 #EP #BD 75 8074 8115
8117 #EA 1886 860
8118 #EA 1666 8117
8119 #EA 8118 1509
8120 #EA 3790 910
8121 #EA 4168 911
8122 #EA 8121 8
8123 #EA 8122 5
8124 #EP #BD 1841 8120 8123
8125 #EP #BD 1834 8119 8124
8126 #EL #BD 86 0 8125
8127 #EA 1871 8126
8128 #EA 8127 860
8129 #EA 7911 698
8130 #EA 1666 8129
8131 #EA 8130 1509
8132 #EA 3907 860
8133 #EA 7953 1509
8134 #EA 2591 245
8135 #EA 8134 10
8136 #EA 8135 8
8137 #EA 8136 5
8138 #EP #BD 1841 3908 8137
8139 #EP #BD 1834 8133 8138
8140 #EL #BD 86 0 8139
8141 #EA 1871 8140
8142 #EA 8141 910
8143 #EL #BD 1841 6176 2519
8144 #EL #BD 1834 8075 8143
8145 #EA 8142 8144
1851 #NI 1846 179
8146 #EA 4083 8
8147 #EA 8146 5
8148 #EL #BD 1841 3944 8147
8149 #EL #BD 1834 8080 8148
8150 #EL #BD 1851 0 8149
8151 #EA 8145 8150
8152 #EA 8151 8
8153 #EA 8152 5
8154 #EL #BD 1841 8132 8153
8155 #EL #BD 1834 8131 8154
8156 #EA 8128 8155
1852 #NI 1846 178
8157 #EA 7921 860
8158 #EA 1666 8157
8159 #EA 8158 1509
8160 #EA 4897 910
8161 #EA 1885 2068
8162 #EA 8161 5
8163 #EA 1666 8162
8164 #EA 8163 1509
8165 #EA 1972 2775
8166 #EA 8165 8
8167 #EA 2593 2094
8168 #EA 8167 10
8169 #EA 8168 8
8170 #EA 8169 5
8171 #EP #BD 1841 8166 8170
8172 #EP #BD 1834 8164 8171
8173 #EL #BD 86 0 8172
8174 #EA 1871 8173
8175 #EA 8174 911
8176 #EA 1666 8039
8177 #EA 8176 1509
8178 #EA 4888 245
8179 #EA 698 121
8180 #EA 8179 8
8181 #EA 8180 5
8182 #EL #BD 1841 8178 8181
8183 #EL #BD 1834 8177 8182
8184 #EA 8175 8183
1853 #NI 1846 180
8185 #EA 8161 313
8186 #EA 1666 8185
8187 #EA 8186 1509
8188 #EA 8165 43
8189 #EA 1565 10
8190 #EA 8189 8
8191 #EA 8190 5
8192 #EL #BD 1841 8188 8191
8193 #EL #BD 1834 8187 8192
8194 #EL #BD 1853 0 8193
8195 #EA 8184 8194
8196 #EA 8195 8
8197 #EA 8196 5
8198 #EL #BD 1841 8160 8197
8199 #EL #BD 1834 8159 8198
8200 #EL #BD 1852 0 8199
8201 #EA 8156 8200
8202 #EA 8201 366
8203 #EA 8202 121
8204 #EL #BD 481 8104 8203
8205 #EL #BD 455 8095 8204
8206 #EL #BD 113 8087 8205
8207 #EL #BD 112 8079 8206
8208 #EL #BD 1841 6116 8207
8209 #EL #BD 1834 8070 8208
8210 #EL #BD 1827 0 8209
8211 #EL #BD 1820 0 8210
8212 #EL #BD 75 8074 8211
#DEF 1811 8116 8212 
1854 #NS 1 ne_of_beq_eq_false
8213 #EA 1355 6116
8214 #EP #BD 22 8070 8213
8215 #EP #BI 28 0 8214
8216 #EP #BI 4 0 8215
1855 #NI 1842 19
1856 #NI 1842 20
1857 #NI 1842 21
1858 #NI 1842 22
8217 #EP #BD 1858 6116 1352
8218 #EP #BD 1857 8070 8217
8219 #EP #BD 1856 0 8218
8220 #EL #BD 1855 0 8219
8221 #EA 1890 8220
8222 #EA 8221 82
8223 #EA 1894 8220
8224 #EA 8223 5
8225 #EA 8012 1509
8226 #EA 5995 8
8227 #EC 1811 
1859 #NI 1842 181
8228 #EA 8223 82
8229 #EP #BD 1859 8228 1352
8230 #EL #BD 1841 6116 8229
8231 #EL #BD 1834 8070 8230
8232 #EL #BD 1827 0 8231
8233 #EL #BD 1820 0 8232
8234 #EA 8227 8233
8235 #EA 8234 121
8236 #EA 8235 10
8237 #EA 8236 8
8238 #EA 8237 5
8239 #EA 8223 245
8240 #EA 1722 7912
8241 #EA 8240 1509
8242 #EA 8241 10
8243 #EL #BD 1859 8239 8242
8244 #EL #BD 1843 6176 8243
8245 #EL #BD 693 8075 8244
8246 #EA 8238 8245
8247 #EA 4891 245
8248 #EA 8247 2068
8249 #EA 8248 8
8250 #EL #BD 1859 8239 8249
8251 #EL #BD 768 3944 8250
8252 #EL #BD 1848 8080 8251
8253 #EL #BD 1847 0 8252
8254 #EA 8246 8253
8255 #EA 8223 2027
8256 #EA 4891 2068
8257 #EA 8256 245
8258 #EA 8257 8
8259 #EL #BD 1859 8255 8258
8260 #EL #BD 768 8089 8259
8261 #EL #BD 1850 8088 8260
8262 #EL #BD 1849 0 8261
8263 #EA 8254 8262
8264 #EA 8223 2068
8265 #EA 1885 121
8266 #EA 8265 82
8267 #EA 1666 8266
8268 #EA 8267 1509
8269 #EA 4891 2094
8270 #EA 8269 2775
8271 #EA 8270 10
8272 #EA 4225 366
8273 #EA 3683 8272
8274 #EA 8273 1352
8275 #EA 8274 5
8276 #EJ 70 0 10
8277 #EA 8276 366
8278 #EA 8277 8
8279 #EA 8275 8278
8280 #EL #BD 768 6126 8279
8281 #EA 8271 8280
8282 #EZ 685 8268 10 8281
8283 #EL #BD 1859 8264 8282
8284 #EL #BD 768 8097 8283
8285 #EL #BD 693 8096 8284
8286 #EL #BD 28 0 8285
8287 #EL #BD 4 0 8286
8288 #EA 8263 8287
8289 #EA 8288 82
8290 #EL #BD 1858 8226 8289
8291 #EL #BD 1857 8225 8290
8292 #EL #BD 1856 0 8291
8293 #EL #BD 82 8224 8292
8294 #EL #BD 1855 0 8293
8295 #EA 8222 8294
8296 #EA 8295 10
8297 #EA 8296 8
8298 #EA 8297 5
8299 #EL #BD 1858 6116 8298
8300 #EL #BD 1857 8070 8299
8301 #EL #BD 1856 0 8300
8302 #EL #BD 1855 0 8301
#DEF 1854 8216 8302 
8303 #EA 1665 0
8304 #EA 8303 8
8305 #EA 8304 5
8306 #EA 1357 8305
8307 #EP #BD 28 0 8306
8308 #EP #BD 4 0 8307
8309 #EC 1765 1
8310 #EA 8303 10
8311 #EA 8310 8
8312 #EA 1357 8311
8313 #EL #BD 1769 1446 8312
8314 #EA 8309 8313
8315 #EA 8314 7905
8316 #EA 1372 8311
8317 #EC 1805 
8318 #EA 8317 10
8319 #EA 8318 8
8320 #EA 8319 5
8321 #EA 8316 8320
8322 #EL #BD 188 7907 8321
8323 #EA 8315 8322
8324 #EA 1367 8311
8325 #EC 1854 
8326 #EA 8325 10
8327 #EA 8326 8
8328 #EA 8327 5
8329 #EA 8324 8328
8330 #EL #BD 188 8070 8329
8331 #EA 8323 8330
8332 #EL #BD 28 0 8331
8333 #EL #BD 4 0 8332
#DEF 1764 8308 8333 
1860 #NS 0 instDecidableEqNat
8334 #EA 1748 0
8335 #EC 1764 
#DEF 1860 8334 8335 
1861 #NS 204 mpr
8336 #EP #BD 188 2389 108
8337 #EP #BI 38 72 8336
8338 #EP #BI 7 72 8337
8339 #EA 2394 10
1862 #NS 88 Core
1863 #NI 1862 2537982879
1864 #NS 1863 _hygCtx
1865 #NS 1864 _hyg
1866 #NI 1865 14
1867 #NS 573 Core
1868 #NI 1867 2537982879
1869 #NS 1868 _hygCtx
1870 #NS 1869 _hyg
1871 #NI 1870 15
8340 #EA 2387 82
8341 #EA 8340 5
8342 #EL #BD 1871 8341 8
8343 #EL #BD 1866 72 8342
8344 #EA 8339 8343
8345 #EA 8344 5
8346 #EA 8345 82
8347 #EC 668 3
8348 #EA 8347 72
8349 #EA 8348 82
8350 #EA 8349 10
8351 #EA 8350 8
8352 #EA 8346 8351
8353 #EL #BD 59 8 8352
8354 #EL #BD 188 2389 8353
8355 #EL #BI 38 72 8354
8356 #EL #BI 7 72 8355
#DEF 1861 8338 8356 8
1872 #NS 0 instDecidableAnd
1873 #NS 1872 match_1
1874 #NS 0 q
1875 #NS 0 dq
1876 #NS 1875 _@
1877 #NS 1876 Init
1878 #NS 1877 Prelude
1879 #NI 1878 3138210578
1880 #NS 1879 _hygCtx
1881 #NS 1880 _hyg
1882 #NI 1881 26
8357 #EP #BD 1882 1364 335
1883 #NS 0 hq
8358 #EA 10 7760
8359 #EP #BD 1883 10 8358
8360 #EA 7732 5
8361 #EA 82 8360
8362 #EP #BD 1883 1408 8361
8363 #EP #BD 113 8362 316
8364 #EP #BD 112 8359 8363
8365 #EP #BD 1882 1358 8364
8366 #EP #BD 75 8357 8365
8367 #EP #BI 1874 20 8366
8368 #EC 410 11
8369 #EA 8368 121
8370 #EL #BD 86 7730 324
8371 #EA 8369 8370
8372 #EA 8371 10
1884 #NI 574 3138210578
1885 #NS 1884 _hygCtx
1886 #NS 1885 _hyg
1887 #NI 1886 55
8373 #EL #BD 1887 1385 356
8374 #EA 8372 8373
1888 #NI 1886 56
8375 #EL #BD 1888 121 1386
8376 #EA 8374 8375
8377 #EL #BD 113 8362 8376
8378 #EL #BD 112 8359 8377
8379 #EL #BD 1882 1358 8378
8380 #EL #BD 75 8357 8379
8381 #EL #BI 1874 20 8380
#DEF 1873 8367 8381 49
1889 #NS 190 right
8382 #EP #BD 24 4652 8
8383 #EP #BI 59 20 8382
8384 #EP #BI 18 20 8383
8385 #EJ 190 1 5
8386 #EL #BD 24 4652 8385
8387 #EL #BD 59 20 8386
8388 #EL #BD 18 20 8387
#DEF 1889 8384 8388 
1890 #NS 1872 _proof_1
8389 #EP #BD 188 4655 1352
8390 #EP #BD 1883 1356 8389
8391 #EP #BI 1874 20 8390
8392 #EP #BI 408 20 8391
8393 #EC 1889 
8394 #EA 8393 82
8395 #EA 8394 10
8396 #EA 8395 5
8397 #EA 8 8396
8398 #EL #BD 188 4655 8397
8399 #EL #BD 1883 1356 8398
8400 #EL #BI 1874 20 8399
8401 #EL #BI 408 20 8400
#DEF 1890 8392 8401 
1891 #NS 190 left
8402 #EP #BD 24 4652 10
8403 #EP #BI 59 20 8402
8404 #EP #BI 18 20 8403
8405 #EJ 190 0 5
8406 #EL #BD 24 4652 8405
8407 #EL #BD 59 20 8406
8408 #EL #BD 18 20 8407
#DEF 1891 8404 8408 
1892 #NS 1872 _proof_2
1893 #NS 0 hp
8409 #EP #BD 1893 5890 8389
8410 #EP #BI 1874 20 8409
8411 #EP #BI 408 20 8410
8412 #EC 1891 
8413 #EA 8412 82
8414 #EA 8413 10
8415 #EA 8414 5
8416 #EA 8 8415
8417 #EL #BD 188 4655 8416
8418 #EL #BD 1893 5890 8417
8419 #EL #BI 1874 20 8418
8420 #EL #BI 408 20 8419
#DEF 1892 8411 8420 
8421 #EA 1357 555
8422 #EP #BC 1875 1358 8421
8423 #EP #BC 1619 1358 8422
8424 #EP #BI 1874 20 8423
8425 #EP #BI 408 20 8424
8426 #EC 1873 1
8427 #EA 8426 82
1894 #NS 1619 _@
1895 #NS 1894 Init
1896 #NS 1895 Prelude
1897 #NI 1896 3138210578
1898 #NS 1897 _hygCtx
1899 #NS 1898 _hyg
1900 #NI 1899 17
8428 #EA 553 121
8429 #EA 8428 82
8430 #EA 1357 8429
8431 #EL #BD 1900 1404 8430
8432 #EA 8427 8431
8433 #EA 8432 8
8434 #EA 553 366
8435 #EA 8434 121
8436 #EA 1357 8435
8437 #EL #BD 1882 1404 8436
8438 #EA 8427 8437
8439 #EA 8438 8
8440 #EA 1372 8435
8441 #EA 8440 4660
8442 #EL #BD 1883 82 8441
8443 #EA 8439 8442
8444 #EA 1367 8435
8445 #EC 1890 
8446 #EA 8445 366
8447 #EA 8446 121
8448 #EA 8447 5
8449 #EA 8444 8448
8450 #EL #BD 1883 1408 8449
8451 #EA 8443 8450
8452 #EL #BD 1893 82 8451
8453 #EA 8433 8452
8454 #EA 1367 8429
8455 #EC 1892 
8456 #EA 8455 121
8457 #EA 8456 82
8458 #EA 8457 5
8459 #EA 8454 8458
8460 #EL #BD 1893 1408 8459
8461 #EA 8453 8460
8462 #EL #BC 1875 1358 8461
8463 #EL #BC 1619 1358 8462
8464 #EL #BI 1874 20 8463
8465 #EL #BI 408 20 8464
#DEF 1872 8425 8465 
1901 #NS 0 congr
1902 #NS 0 f₁
1903 #NS 0 f₂
8466 #EC 204 26
8467 #EP #BD 22 366 366
8468 #EA 8466 8467
8469 #EA 8468 82
8470 #EA 8469 10
8471 #EA 1935 10
8472 #EA 8471 8
8473 #EA 1938 7605
8474 #EA 8473 4787
8475 #EP #BD 768 8472 8474
8476 #EP #BD 693 8470 8475
8477 #EP #BI 567 121 8476
8478 #EP #BI 566 82 8477
8479 #EP #BI 1903 79 8478
8480 #EP #BI 1902 1269 8479
8481 #EP #BI 38 194 8480
8482 #EP #BI 7 72 8481
8483 #EC 493 0 26
8484 #EP #BD 22 860 860
8485 #EA 8483 8484
8486 #EA 8485 366
1904 #NI 89 3367718672
1905 #NS 1904 _hygCtx
1906 #NS 1905 _hyg
1907 #NI 1906 34
1908 #NI 574 3367718672
1909 #NS 1908 _hygCtx
1910 #NS 1909 _hyg
1911 #NI 1910 35
8487 #EP #BD 22 910 910
8488 #EA 8466 8487
8489 #EA 8488 698
8490 #EA 8489 5
8491 #EA 1922 910
8492 #EA 860 366
8493 #EA 8491 8492
8494 #EA 8493 385
8495 #EL #BD 1911 8490 8494
8496 #EL #BD 1907 8484 8495
8497 #EA 8486 8496
8498 #EA 1932 860
8499 #EA 8498 82
1912 #NI 1906 32
1913 #NI 1910 33
8500 #EA 1527 910
8501 #EA 8500 121
8502 #EA 8501 5
8503 #EA 8493 2045
8504 #EL #BD 1913 8502 8503
8505 #EL #BD 1912 860 8504
8506 #EA 8499 8505
8507 #EA 1945 698
8508 #EA 8507 7605
8509 #EA 8506 8508
8510 #EA 8509 10
8511 #EA 8510 5
8512 #EA 8497 8511
8513 #EA 8512 121
8514 #EA 8513 8
8515 #EL #BD 768 8472 8514
8516 #EL #BD 693 8470 8515
8517 #EL #BI 567 121 8516
8518 #EL #BI 566 82 8517
8519 #EL #BI 1903 79 8518
8520 #EL #BI 1902 1269 8519
8521 #EL #BI 38 194 8520
8522 #EL #BI 7 72 8521
#DEF 1901 8482 8522 8 39
1914 #NS 546 Core
1915 #NI 1914 0
1916 #NS 1915 dif_neg
1917 #NS 1916 match_1_1
1918 #NI 1867 3914056318
1919 #NS 1918 _hygCtx
1920 #NS 1919 _hyg
1921 #NI 1920 35
8523 #EP #BD 1921 1364 20
8524 #EP #BD 75 8523 8365
8525 #EP #BI 318 20 8524
8526 #EA 5719 121
8527 #EA 8526 8370
8528 #EA 8527 10
8529 #EA 8528 8373
8530 #EA 8529 8375
8531 #EL #BD 113 8362 8530
8532 #EL #BD 112 8359 8531
8533 #EL #BD 1921 1358 8532
8534 #EL #BD 75 8523 8533
8535 #EL #BI 318 20 8534
#DEF 1917 8525 8535 
1922 #NS 0 dif_neg
1923 #NS 0 hnc
8536 #EP #BD 22 82 8
8537 #EP #BD 22 1385 10
8538 #EC 427 2
8539 #EA 8538 10
8540 #EA 8539 366
8541 #EA 8540 121
8542 #EA 8541 8
8543 #EA 8542 5
8544 #EA 1528 8543
8545 #EA 5 82
8546 #EA 8544 8545
8547 #EP #BI 415 8537 8546
8548 #EP #BI 76 8536 8547
8549 #EP #BI 7 72 8548
8550 #EP #BD 1923 5890 8549
8551 #EP #BI 188 1364 8550
8552 #EP #BI 318 20 8551
8553 #EC 1917 
8554 #EA 8553 366
8555 #EA 1357 366
8556 #EA 8538 82
8557 #EA 8556 698
8558 #EA 8557 5
8559 #EA 8558 10
8560 #EA 8559 8
8561 #EA 1958 8560
8562 #EA 8561 385
8563 #EL #BD 1921 8555 8562
8564 #EA 8554 8563
8565 #EA 8564 121
1924 #NS 0 hc
8566 #EA 3683 698
8567 #EA 1372 698
8568 #EA 8567 5
8569 #EA 8557 8568
8570 #EA 8569 10
8571 #EA 8570 8
8572 #EA 1958 8571
8573 #EA 8572 385
8574 #EA 8566 8573
8575 #EA 8574 5
8576 #EA 8575 121
8577 #EL #BD 1924 366 8576
8578 #EA 8565 8577
1925 #NI 1920 50
8579 #EA 1355 366
8580 #EA 1367 698
8581 #EA 8580 5
8582 #EA 8557 8581
8583 #EA 8582 10
8584 #EA 8583 8
8585 #EA 2377 8584
8586 #EL #BD 1925 8579 8585
8587 #EA 8578 8586
8588 #EL #BI 415 8537 8587
8589 #EL #BI 76 8536 8588
8590 #EL #BI 7 72 8589
8591 #EL #BD 1923 5890 8590
8592 #EL #BI 188 1364 8591
8593 #EL #BI 318 20 8592
#DEF 1922 8552 8593 8
1926 #NS 406 byCases
1927 #NS 1926 match_1
#DEF 1927 8367 8381 49
1928 #NS 0 dec
8594 #EP #BD 22 1408 82
8595 #EP #BD 1088 8594 82
8596 #EP #BD 1081 79 8595
8597 #EP #BC 1928 1358 8596
8598 #EP #BI 1874 72 8597
8599 #EP #BI 408 20 8598
8600 #EC 1927 2
8601 #EA 8600 121
1929 #NS 1928 _@
1930 #NS 1929 Init
1931 #NS 1930 Core
1932 #NI 1931 1874316381
1933 #NS 1932 _hygCtx
1934 #NS 1933 _hyg
1935 #NI 1934 24
8602 #EL #BD 1935 7730 121
8603 #EA 8601 8602
8604 #EA 8603 10
8605 #EA 8604 8375
8606 #EA 8605 8373
8607 #EL #BD 1088 8594 8606
8608 #EL #BD 1081 79 8607
8609 #EL #BC 1928 1358 8608
8610 #EL #BI 1874 72 8609
8611 #EL #BI 408 20 8610
#DEF 1926 8599 8611 8
1936 #NS 406 em
1937 #NS 53 Core
1938 #NI 1937 2191930617
1939 #NS 1938 _hygCtx
1940 #NS 1939 _hyg
1941 #NI 1940 9
8612 #EA 5814 5890
8613 #EP #BC 1941 1364 8612
8614 #EP #BD 408 20 8613
8615 #EC 1926 0
8616 #EA 8615 8
8617 #EA 8616 8612
8618 #EA 8617 5
8619 #EA 5817 8
8620 #EA 8619 5890
8621 #EA 8618 8620
8622 #EA 5823 8
8623 #EA 8622 5890
8624 #EA 8621 8623
8625 #EL #BC 1941 1364 8624
8626 #EL #BD 408 20 8625
#DEF 1936 8614 8626 
1942 #NS 1915 if_pos
1943 #NS 1942 match_1_1
#DEF 1943 8525 8535 
1944 #NS 0 if_pos
8627 #EA 7701 10
8628 #EA 8627 366
8629 #EA 8628 121
8630 #EA 8629 8
8631 #EA 8630 5
8632 #EA 1528 8631
8633 #EA 8632 8
8634 #EP #BI 415 8 8633
8635 #EP #BI 76 5 8634
8636 #EP #BI 7 72 8635
8637 #EP #BD 1924 8 8636
8638 #EP #BI 188 1364 8637
8639 #EP #BI 318 20 8638
8640 #EC 1943 
8641 #EA 8640 366
1945 #NI 1867 2554475610
1946 #NS 1945 _hygCtx
1947 #NS 1946 _hyg
1948 #NI 1947 24
8642 #EA 7702 698
8643 #EA 8642 5
8644 #EA 8643 10
8645 #EA 8644 8
8646 #EA 1958 8645
8647 #EA 8646 10
8648 #EL #BD 1948 8555 8647
8649 #EA 8641 8648
8650 #EA 8649 121
1949 #NI 1947 31
8651 #EA 8642 8568
8652 #EA 8651 10
8653 #EA 8652 8
8654 #EA 2377 8653
8655 #EL #BD 1949 366 8654
8656 #EA 8650 8655
8657 #EA 8642 8581
8658 #EA 8657 10
8659 #EA 8658 8
8660 #EA 1958 8659
8661 #EA 8660 10
8662 #EA 8566 8661
8663 #EA 8662 121
8664 #EA 8663 5
8665 #EL #BD 1923 8579 8664
8666 #EA 8656 8665
8667 #EL #BI 415 8 8666
8668 #EL #BI 76 5 8667
8669 #EL #BI 7 72 8668
8670 #EL #BD 1924 8 8669
8671 #EL #BI 188 1364 8670
8672 #EL #BI 318 20 8671
#DEF 1944 8639 8672 8
1950 #NS 1915 if_neg
1951 #NS 1950 match_1_1
#DEF 1951 8525 8535 
1952 #NS 0 if_neg
8673 #EA 8632 5
8674 #EP #BI 415 8 8673
8675 #EP #BI 76 5 8674
8676 #EP #BI 7 72 8675
8677 #EP #BD 1923 5890 8676
8678 #EP #BI 188 1364 8677
8679 #EP #BI 318 20 8678
8680 #EC 1951 
8681 #EA 8680 366
1953 #NI 1867 3605429635
1954 #NS 1953 _hygCtx
1955 #NS 1954 _hyg
1956 #NI 1955 27
8682 #EA 8646 8
8683 #EL #BD 1956 8555 8682
8684 #EA 8681 8683
8685 #EA 8684 121
8686 #EA 1958 8653
8687 #EA 8686 8
8688 #EA 8566 8687
8689 #EA 8688 5
8690 #EA 8689 121
8691 #EL #BD 1924 366 8690
8692 #EA 8685 8691
1957 #NI 1955 42
8693 #EA 2377 8659
8694 #EL #BD 1957 8579 8693
8695 #EA 8692 8694
8696 #EL #BI 415 8 8695
8697 #EL #BI 76 5 8696
8698 #EL #BI 7 72 8697
8699 #EL #BD 1923 5890 8698
8700 #EL #BI 188 1364 8699
8701 #EL #BI 318 20 8700
#DEF 1952 8679 8701 8
1958 #NS 0 ite_congr
1959 #NS 53 SimpLemmas
1960 #NI 1959 1298252226
1961 #NS 1960 _hygCtx
1962 #NS 1961 _hyg
1963 #NI 1962 24
8702 #EA 1665 20
8703 #EA 8702 860
8704 #EA 8703 698
8705 #EA 626 939
8706 #EA 8705 860
8707 #EA 8706 366
8708 #EP #BD 22 860 8707
1964 #NS 0 h₃
8709 #EA 1355 910
8710 #EA 626 2536
8711 #EA 8710 860
8712 #EA 8711 366
8713 #EP #BD 22 8709 8712
8714 #EC 414 11
8715 #EA 8714 2536
8716 #EA 8715 939
8717 #EA 8716 121
8718 #EA 8717 910
8719 #EA 8718 860
8720 #EA 8710 8719
8721 #EA 8715 911
8722 #EA 8721 82
8723 #EA 8722 698
8724 #EA 8723 366
8725 #EA 8720 8724
8726 #EP #BD 1964 8713 8725
8727 #EP #BD 768 8708 8726
8728 #EP #BD 693 8704 8727
8729 #EP #BC 1963 8555 8728
8730 #EP #BI 1613 8555 8729
8731 #EP #BI 39 366 8730
8732 #EP #BI 8 121 8731
8733 #EP #BI 1021 82 8732
8734 #EP #BI 86 10 8733
8735 #EP #BI 318 20 8734
8736 #EP #BI 59 20 8735
8737 #EP #BI 7 335 8736
8738 #EA 5849 911
8739 #EA 1355 911
8740 #EA 8738 8739
1965 #NI 1741 1298252226
1966 #NS 1965 _hygCtx
1967 #NS 1966 _hyg
1968 #NI 1967 67
8741 #EA 542 911
8742 #EA 8741 8739
8743 #EC 204 0
8744 #EA 542 939
8745 #EA 1355 939
8746 #EA 8744 8745
8747 #EA 8743 8746
8748 #EC 1936 
8749 #EA 8748 939
8750 #EA 8749 121
8751 #EA 8747 8750
8752 #EA 8751 5
8753 #EA 626 2591
8754 #EA 8714 2591
8755 #EA 8754 2582
8756 #EA 8755 698
8757 #EA 8756 939
8758 #EA 8757 911
8759 #EA 8753 8758
8760 #EA 8754 2536
8761 #EA 8760 366
8762 #EA 8761 910
8763 #EA 8762 860
8764 #EA 8759 8763
8765 #EP #BD 188 8752 8764
8766 #EL #BD 1968 8742 8765
8767 #EA 8740 8766
8768 #EA 8748 911
8769 #EA 8768 82
8770 #EA 8767 8769
1969 #NI 1746 1298252226
1970 #NS 1969 _hygCtx
1971 #NS 1970 _hyg
1972 #NI 1971 68
8771 #EA 5817 939
8772 #EA 8771 8745
8773 #EA 8772 5
8774 #EA 8751 8773
8775 #EC 1861 0
8776 #EA 8775 8764
8777 #EA 8759 910
8778 #EA 8776 8777
8779 #EA 8702 8764
8780 #EA 8779 8777
8781 #EA 5900 8780
8782 #EC 565 11 1
8783 #EA 8782 2591
8784 #EA 8783 20
8785 #EA 8784 8763
8786 #EA 8785 910
1973 #NS 0 _a
8787 #EA 626 2593
8788 #EA 8714 2593
8789 #EA 8788 2591
8790 #EA 8789 860
8791 #EA 8790 2536
8792 #EA 8791 939
8793 #EA 8787 8792
8794 #EA 8793 5
8795 #EL #BD 1973 2591 8794
8796 #EA 8786 8795
8797 #EC 1944 11
8798 #EA 8797 2536
8799 #EA 8798 366
8800 #EA 8799 8
8801 #EA 8800 2591
8802 #EA 8801 910
8803 #EA 8802 860
8804 #EA 8796 8803
8805 #EA 8781 8804
8806 #EA 8778 8805
8807 #EA 2624 20
8808 #EA 8807 2536
8809 #EA 626 2682
8810 #EA 8714 2682
8811 #EA 8810 8
8812 #EA 8811 5
8813 #EA 8812 2582
8814 #EA 8813 2536
8815 #EA 8809 8814
8816 #EA 8815 939
8817 #EP #BI 1613 1364 8816
8818 #EL #BI 59 20 8817
8819 #EA 8808 8818
8820 #EA 1357 2536
8821 #EA 8788 2582
8822 #EA 8821 5
8823 #EA 8822 2536
8824 #EA 8823 939
8825 #EA 8787 8824
8826 #EA 8825 911
8827 #EA 8775 8826
8828 #EA 8787 2536
8829 #EA 8828 911
8830 #EA 8827 8829
8831 #EA 8702 8826
8832 #EA 8831 8829
8833 #EA 5900 8832
8834 #EA 8782 2593
8835 #EA 8834 20
8836 #EA 8835 8824
8837 #EA 8836 2536
8838 #EA 8809 5
8839 #EA 8838 939
8840 #EL #BD 1973 2593 8839
8841 #EA 8837 8840
8842 #EA 8797 2582
8843 #EA 8842 5
8844 #EA 8843 10
8845 #EA 8844 2593
8846 #EA 8845 2536
8847 #EA 8846 939
8848 #EA 8841 8847
8849 #EA 8833 8848
8850 #EA 8830 8849
8851 #EA 8850 4787
8852 #EL #BI 1613 8820 8851
8853 #EA 8819 8852
8854 #EA 8853 2582
8855 #EA 2761 20
8856 #EA 8855 2582
8857 #EA 8856 2536
8858 #EA 8857 121
8859 #EA 8854 8858
8860 #EA 8859 698
8861 #EA 8806 8860
8862 #EL #BD 1972 8774 8861
8863 #EL #BD 188 911 8862
8864 #EA 8770 8863
1974 #NI 1971 137
8865 #EA 5823 939
8866 #EA 8865 8745
8867 #EA 8866 5
8868 #EA 8751 8867
8869 #EA 8759 860
8870 #EA 8776 8869
8871 #EA 8779 8869
8872 #EA 5900 8871
8873 #EA 8785 860
8874 #EA 8873 8795
8875 #EC 1952 11
8876 #EA 8875 2536
8877 #EA 8876 366
8878 #EA 8877 8
8879 #EA 8878 2591
8880 #EA 8879 910
8881 #EA 8880 860
8882 #EA 8874 8881
8883 #EA 8872 8882
8884 #EA 8870 8883
8885 #EA 8815 911
8886 #EP #BI 1613 1364 8885
8887 #EL #BI 59 20 8886
8888 #EA 8808 8887
8889 #EA 8825 910
8890 #EA 8775 8889
8891 #EA 8787 939
8892 #EA 8891 910
8893 #EA 8890 8892
8894 #EA 8702 8889
8895 #EA 8894 8892
8896 #EA 5900 8895
8897 #EA 8836 939
8898 #EA 8838 911
8899 #EL #BD 1973 2593 8898
8900 #EA 8897 8899
8901 #EA 8875 2582
8902 #EA 8901 5
8903 #EA 8902 10
8904 #EA 8903 2593
8905 #EA 8904 2536
8906 #EA 8905 939
8907 #EA 8900 8906
8908 #EA 8896 8907
8909 #EA 8893 8908
8910 #EA 8909 316
8911 #EL #BI 1613 8820 8910
8912 #EA 8888 8911
8913 #EA 8912 2582
8914 #EA 8913 8858
8915 #EA 8914 698
8916 #EA 8884 8915
8917 #EL #BD 1974 8868 8916
8918 #EL #BD 188 8739 8917
8919 #EA 8864 8918
8920 #EC 205 0
8921 #EA 8920 8742
8922 #EA 8921 8769
8923 #EA 8919 8922
8924 #EL #BD 1964 8713 8923
8925 #EL #BD 768 8708 8924
8926 #EL #BD 693 8704 8925
8927 #EL #BC 1963 8555 8926
8928 #EL #BI 1613 8555 8927
8929 #EL #BI 39 366 8928
8930 #EL #BI 8 121 8929
8931 #EL #BI 1021 82 8930
8932 #EL #BI 86 10 8931
8933 #EL #BI 318 20 8932
8934 #EL #BI 59 20 8933
8935 #EL #BI 7 335 8934
#DEF 1958 8737 8935 49
1975 #NS 0 congrFun'
1976 #NS 0 g
8936 #EA 8466 97
8937 #EA 8936 8
8938 #EA 8937 5
8939 #EA 1923 237
8940 #EA 8939 1386
8941 #EP #BD 18 121 8940
8942 #EP #BD 188 8938 8941
8943 #EP #BI 1976 79 8942
8944 #EP #BI 82 1269 8943
8945 #EP #BI 38 194 8944
8946 #EP #BI 7 72 8945
8947 #EA 8483 8467
8948 #EA 8947 82
1977 #NI 89 2891185530
1978 #NS 1977 _hygCtx
1979 #NS 1978 _hyg
1980 #NI 1979 26
1981 #NI 574 2891185530
1982 #NS 1981 _hygCtx
1983 #NS 1982 _hyg
1984 #NI 1983 27
8949 #EP #BD 22 698 698
8950 #EA 8466 8949
8951 #EA 8950 121
8952 #EA 8951 5
8953 #EA 1938 2236
8954 #EA 8953 796
8955 #EL #BD 1984 8952 8954
8956 #EL #BD 1980 8467 8955
8957 #EA 8948 8956
8958 #EA 1946 237
8959 #EA 8957 8958
8960 #EA 8959 10
8961 #EA 8960 8
8962 #EL #BD 18 121 8961
8963 #EL #BD 188 8938 8962
8964 #EL #BI 1976 79 8963
8965 #EL #BI 82 1269 8964
8966 #EL #BI 38 194 8965
8967 #EL #BI 7 72 8966
#DEF 1975 8946 8967 8 39
1985 #NS 0 trivial
#DEF 1985 1801 1906 
1986 #NS 0 of_eq_true
8968 #EA 8702 5
8969 #EA 8968 1801
8970 #EP #BD 188 8969 8
8971 #EP #BI 408 20 8970
8972 #EA 1969 20
8973 #EA 8972 1801
1987 #NS 88 SimpLemmas
1988 #NI 1987 3252497304
1989 #NS 1988 _hygCtx
1990 #NS 1989 _hyg
1991 #NI 1990 15
1992 #NI 1746 3252497304
1993 #NS 1992 _hygCtx
1994 #NS 1993 _hyg
1995 #NI 1994 16
8974 #EA 8702 1801
8975 #EA 8974 5
8976 #EL #BD 1995 8975 8
8977 #EL #BD 1991 20 8976
8978 #EA 8973 8977
8979 #EC 1985 
8980 #EA 8978 8979
8981 #EA 8980 8
8982 #EA 8855 8
8983 #EA 8982 1801
8984 #EA 8983 5
8985 #EA 8981 8984
8986 #EL #BD 188 8969 8985
8987 #EL #BI 408 20 8986
#DEF 1986 8971 8987 
1996 #NS 204 trans
8988 #EA 2370 121
8989 #EA 8988 10
8990 #EP #BD 768 1921 8989
8991 #EP #BD 693 2413 8990
8992 #EP #BI 318 10 8991
8993 #EP #BI 59 8 8992
8994 #EP #BI 18 5 8993
8995 #EP #BI 7 72 8994
1997 #NI 89 4164849530
1998 #NS 1997 _hygCtx
1999 #NS 1998 _hyg
2000 #NI 1999 18
2001 #NI 574 4164849530
2002 #NS 2001 _hygCtx
2003 #NS 2002 _hyg
2004 #NI 2003 19
8996 #EA 1527 860
8997 #EA 8996 698
8998 #EA 8997 8
8999 #EL #BD 2004 1937 8998
9000 #EL #BD 2000 366 8999
9001 #EA 1934 9000
9002 #EA 9001 8
9003 #EA 9002 10
9004 #EA 9003 5
9005 #EL #BD 768 1921 9004
9006 #EL #BD 693 2413 9005
9007 #EL #BI 318 10 9006
9008 #EL #BI 59 8 9007
9009 #EL #BI 18 5 9008
9010 #EL #BI 7 72 9009
#DEF 1996 8995 9010 8
2005 #NS 0 not_false
9011 #EA 1355 1352
9012 #EA 5900 1352
#DEF 2005 9011 9012 
2006 #NS 0 instDecidableFalse
9013 #EA 1357 1352
9014 #EA 1367 1352
9015 #EC 2005 
9016 #EA 9014 9015
#DEF 2006 9013 9016 
2007 #NS 0 Iff
2008 #NS 2007 intro
2009 #NS 0 mpr
9017 #EC 2007 
9018 #EA 9017 82
9019 #EA 9018 10
9020 #EP #BD 2009 108 9019
9021 #EP #BD 1621 1269 9020
9022 #EP #BI 59 20 9021
9023 #EP #BI 18 20 9022
#IND 2 2007 552 1 2008 9023 
2010 #NS 0 propext
9024 #EA 9017 8
9025 #EA 9024 5
9026 #EA 8702 10
9027 #EA 9026 8
9028 #EP #BD 22 9025 9027
9029 #EP #BI 59 20 9028
9030 #EP #BI 18 20 9029
#AX 2010 9030 
2011 #NS 0 eq_true
9031 #EA 8702 8
9032 #EA 9031 1801
9033 #EP #BD 188 5 9032
9034 #EP #BI 408 20 9033
9035 #EC 2010 
9036 #EA 9035 8
9037 #EA 9036 1801
9038 #EC 2008 
9039 #EA 9038 8
9040 #EA 9039 1801
2012 #NI 1987 1777953994
2013 #NS 2012 _hygCtx
2014 #NS 2013 _hyg
2015 #NI 2014 14
9041 #EL #BD 2015 8 8979
9042 #EA 9040 9041
2016 #NI 2014 19
9043 #EL #BD 2016 1801 8
9044 #EA 9042 9043
9045 #EA 9037 9044
9046 #EL #BD 188 5 9045
9047 #EL #BI 408 20 9046
#DEF 2011 9034 9047 
2017 #NS 0 eq_self
9048 #EA 8702 629
9049 #EA 9048 1801
9050 #EP #BD 18 5 9049
9051 #EP #BI 7 335 9050
9052 #EC 2011 
9053 #EA 9052 629
9054 #EC 482 11
9055 #EA 9054 8
9056 #EA 9055 5
9057 #EA 9053 9056
9058 #EL #BD 18 5 9057
9059 #EL #BI 7 335 9058
#DEF 2017 9051 9059 49
2018 #NS 0 ite_cond_eq_false
2019 #NI 1987 2256444130
2020 #NS 2019 _hygCtx
2021 #NS 2020 _hyg
2022 #NI 2021 4
9060 #EA 8702 82
9061 #EA 9060 1352
9062 #EA 7721 8
9063 #EA 2370 9062
9064 #EA 9063 8
9065 #EP #BD 188 9061 9064
9066 #EP #BD 59 82 9065
9067 #EP #BD 18 10 9066
9068 #EP #BI 2022 1364 9067
9069 #EP #BI 318 20 9068
9070 #EP #BI 7 72 9069
9071 #EC 1986 
9072 #EA 9071 9064
9073 #EC 1996 1
9074 #EA 9073 20
9075 #EA 9074 9064
9076 #EA 2371 8
9077 #EA 9075 9076
9078 #EA 9077 1801
9079 #EC 1975 2 1
9080 #EA 9079 366
9081 #EA 9080 20
9082 #EA 9081 9063
9083 #EA 9082 2371
9084 #EC 565 2 15
9085 #EA 9084 366
9086 #EP #BD 22 366 20
9087 #EA 9085 9086
9088 #EA 9087 9062
9089 #EA 9088 8
9090 #EA 9089 2370
9091 #EC 1958 2
9092 #EA 9091 366
9093 #EA 9092 121
9094 #EA 9093 1352
9095 #EA 9094 10
9096 #EA 9095 8
9097 #EA 9096 10
9098 #EA 9097 8
9099 #EA 9098 82
9100 #EC 2006 
9101 #EA 9099 9100
9102 #EA 9101 5
9103 #EA 1611 698
9104 #EA 9103 82
9105 #EL #BD 22 1352 9104
9106 #EA 9102 9105
9107 #EA 9103 10
9108 #EL #BD 22 9011 9107
9109 #EA 9106 9108
9110 #EA 9090 9109
9111 #EA 9083 9110
9112 #EA 9111 8
9113 #EA 9078 9112
9114 #EC 2017 2
9115 #EA 9114 366
9116 #EA 9115 8
9117 #EA 9113 9116
9118 #EA 9072 9117
9119 #EL #BD 188 9061 9118
9120 #EL #BD 59 82 9119
9121 #EL #BD 18 10 9120
9122 #EL #BI 2022 1364 9121
9123 #EL #BI 318 20 9122
9124 #EL #BI 7 72 9123
#DEF 2018 9070 9124 8
2023 #NS 0 eq_false
9125 #EA 9031 1352
9126 #EP #BD 188 1356 9125
9127 #EP #BI 408 20 9126
9128 #EA 9036 1352
9129 #EA 9039 1352
9130 #EA 3683 10
9131 #EA 9130 1352
9132 #EA 9131 5
9133 #EA 9132 8
9134 #EL #BD 857 8 9133
9135 #EA 9129 9134
9136 #EA 2079 10
9137 #EA 9136 5
9138 #EL #BD 857 1352 9137
9139 #EA 9135 9138
9140 #EA 9128 9139
9141 #EL #BD 188 1356 9140
9142 #EL #BI 408 20 9141
#DEF 2023 9127 9142 
2024 #NS 0 false_and
9143 #EA 553 1352
9144 #EA 9143 5
9145 #EA 8702 9144
9146 #EA 9145 1352
9147 #EP #BD 408 20 9146
9148 #EC 2023 
9149 #EA 9148 9144
2025 #NI 1987 760575690
2026 #NS 2025 _hygCtx
2027 #NS 2026 _hyg
2028 #NI 2027 14
9150 #EA 8412 1352
9151 #EA 9150 8
9152 #EA 9151 5
9153 #EL #BD 2028 9144 9152
9154 #EA 9149 9153
9155 #EL #BD 408 20 9154
#DEF 2024 9147 9155 
2029 #NS 1915 dif_pos
2030 #NS 2029 match_1_1
#DEF 2030 8525 8535 
2031 #NS 0 dif_pos
9156 #EA 8544 383
9157 #EP #BI 415 8537 9156
9158 #EP #BI 76 8536 9157
9159 #EP #BI 7 72 9158
9160 #EP #BD 1924 8 9159
9161 #EP #BI 188 1364 9160
9162 #EP #BI 318 20 9161
9163 #EC 2030 
9164 #EA 9163 366
2032 #NI 1867 631123022
2033 #NS 2032 _hygCtx
2034 #NS 2033 _hyg
2035 #NI 2034 32
9165 #EA 8561 2056
9166 #EL #BD 2035 8555 9165
9167 #EA 9164 9166
9168 #EA 9167 121
2036 #NI 2034 39
9169 #EA 2377 8571
9170 #EL #BD 2036 366 9169
9171 #EA 9168 9170
9172 #EA 1958 8584
9173 #EA 9172 2056
9174 #EA 8566 9173
9175 #EA 9174 121
9176 #EA 9175 5
9177 #EL #BD 1923 8579 9176
9178 #EA 9171 9177
9179 #EL #BI 415 8537 9178
9180 #EL #BI 76 8536 9179
9181 #EL #BI 7 72 9180
9182 #EL #BD 1924 8 9181
9183 #EL #BI 188 1364 9182
9184 #EL #BI 318 20 9183
#DEF 2031 9162 9184 8
2037 #NS 906 eq_1
2038 #NS 0 fuel_2
2039 #NS 0 hfuel_2
9185 #EA 7110 121
9186 #EA 9185 82
9187 #EA 9186 43
9188 #EA 9187 10
9189 #EA 9188 5
9190 #EA 1972 9189
9191 #EA 5490 4555
9192 #EA 3831 121
9193 #EA 9192 10
9194 #EA 9191 9193
9195 #EA 7110 366
9196 #EA 9195 121
9197 #EA 9196 10
9198 #EA 5269 366
9199 #EA 9197 9198
9200 #EA 6482 366
9201 #EA 9200 10
9202 #EA 9201 121
9203 #EA 9202 5
9204 #EA 9203 8
9205 #EA 9199 9204
9206 #EA 3092 9205
9207 #EA 9206 477
9208 #EL #BD 188 4555 9207
9209 #EA 9194 9208
9210 #EA 1355 4555
9211 #EL #BD 1590 9210 343
9212 #EA 9209 9211
9213 #EA 9190 9212
9214 #EP #BD 2039 5428 9213
9215 #EP #BD 2038 0 9214
9216 #EP #BD 86 0 9215
9217 #EP #BD 1231 4683 9216
9218 #EP #BD 1021 0 9217
9219 #EA 2959 9189
9220 #EL #BD 2039 5428 9219
9221 #EL #BD 2038 0 9220
9222 #EL #BD 86 0 9221
9223 #EL #BD 1231 4683 9222
9224 #EL #BD 1021 0 9223
#DEF 2037 9218 9224 
2040 #NS 0 and_false
9225 #EA 553 5
9226 #EA 9225 1352
9227 #EA 8702 9226
9228 #EA 9227 1352
9229 #EP #BD 408 20 9228
9230 #EA 9148 9226
2041 #NI 1987 287224376
2042 #NS 2041 _hygCtx
2043 #NS 2042 _hyg
2044 #NI 2043 14
9231 #EA 8393 8
9232 #EA 9231 1352
9233 #EA 9232 5
9234 #EL #BD 2044 9226 9233
9235 #EA 9230 9234
9236 #EL #BD 408 20 9235
#DEF 2040 9229 9236 
2045 #NS 0 instDecidableTrue
9237 #EA 1357 1801
9238 #EA 1372 1801
9239 #EA 9238 8979
#DEF 2045 9237 9239 
2046 #NS 0 ite_cond_eq_true
2047 #NI 1987 2043133869
2048 #NS 2047 _hygCtx
2049 #NS 2048 _hyg
2050 #NI 2049 4
9240 #EA 9060 1801
9241 #EA 9063 10
9242 #EP #BD 188 9240 9241
9243 #EP #BD 59 82 9242
9244 #EP #BD 18 10 9243
9245 #EP #BI 2050 1364 9244
9246 #EP #BI 318 20 9245
9247 #EP #BI 7 72 9246
9248 #EA 9071 9241
9249 #EA 9074 9241
9250 #EA 2370 10
9251 #EA 9250 10
9252 #EA 9249 9251
9253 #EA 9252 1801
9254 #EA 9082 9250
9255 #EA 9088 10
9256 #EA 9255 2370
9257 #EA 9093 1801
9258 #EA 9257 10
9259 #EA 9258 8
9260 #EA 9259 10
9261 #EA 9260 8
9262 #EA 9261 82
9263 #EC 2045 
9264 #EA 9262 9263
9265 #EA 9264 5
9266 #EL #BD 22 1801 9104
9267 #EA 9265 9266
9268 #EA 1355 1801
9269 #EL #BD 22 9268 9107
9270 #EA 9267 9269
9271 #EA 9256 9270
9272 #EA 9254 9271
9273 #EA 9272 10
9274 #EA 9253 9273
9275 #EA 9115 10
9276 #EA 9274 9275
9277 #EA 9248 9276
9278 #EL #BD 188 9240 9277
9279 #EL #BD 59 82 9278
9280 #EL #BD 18 10 9279
9281 #EL #BI 2050 1364 9280
9282 #EL #BI 318 20 9281
9283 #EL #BI 7 72 9282
#DEF 2046 9247 9283 8
2051 #NS 0 and_self
9284 #EA 9225 5
9285 #EA 8702 9284
9286 #EA 9285 5
9287 #EP #BD 408 20 9286
9288 #EA 9035 9284
9289 #EA 9288 5
9290 #EA 9038 9284
9291 #EA 9290 5
2052 #NI 1987 2058600197
2053 #NS 2052 _hygCtx
2054 #NS 2053 _hyg
2055 #NI 2054 16
9292 #EA 8412 8
9293 #EA 9292 8
9294 #EA 9293 5
9295 #EL #BD 2055 9284 9294
9296 #EA 9291 9295
9297 #EA 4656 8
9298 #EA 9297 8
9299 #EA 9298 5
9300 #EA 9299 5
9301 #EL #BD 188 5 9300
9302 #EA 9296 9301
9303 #EA 9289 9302
9304 #EL #BD 408 20 9303
#DEF 2051 9287 9304 
2056 #NS 546 Data
2057 #NS 2056 Nat
2058 #NS 2057 Div
2059 #NS 2058 Basic
2060 #NI 2059 0
2061 #NS 2060 Nat
2062 #NS 2061 div
2063 #NS 2062 go
2064 #NS 2063 fuel_congr
2065 #NS 2064 match_1_1
2066 #NS 0 fuel1
2067 #NS 2066 _@
2068 #NS 2067 Init
2069 #NS 2068 Data
2070 #NS 2069 Nat
2071 #NS 2070 Div
2072 #NS 2071 Basic
2073 #NI 2072 1302281000
2074 #NS 2073 _hygCtx
2075 #NS 2074 _hyg
2076 #NI 2075 50
2077 #NS 0 fuel2
2078 #NS 2077 _@
2079 #NS 2078 Init
2080 #NS 2079 Data
2081 #NS 2080 Nat
2082 #NS 2081 Div
2083 #NS 2082 Basic
2084 #NI 2083 1302281000
2085 #NS 2084 _hygCtx
2086 #NS 2085 _hyg
2087 #NI 2086 52
9305 #EA 5934 8
9306 #EP #BD 1088 9305 20
9307 #EP #BD 1081 4637 9306
9308 #EP #BD 2087 0 9307
9309 #EP #BD 2076 0 9308
9310 #EA 3883 8
2088 #NS 88 Data
2089 #NS 2088 Nat
2090 #NS 2089 Div
2091 #NS 2090 Basic
2092 #NI 2091 1302281000
2093 #NS 2092 _hygCtx
2094 #NS 2093 _hyg
2095 #NI 2094 70
9311 #EA 3925 343
9312 #EA 6346 8
9313 #EP #BD 1088 9312 4734
9314 #EP #BD 1081 9311 9313
9315 #EP #BD 2095 0 9314
2096 #NI 2094 81
9316 #EA 6346 5
9317 #EA 3909 343
9318 #EA 2301 343
9319 #EA 9318 8
9320 #EA 9319 5
9321 #EP #BD 1088 9317 9320
9322 #EP #BD 1081 9316 9321
9323 #EP #BD 2096 0 9322
9324 #EA 63 911
9325 #EA 9324 43
9326 #EA 63 939
9327 #EA 9326 43
9328 #EP #BD 1088 9327 4749
9329 #EP #BD 1081 9325 9328
9330 #EP #BD 2077 0 9329
9331 #EP #BD 2066 0 9330
9332 #EP #BD 455 9331 4757
9333 #EP #BD 113 9323 9332
9334 #EP #BD 112 9315 9333
9335 #EP #BD 1088 9310 9334
9336 #EP #BD 1081 9305 9335
9337 #EP #BD 2087 0 9336
9338 #EP #BD 2076 0 9337
9339 #EP #BD 75 9309 9338
9340 #EP #BD 86 0 9339
9341 #EA 9324 5
9342 #EP #BD 1081 9341 4768
9343 #EL #BD 86 0 9342
9344 #EA 1871 9343
9345 #EA 9344 698
9346 #EL #BD 1081 3910 4776
9347 #EA 9345 9346
2097 #NS 115 Data
2098 #NS 2097 Nat
2099 #NS 2098 Div
2100 #NS 2099 Basic
2101 #NI 2100 1302281000
2102 #NS 2101 _hygCtx
2103 #NS 2102 _hyg
2104 #NI 2103 108
9348 #EA 9324 313
9349 #EA 63 2536
9350 #EA 9349 5
9351 #EP #BD 1088 9350 4782
9352 #EL #BD 86 0 9351
9353 #EA 1871 9352
9354 #EA 9353 860
9355 #EA 9326 245
9356 #EA 121 2027
9357 #EA 9356 8
9358 #EA 9357 5
9359 #EL #BD 1088 9355 9358
9360 #EA 9354 9359
2105 #NI 2103 109
9361 #EA 9349 313
9362 #EL #BD 1088 9361 4793
9363 #EL #BD 2105 0 9362
9364 #EA 9360 9363
9365 #EA 9364 366
9366 #EL #BD 1081 9348 9365
9367 #EL #BD 2104 0 9366
9368 #EA 9347 9367
9369 #EA 9368 121
9370 #EL #BD 455 9331 9369
9371 #EL #BD 113 9323 9370
9372 #EL #BD 112 9315 9371
9373 #EL #BD 1088 9310 9372
9374 #EL #BD 1081 9305 9373
9375 #EL #BD 2087 0 9374
9376 #EL #BD 2076 0 9375
9377 #EL #BD 75 9309 9376
9378 #EL #BD 86 0 9377
#DEF 2065 9340 9378 
9379 #EA 3893 10
9380 #EA 9195 10
9381 #EA 9380 121
9382 #EA 9381 698
9383 #EA 9382 8
9384 #EA 1972 9383
9385 #EA 9380 82
9386 #EA 9385 698
9387 #EA 9386 5
9388 #EA 9384 9387
9389 #EP #BD 1088 9379 9388
9390 #EP #BD 1081 4638 9389
9391 #EP #BD 1231 4693 9390
9392 #EP #BD 2077 0 9391
9393 #EP #BD 2066 0 9392
9394 #EP #BD 1021 0 9393
9395 #EP #BD 86 0 9394
9396 #EA 7110 939
9397 #EA 9396 860
9398 #EA 9397 121
9399 #EA 9398 82
9400 #EA 9399 8
9401 #EA 1972 9400
9402 #EA 9397 10
9403 #EA 9402 82
9404 #EA 9403 5
9405 #EA 9401 9404
9406 #EP #BD 1088 4637 9405
9407 #EP #BD 1081 5991 9406
9408 #EP #BD 2077 0 9407
9409 #EP #BD 86 0 9408
9410 #EL #BD 2066 0 9409
9411 #EA 1890 9410
9412 #EA 9411 121
9413 #EA 7110 2536
9414 #EA 9413 910
9415 #EA 9414 121
9416 #EA 9415 82
9417 #EA 9416 8
9418 #EA 1972 9417
9419 #EA 9414 10
9420 #EA 9419 82
9421 #EA 9420 5
9422 #EA 9418 9421
9423 #EP #BD 1088 4637 9422
9424 #EP #BD 1081 5991 9423
9425 #EP #BD 2077 0 9424
9426 #EP #BD 86 0 9425
9427 #EL #BD 2066 0 9426
9428 #EA 1894 9427
9429 #EA 9428 5
9430 #EA 3877 82
9431 #EC 2065 
9432 #EA 9431 82
9433 #EA 3925 8
2106 #NI 2094 210
9434 #EA 7110 4379
9435 #EA 9434 2799
9436 #EA 9435 121
9437 #EA 9436 82
9438 #EA 9437 8
9439 #EA 1972 9438
9440 #EA 9435 10
9441 #EA 9440 82
9442 #EA 9441 5
9443 #EA 9439 9442
9444 #EP #BD 1088 4637 9443
9445 #EP #BD 1081 5991 9444
9446 #EP #BD 2077 0 9445
9447 #EP #BD 86 0 9446
9448 #EL #BD 2066 0 9447
9449 #EA 1894 9448
9450 #EA 9449 82
9451 #EA 7110 2778
9452 #EA 9451 2591
9453 #EA 9452 121
9454 #EA 9453 910
9455 #EA 9454 10
9456 #EA 1972 9455
9457 #EA 9452 82
9458 #EA 9457 910
9459 #EA 9458 8
9460 #EA 9456 9459
9461 #EP #BD 2106 9450 9460
9462 #EL #BD 1088 9433 9461
9463 #EL #BD 1081 6301 9462
9464 #EL #BD 2087 0 9463
9465 #EL #BD 2076 0 9464
9466 #EA 9432 9465
9467 #EA 9466 366
9468 #EA 9467 10
9469 #EA 9468 8
9470 #EA 9469 5
9471 #EA 3883 343
9472 #EA 7110 2855
9473 #EA 9472 2778
9474 #EA 9473 121
9475 #EA 9474 82
9476 #EA 9475 8
9477 #EA 1972 9476
9478 #EA 9473 10
9479 #EA 9478 82
9480 #EA 9479 5
9481 #EA 9477 9480
9482 #EP #BD 1088 4637 9481
9483 #EP #BD 1081 5991 9482
9484 #EP #BD 2077 0 9483
9485 #EP #BD 86 0 9484
9486 #EL #BD 2066 0 9485
9487 #EA 1894 9486
9488 #EA 9487 343
9489 #EA 7110 2682
9490 #EA 9489 2582
9491 #EA 9490 343
9492 #EA 9491 860
9493 #EA 9492 10
9494 #EA 1972 9493
9495 #EA 9490 82
9496 #EA 9495 860
9497 #EA 9496 8
9498 #EA 9494 9497
9499 #EA 2079 9498
9500 #EA 3903 2792
9501 #EA 3913 5
9502 #EA 1972 343
9503 #EA 9502 8
9504 #EA 9326 343
9505 #EA 2093 9504
9506 #EA 9505 366
9507 #EA 35 2880
9508 #EA 9507 10
9509 #EA 9506 9508
9510 #EA 9509 8
9511 #EP #BD 188 9510 1352
9512 #EP #BD 188 9503 9511
9513 #EL #BD 86 9501 9512
9514 #EL #BD 22 0 9513
9515 #EA 9500 9514
9516 #EA 9515 343
9517 #EA 9516 10
2107 #NS 573 Data
2108 #NS 2107 Nat
2109 #NS 2108 Div
2110 #NS 2109 Basic
2111 #NI 2110 1302281000
2112 #NS 2111 _hygCtx
2113 #NS 2112 _hyg
2114 #NI 2113 128
9518 #EA 9502 2792
9519 #EA 2093 9317
9520 #EA 9519 82
9521 #EA 3913 2813
9522 #EA 9520 9521
9523 #EA 2182 2813
9524 #EA 9522 9523
9525 #EP #BD 188 9524 1352
9526 #EA 2079 9525
9527 #EA 3937 343
9528 #EA 9527 2813
9529 #EA 9528 5
9530 #EA 9526 9529
9531 #EL #BD 2114 9518 9530
9532 #EA 9517 9531
2115 #NS 601 Data
2116 #NS 2115 Nat
2117 #NS 2116 Div
2118 #NS 2117 Basic
2119 #NI 2118 1302281000
2120 #NS 2119 _hygCtx
2121 #NS 2120 _hyg
2122 #NI 2121 126
2123 #NS 727 Data
2124 #NS 2123 Nat
2125 #NS 2124 Div
2126 #NS 2125 Basic
2127 #NI 2126 1302281000
2128 #NS 2127 _hygCtx
2129 #NS 2128 _hyg
2130 #NI 2129 127
2131 #NI 2113 129
9533 #EA 9502 43
9534 #EA 9507 2027
9535 #EA 9506 9534
9536 #EA 3083 10
9537 #EA 9536 8
9538 #EA 9535 9537
9539 #EP #BD 188 9538 1352
9540 #EA 2079 9539
9541 #EA 9527 2027
9542 #EA 9541 5
9543 #EA 9540 9542
9544 #EL #BD 2131 9533 9543
9545 #EL #BD 2130 9501 9544
9546 #EL #BI 2122 0 9545
9547 #EA 9532 9546
9548 #EA 2959 343
9549 #EA 9547 9548
9550 #EA 6346 343
9551 #EA 2135 9550
9552 #EA 9551 10
9553 #EA 9549 9552
9554 #EA 9499 9553
9555 #EL #BD 2106 9488 9554
9556 #EL #BD 1088 6301 9555
9557 #EL #BD 1081 9471 9556
9558 #EL #BD 2095 0 9557
9559 #EA 9470 9558
9560 #EA 3883 5
9561 #EA 3893 343
9562 #EA 9487 10
9563 #EA 9496 10
9564 #EA 1972 9563
9565 #EA 9492 8
9566 #EA 9564 9565
9567 #EA 2079 9566
9568 #EA 9505 121
9569 #EA 9568 9508
9570 #EA 9569 8
9571 #EP #BD 188 9570 1352
9572 #EP #BD 188 9503 9571
9573 #EL #BD 86 9501 9572
9574 #EL #BD 22 0 9573
9575 #EA 9500 9574
9576 #EA 9575 343
9577 #EA 9576 8
2132 #NI 2113 156
9578 #EA 9519 10
9579 #EA 9578 9521
9580 #EA 9579 9523
9581 #EP #BD 188 9580 1352
9582 #EA 2079 9581
9583 #EA 9582 9529
9584 #EL #BD 2132 9518 9583
9585 #EA 9577 9584
2133 #NI 2121 154
2134 #NI 2129 155
2135 #NI 2113 157
9586 #EA 9568 9534
9587 #EA 9586 9537
9588 #EP #BD 188 9587 1352
9589 #EA 2079 9588
9590 #EA 9589 9542
9591 #EL #BD 2135 9533 9590
9592 #EL #BD 2134 9501 9591
9593 #EL #BI 2133 0 9592
9594 #EA 9585 9593
9595 #EA 9594 9548
9596 #EA 9551 8
9597 #EA 9595 9596
9598 #EA 9567 9597
9599 #EL #BD 2106 9562 9598
9600 #EL #BD 1088 9561 9599
9601 #EL #BD 1081 9560 9600
9602 #EL #BD 2096 0 9601
9603 #EA 9559 9602
9604 #EA 3893 43
9605 #EA 3925 43
9606 #EA 9449 2068
9607 #EA 9452 2775
9608 #EA 9607 910
9609 #EA 9608 10
9610 #EA 1972 9609
9611 #EA 9452 2068
9612 #EA 9611 910
9613 #EA 9612 8
9614 #EA 9610 9613
9615 #EA 5900 9614
9616 #EA 2779 910
9617 #EA 5719 9616
9618 #EA 1357 9616
9619 #EA 2889 911
9620 #EA 5490 9619
9621 #EA 3831 2799
9622 #EA 9621 911
9623 #EA 9620 9622
9624 #EA 7110 2801
9625 #EA 9624 2682
9626 #EA 9625 698
9627 #EA 5251 939
9628 #EA 9627 2801
9629 #EA 9626 9628
9630 #EA 5498 939
9631 #EA 9630 2801
9632 #EA 9631 698
9633 #EA 9632 2682
9634 #EA 9633 5
9635 #EA 9634 121
9636 #EA 9629 9635
9637 #EA 3092 9636
9638 #EA 9637 477
9639 #EL #BD 188 9619 9638
9640 #EA 9623 9639
9641 #EA 1355 9619
9642 #EL #BD 1590 9641 343
9643 #EA 9640 9642
9644 #EA 1972 9643
9645 #EA 9625 366
9646 #EA 9645 9628
9647 #EA 9631 366
9648 #EA 9647 2682
9649 #EA 9648 5
9650 #EA 9649 82
9651 #EA 9646 9650
9652 #EA 3092 9651
9653 #EA 9652 477
9654 #EL #BD 188 9619 9653
9655 #EA 9623 9654
9656 #EA 9655 9642
9657 #EA 9644 9656
9658 #EL #BD 86 9618 9657
9659 #EA 9617 9658
9660 #EA 3831 2778
9661 #EA 9660 910
9662 #EA 9659 9661
2136 #NI 2113 167
9663 #EA 1355 9616
9664 #EA 8775 9657
9665 #EA 9502 343
9666 #EA 9664 9665
9667 #EA 8702 9657
9668 #EA 9667 9665
9669 #EA 5900 9668
9670 #EC 1901 1 1
9671 #EA 9670 0
9672 #EA 9671 20
9673 #EA 9672 9644
9674 #EA 9673 9502
9675 #EA 9674 9656
9676 #EA 9675 343
9677 #EA 5302 0
9678 #EA 9677 48
9679 #EA 9678 9643
9680 #EA 9679 343
9681 #EA 9680 1972
9682 #EC 1922 1
9683 #EA 9682 9619
9684 #EA 9683 9622
9685 #EA 9684 5
9686 #EA 9685 0
9687 #EA 9686 9639
9688 #EA 9687 9642
9689 #EA 9681 9688
9690 #EA 9676 9689
9691 #EA 9686 9654
9692 #EA 9691 9642
9693 #EA 9690 9692
9694 #EA 9669 9693
9695 #EA 9666 9694
9696 #EA 9695 9548
9697 #EL #BD 2136 9663 9696
9698 #EA 9662 9697
9699 #EA 7110 2799
9700 #EA 9699 2593
9701 #EA 9700 366
9702 #EA 5251 911
9703 #EA 9702 2799
9704 #EA 9701 9703
9705 #EA 5498 911
9706 #EA 9705 2799
9707 #EA 9706 366
9708 #EA 9707 2593
9709 #EA 9708 5
9710 #EA 9709 82
9711 #EA 9704 9710
9712 #EA 3092 9711
9713 #EA 9712 477
9714 #EA 1972 9713
9715 #EA 9700 121
9716 #EA 9715 9703
9717 #EA 9706 121
9718 #EA 9717 2593
9719 #EA 9718 5
9720 #EA 9719 10
9721 #EA 9716 9720
9722 #EA 3092 9721
9723 #EA 9722 477
9724 #EA 9714 9723
9725 #EA 9664 9724
9726 #EA 9667 9724
9727 #EA 5900 9726
9728 #EA 9673 9714
9729 #EA 9728 9656
9730 #EA 9729 9723
9731 #EA 9679 9713
9732 #EA 9731 1972
9733 #EC 2031 1
9734 #EA 9733 9619
9735 #EA 9734 9622
9736 #EA 9735 5
9737 #EA 9736 0
9738 #EA 9737 9639
9739 #EA 9738 9642
9740 #EA 9732 9739
9741 #EA 9730 9740
9742 #EA 9737 9654
9743 #EA 9742 9642
9744 #EA 9741 9743
9745 #EA 9727 9744
9746 #EA 9725 9745
9747 #EA 8775 9724
9748 #EA 1972 9723
9749 #EA 9748 9723
9750 #EA 9747 9749
9751 #EA 8702 9724
9752 #EA 9751 9749
9753 #EA 5900 9752
9754 #EA 9677 20
9755 #EA 9754 9711
9756 #EA 9755 9721
9757 #EA 1972 5529
9758 #EA 9648 8
9759 #EA 9758 82
9760 #EA 9646 9759
9761 #EA 3092 9760
9762 #EA 9761 477
9763 #EA 9757 9762
9764 #EL #BD 1973 0 9763
9765 #EA 9756 9764
9766 #EA 5199 9703
9767 #EA 9766 121
9768 #EA 9767 9710
9769 #EA 9768 9720
9770 #EA 9765 9769
9771 #EA 9753 9770
9772 #EA 9750 9771
9773 #EA 2959 9723
9774 #EA 9772 9773
9775 #EA 9746 9774
9776 #EL #BD 2136 9616 9775
9777 #EA 9698 9776
9778 #EA 9615 9777
9779 #EL #BD 2106 9606 9778
9780 #EL #BD 1088 9605 9779
9781 #EL #BD 1081 9604 9780
9782 #EL #BD 2077 0 9781
9783 #EL #BD 2066 0 9782
9784 #EA 9603 9783
9785 #EA 9784 121
9786 #EL #BD 1088 4637 9785
9787 #EL #BD 1081 9430 9786
9788 #EL #BD 2077 0 9787
9789 #EL #BD 86 0 9788
9790 #EL #BD 82 9429 9789
9791 #EL #BD 2066 0 9790
9792 #EA 9412 9791
9793 #EA 9792 698
9794 #EA 9793 82
9795 #EA 9794 8
9796 #EA 9795 5
9797 #EL #BD 1088 9379 9796
9798 #EL #BD 1081 4638 9797
9799 #EL #BD 1231 4693 9798
9800 #EL #BD 2077 0 9799
9801 #EL #BD 2066 0 9800
9802 #EL #BD 1021 0 9801
9803 #EL #BD 86 0 9802
#DEF 2064 9395 9803 
2137 #NS 1 div_eq
9804 #EA 7164 8
9805 #EA 9804 5
9806 #EA 1972 9805
9807 #EA 5568 4687
9808 #EC 1872 
9809 #EA 9808 4683
9810 #EA 9809 4686
9811 #EA 9810 5543
9812 #EA 5571 8
9813 #EA 9811 9812
9814 #EA 9807 9813
9815 #EA 7164 5253
9816 #EA 9815 5
9817 #EA 3092 9816
9818 #EA 9817 477
9819 #EA 9814 9818
9820 #EA 9819 343
9821 #EA 9806 9820
9822 #EP #BD 1021 0 9821
9823 #EP #BD 86 0 9822
9824 #EA 5900 9821
9825 #EA 7126 8
9826 #EA 9825 5
9827 #EA 1972 9826
9828 #EA 7126 5253
9829 #EA 9828 5
9830 #EA 3092 9829
9831 #EA 9830 477
9832 #EA 9814 9831
9833 #EA 9832 343
9834 #EA 9827 9833
9835 #EA 5900 9834
9836 #EA 5719 4683
9837 #EA 1357 4683
9838 #EA 7110 10
9839 #EA 9838 5
9840 #EA 9839 2068
9841 #EA 9840 82
9842 #EA 9841 6540
9843 #EL #BD 1231 4689 9842
9844 #EA 6535 9843
9845 #EL #BD 1591 6544 343
9846 #EA 9844 9845
9847 #EA 1972 9846
9848 #EA 5568 4692
9849 #EA 9808 4689
9850 #EA 9849 4691
9851 #EA 9850 6534
9852 #EA 6627 10
9853 #EA 9851 9852
9854 #EA 9848 9853
9855 #EA 42 5319
9856 #EA 9839 9855
9857 #EA 9856 5319
9858 #EA 5550 5319
9859 #EA 9857 9858
9860 #EL #BD 1231 4689 9859
9861 #EA 6535 9860
9862 #EA 9861 9845
9863 #EA 3092 9862
9864 #EA 9863 477
9865 #EA 9854 9864
9866 #EA 9865 343
9867 #EA 9847 9866
9868 #EL #BD 86 9837 9867
9869 #EA 9836 9868
9870 #EA 9869 5543
2138 #NI 2110 2011346067
2139 #NS 2138 _hygCtx
2140 #NS 2139 _hyg
2141 #NI 2140 62
9871 #EA 8775 9867
9872 #EA 3092 343
9873 #EA 9872 477
9874 #EA 9854 9873
9875 #EA 9874 343
9876 #EA 9502 9875
9877 #EA 9871 9876
9878 #EA 8702 9867
9879 #EA 9878 9876
9880 #EA 5900 9879
9881 #EA 9672 9847
9882 #EA 9881 9502
9883 #EA 9882 9866
9884 #EA 9883 9875
9885 #EA 9678 9846
9886 #EA 9885 343
9887 #EA 9886 1972
9888 #EA 9682 4689
9889 #EA 9888 6534
9890 #EA 9889 5
9891 #EA 9890 0
9892 #EA 9891 9843
9893 #EA 9892 9845
9894 #EA 9887 9893
9895 #EA 9884 9894
9896 #EC 1958 1
9897 #EA 9896 0
9898 #EA 9897 4692
9899 #EA 9898 4692
9900 #EA 9899 9864
9901 #EA 9900 343
9902 #EA 9901 9873
9903 #EA 9902 343
9904 #EA 9903 9853
9905 #EA 9904 9853
9906 #EA 2117 20
9907 #EA 9906 4692
9908 #EA 9905 9907
9909 #EC 1975 1 1
9910 #EA 9909 0
9911 #EA 9910 0
9912 #EA 5542 10
9913 #EA 6551 9912
9914 #EA 7110 82
9915 #EA 9914 5
9916 #EA 42 5362
9917 #EA 9915 9916
9918 #EA 9917 5362
9919 #EA 5550 5362
9920 #EA 9918 9919
9921 #EL #BD 1231 4693 9920
9922 #EA 9913 9921
9923 #EL #BD 1591 6560 343
9924 #EA 9922 9923
9925 #EA 3092 9924
9926 #EA 9911 9925
9927 #EA 9926 9872
9928 #EA 9677 1
9929 #EA 9928 9924
9930 #EA 9929 343
9931 #EA 9930 3092
9932 #EA 9682 4693
9933 #EA 9932 9912
9934 #EA 9933 8
9935 #EA 9934 0
9936 #EA 9935 9921
9937 #EA 9936 9923
9938 #EA 9931 9937
9939 #EA 9927 9938
9940 #EA 9939 477
9941 #EL #BD 22 4692 9940
9942 #EA 9908 9941
9943 #EA 1355 4692
9944 #EL #BD 22 9943 9548
9945 #EA 9942 9944
9946 #EA 9895 9945
9947 #EA 9880 9946
9948 #EA 9877 9947
9949 #EA 9071 9876
9950 #EA 9074 9876
9951 #EA 9950 9665
9952 #EA 9951 1801
9953 #EA 9754 9875
9954 #EA 9953 343
9955 #EA 9954 9502
9956 #EC 2018 1
9957 #EA 9956 0
9958 #EA 9957 4692
9959 #EA 9958 9853
9960 #EA 9959 9873
9961 #EA 9960 343
9962 #EA 9074 4692
9963 #EA 9143 4691
9964 #EA 9962 9963
9965 #EA 9964 1352
9966 #EA 9909 20
9967 #EA 9966 20
9968 #EA 9967 4690
9969 #EA 9968 9143
9970 #EA 5302 20
9971 #EA 9970 551
9972 #EA 9971 4689
9973 #EA 9972 1352
9974 #EA 9973 553
9975 #EA 9148 4689
9976 #EA 9975 5
9977 #EA 9974 9976
9978 #EA 9969 9977
9979 #EA 9978 4691
9980 #EA 9965 9979
9981 #EC 2024 
9982 #EA 9981 4691
9983 #EA 9980 9982
9984 #EA 9961 9983
9985 #EA 9955 9984
9986 #EA 9952 9985
9987 #EC 2017 1
9988 #EA 9987 0
9989 #EA 9988 343
9990 #EA 9986 9989
9991 #EA 9949 9990
9992 #EA 9948 9991
9993 #EL #BD 2141 5555 9992
9994 #EA 9870 9993
9995 #EA 1972 7115
9996 #EA 42 5398
9997 #EA 7112 9996
9998 #EA 9997 5398
9999 #EA 5550 5398
10000 #EA 9998 9999
10001 #EA 3092 10000
10002 #EA 10001 477
10003 #EA 9854 10002
10004 #EA 10003 343
10005 #EA 9995 10004
10006 #EA 9871 10005
10007 #EA 9878 10005
10008 #EA 5900 10007
10009 #EA 9881 9995
10010 #EA 10009 9866
10011 #EA 10010 10004
10012 #EA 9885 7115
10013 #EA 10012 1972
10014 #EA 9733 4689
10015 #EA 10014 6534
10016 #EA 10015 5
10017 #EA 10016 0
10018 #EA 10017 9843
10019 #EA 10018 9845
10020 #EA 10013 10019
10021 #EA 10011 10020
10022 #EA 9901 10002
10023 #EA 10022 343
10024 #EA 10023 9853
10025 #EA 10024 9853
10026 #EA 10025 9907
10027 #EA 9838 8
10028 #EA 10027 9855
10029 #EA 10028 5319
10030 #EA 10029 9858
10031 #EA 3092 10030
10032 #EA 9926 10031
10033 #EA 9929 10030
10034 #EA 10033 3092
10035 #EA 9733 4693
10036 #EA 10035 9912
10037 #EA 10036 8
10038 #EA 10037 0
10039 #EA 10038 9921
10040 #EA 10039 9923
10041 #EA 10034 10040
10042 #EA 10032 10041
10043 #EA 10042 477
10044 #EL #BD 22 4692 10043
10045 #EA 10026 10044
10046 #EA 10045 9944
10047 #EA 10021 10046
10048 #EA 10008 10047
10049 #EA 10006 10048
10050 #EA 8775 10005
10051 #EA 5490 4691
10052 #EA 10051 9852
10053 #EA 10027 82
10054 #EA 10053 5319
10055 #EA 6482 10
10056 #EA 10055 82
10057 #EA 10056 8
10058 #EA 10057 5
10059 #EA 10058 6540
10060 #EA 10054 10059
10061 #EA 3092 10060
10062 #EA 10061 477
10063 #EL #BD 188 4691 10062
10064 #EA 10052 10063
10065 #EA 1355 4691
10066 #EL #BD 1590 10065 343
10067 #EA 10064 10066
10068 #EA 1972 10067
10069 #EA 10068 10004
10070 #EA 10050 10069
10071 #EA 8702 10005
10072 #EA 10071 10069
10073 #EA 5900 10072
10074 #EA 9754 7115
10075 #EA 10074 10067
10076 #EA 553 4693
10077 #EA 10076 5410
10078 #EA 5568 10077
10079 #EA 9808 4693
10080 #EA 10079 5410
10081 #EA 10080 9912
10082 #EA 3831 10
10083 #EA 10082 82
10084 #EA 10081 10083
10085 #EA 10078 10084
10086 #EA 10031 477
10087 #EA 10085 10086
10088 #EA 10087 343
10089 #EA 4854 10088
10090 #EL #BD 1973 0 10089
10091 #EA 10075 10090
10092 #EC 2037 
10093 #EA 10092 8
10094 #EA 10093 5
10095 #EA 10094 10
10096 #EA 10095 10
10097 #EA 10096 5551
10098 #EA 10091 10097
10099 #EA 10073 10098
10100 #EA 10070 10099
10101 #EA 5719 4691
10102 #EA 1357 4691
10103 #EA 5490 5410
10104 #EA 10103 10083
10105 #EA 9914 10
10106 #EA 10105 121
10107 #EA 10106 5362
10108 #EA 5498 121
10109 #EA 10108 82
10110 #EA 10109 121
10111 #EA 10110 10
10112 #EA 10111 5
10113 #EA 10112 6556
10114 #EA 10107 10113
10115 #EA 3092 10114
10116 #EA 10115 477
10117 #EL #BD 188 5410 10116
10118 #EA 10104 10117
10119 #EA 1355 5410
10120 #EL #BD 1590 10119 343
10121 #EA 10118 10120
10122 #EA 1972 10121
10123 #EA 10122 10088
10124 #EL #BD 86 10102 10123
10125 #EA 10101 10124
10126 #EA 10125 9852
2142 #NI 2140 99
10127 #EA 8775 10123
10128 #EA 9502 10088
10129 #EA 10127 10128
10130 #EA 8702 10123
10131 #EA 10130 10128
10132 #EA 5900 10131
10133 #EA 9910 20
10134 #EA 10133 10122
10135 #EA 10134 9502
10136 #EA 9678 10121
10137 #EA 10136 343
10138 #EA 10137 1972
10139 #EA 9682 5410
10140 #EA 10139 10083
10141 #EA 10140 5
10142 #EA 10141 0
10143 #EA 10142 10117
10144 #EA 10143 10120
10145 #EA 10138 10144
10146 #EA 10135 10145
10147 #EA 10146 10088
10148 #EA 10132 10147
10149 #EA 10129 10148
10150 #EA 9071 10128
10151 #EA 9074 10128
10152 #EA 10151 9665
10153 #EA 10152 1801
10154 #EA 9754 10088
10155 #EA 10154 343
10156 #EA 10155 9502
10157 #EA 9957 10077
10158 #EA 10157 10084
10159 #EA 10158 10086
10160 #EA 10159 343
10161 #EA 9074 10077
10162 #EA 553 1801
10163 #EA 10162 1352
10164 #EA 10161 10163
10165 #EA 10164 1352
10166 #EA 9670 20
10167 #EA 10166 20
10168 #EA 10167 10076
10169 #EA 10168 10162
10170 #EA 10169 5410
10171 #EA 10170 1352
10172 #EA 9971 4693
10173 #EA 10172 1801
10174 #EA 10173 553
10175 #EA 9052 4693
10176 #EA 10175 8
10177 #EA 10174 10176
10178 #EA 10171 10177
10179 #EA 9148 5410
10180 #EA 10179 5
10181 #EA 10178 10180
10182 #EA 10165 10181
10183 #EC 2040 
10184 #EA 10183 1801
10185 #EA 10182 10184
10186 #EA 10160 10185
10187 #EA 10156 10186
10188 #EA 10153 10187
10189 #EA 10188 9989
10190 #EA 10150 10189
10191 #EA 10149 10190
10192 #EL #BD 2142 10065 10191
10193 #EA 10126 10192
10194 #EA 1972 10062
10195 #EA 10194 10088
10196 #EA 10127 10195
10197 #EA 10130 10195
10198 #EA 5900 10197
10199 #EA 10134 10194
10200 #EA 10136 10062
10201 #EA 10200 1972
10202 #EA 9733 5410
10203 #EA 10202 10083
10204 #EA 10203 5
10205 #EA 10204 0
10206 #EA 10205 10117
10207 #EA 10206 10120
10208 #EA 10201 10207
10209 #EA 10199 10208
10210 #EA 10209 10088
10211 #EA 10198 10210
10212 #EA 10196 10211
10213 #EA 8775 10195
10214 #EA 10194 10086
10215 #EA 10213 10214
10216 #EA 8702 10195
10217 #EA 10216 10214
10218 #EA 5900 10217
10219 #EA 10154 10086
10220 #EA 10219 10194
10221 #EC 2046 1
10222 #EA 10221 0
10223 #EA 10222 10077
10224 #EA 10223 10084
10225 #EA 10224 10086
10226 #EA 10225 343
10227 #EA 10162 1801
10228 #EA 10161 10227
10229 #EA 10228 1801
10230 #EA 10170 1801
10231 #EA 10230 10177
10232 #EA 9052 5410
10233 #EA 10232 5
10234 #EA 10231 10233
10235 #EA 10229 10234
10236 #EC 2051 
10237 #EA 10236 1801
10238 #EA 10235 10237
10239 #EA 10226 10238
10240 #EA 10220 10239
10241 #EA 10218 10240
10242 #EA 10215 10241
10243 #EC 750 0 0 0
10244 #EA 10243 10
10245 #EA 10244 8
10246 #EA 10245 5
2143 #NS 0 e_a
2144 #NS 2143 _@
2145 #NS 2144 _internal
2146 #NS 2145 _hyg
2147 #NI 2146 0
10247 #EA 1665 366
10248 #EA 10247 8
10249 #EA 10248 5
10250 #EA 1969 698
10251 #EA 10250 10
10252 #EA 1665 860
10253 #EA 10252 82
10254 #EA 10253 5
10255 #EA 1665 911
10256 #EA 10255 8
10257 #EA 10256 5
10258 #EA 3084 2536
10259 #EA 10258 939
10260 #EA 10259 911
10261 #EA 10260 910
10262 #EA 10261 860
10263 #EA 10262 10
10264 #EA 10255 10263
10265 #EA 10261 121
10266 #EA 10265 8
10267 #EA 10264 10266
10268 #EP #BD 2147 10257 10267
10269 #EP #BD 22 910 10268
10270 #EP #BD 22 860 10269
10271 #EL #BD 2147 10254 10270
10272 #EL #BD 22 698 10271
10273 #EA 10251 10272
10274 #EA 10252 8
10275 #EA 10274 5
10276 #EA 1969 910
10277 #EA 10276 10
10278 #EA 10255 82
10279 #EA 10278 5
10280 #EA 10262 121
10281 #EA 10255 10280
10282 #EA 10262 8
10283 #EA 10281 10282
10284 #EL #BD 2147 10279 10283
10285 #EL #BD 22 910 10284
10286 #EA 10277 10285
10287 #EA 2117 860
10288 #EA 3084 911
10289 #EA 10288 910
10290 #EA 10289 860
10291 #EA 10290 698
10292 #EA 10291 366
10293 #EA 10292 10
10294 #EA 10287 10293
10295 #EA 10286 10294
10296 #EA 10295 8
10297 #EA 10296 5
10298 #EL #BD 2147 10275 10297
10299 #EL #BD 22 698 10298
10300 #EL #BD 22 366 10299
10301 #EA 10273 10300
10302 #EA 10301 8
10303 #EA 10302 5
10304 #EL #BD 2147 10249 10303
10305 #EL #BD 22 121 10304
10306 #EL #BD 22 82 10305
10307 #EL #BC 24 10246 10306
10308 #EL #BI 40 2 10307
10309 #EL #BI 38 2 10308
10310 #EL #BI 7 2 10309
10311 #EA 10310 0
10312 #EA 10311 0
10313 #EA 10312 0
10314 #EA 10313 3091
10315 #EA 10314 10060
10316 #EA 10315 10030
10317 #EC 2064 
10318 #EA 10317 5319
10319 #EA 10318 10
10320 #EA 10319 82
10321 #EA 10320 9855
10322 #EA 10321 8
10323 #EA 10322 10059
10324 #EA 10323 9858
10325 #EA 10316 10324
10326 #EA 10325 477
10327 #EA 10326 477
10328 #EA 2959 477
10329 #EA 10327 10328
10330 #EA 10242 10329
10331 #EA 10212 10330
10332 #EL #BD 2142 4691 10331
10333 #EA 10193 10332
10334 #EA 10100 10333
10335 #EA 10049 10334
10336 #EL #BD 2141 4683 10335
10337 #EA 9994 10336
10338 #EA 9835 10337
10339 #EA 9824 10338
10340 #EL #BD 1021 0 10339
10341 #EL #BD 86 0 10340
#DEF 2137 9823 10341 
2148 #NS 0 inferInstance
#DEF 2148 5887 5889 8
2149 #NS 2061 div_lt_self
2150 #NS 2149 match_1_1
#DEF 2150 4708 4725 
2151 #NS 0 Acc
2152 #NS 2151 intro
10342 #EA 1386 8
10343 #EC 2151 2
10344 #EA 10343 121
10345 #EA 10344 82
10346 #EA 10345 8
10347 #EP #BD 22 10342 10346
10348 #EP #BD 1021 10 10347
10349 #EA 10343 82
10350 #EA 10349 10
10351 #EA 10350 8
10352 #EP #BD 188 10348 10351
10353 #EP #BD 86 8 10352
10354 #EP #BI 232 22 10353
10355 #EP #BI 7 72 10354
10356 #EP #BD 232 22 21
10357 #EP #BI 7 72 10356
#IND 2 2151 10357 1 2152 10355 8
2153 #NS 1705 intro
10358 #EA 10343 10
10359 #EA 10358 8
10360 #EA 10359 5
10361 #EP #BD 18 8 10360
10362 #EC 1705 2
10363 #EA 10362 10
10364 #EA 10363 8
10365 #EP #BD 188 10361 10364
10366 #EP #BI 232 22 10365
10367 #EP #BI 7 72 10366
10368 #EP #BD 232 22 20
10369 #EP #BI 7 72 10368
#IND 2 1705 10369 1 2153 10367 8
2154 #NS 1705 fixF
10370 #EP #BD 22 8 194
10371 #EA 237 8
10372 #EP #BD 22 10371 215
10373 #EP #BD 1021 82 10372
10374 #EP #BD 22 10373 229
10375 #EP #BD 86 10 10374
10376 #EA 10345 5
10377 #EP #BD 18 10376 215
10378 #EP #BD 86 82 10377
10379 #EP #BD 1734 10375 10378
10380 #EP #BI 504 10370 10379
10381 #EP #BI 232 22 10380
10382 #EP #BI 7 72 10381
2155 #NS 2151 rec
10383 #EC 2155 4 2
10384 #EA 10383 366
10385 #EA 10384 121
10386 #EA 10343 698
10387 #EA 10386 366
10388 #EA 10387 5
10389 #EL #BD 18 10388 367
10390 #EL #BD 86 366 10389
10391 #EA 10385 10390
2156 #NS 0 x₁
2157 #NI 1757 916566324
2158 #NS 2157 _hygCtx
2159 #NS 2158 _hyg
2160 #NI 2159 41
10392 #EA 1464 8
10393 #EA 10343 910
10394 #EA 10393 860
10395 #EA 10394 8
10396 #EP #BD 22 10392 10395
10397 #EP #BD 1021 698 10396
10398 #EA 1575 10
10399 #EP #BD 22 10398 2045
10400 #EP #BD 1021 860 10399
10401 #EL #BD 637 10400 4580
10402 #EL #BD 2160 10397 10401
10403 #EL #BD 2156 366 10402
10404 #EA 10391 10403
10405 #EA 10404 8
10406 #EA 10405 5
10407 #EL #BD 18 10376 10406
10408 #EL #BD 86 82 10407
10409 #EL #BD 1734 10375 10408
10410 #EL #BI 504 10370 10409
10411 #EL #BI 232 22 10410
10412 #EL #BI 7 72 10411
#DEF 2154 10382 10412 8 39
2161 #NS 1705 apply
2162 #NS 0 wf
10413 #EA 10362 8
10414 #EA 10413 5
10415 #EA 10350 5
10416 #EP #BD 18 10 10415
10417 #EP #BD 2162 10414 10416
10418 #EP #BI 232 22 10417
10419 #EP #BI 7 72 10418
2163 #NS 1705 rec
10420 #EC 2163 0 2
10421 #EA 10420 82
10422 #EA 10421 10
2164 #NI 1710 2049973126
2165 #NS 2164 _hygCtx
2166 #NS 2165 _hyg
2167 #NI 2166 17
10423 #EA 10362 82
10424 #EA 10423 10
2168 #NI 2166 16
10425 #EA 10343 366
10426 #EA 10425 121
10427 #EA 10426 5
10428 #EP #BD 2168 121 10427
10429 #EL #BD 2167 10424 10428
10430 #EA 10422 10429
10431 #EP #BD 18 82 10376
10432 #EL #BD 408 10431 5
10433 #EA 10430 10432
10434 #EA 10433 8
10435 #EA 10434 5
10436 #EL #BD 18 10 10435
10437 #EL #BD 2162 10414 10436
10438 #EL #BI 232 22 10437
10439 #EL #BI 7 72 10438
#DEF 2161 10419 10439 8
2169 #NS 1705 fix
2170 #NS 0 hwf
10440 #EA 10363 5
10441 #EP #BD 22 10371 367
10442 #EP #BD 1021 121 10441
10443 #EP #BD 22 10442 257
10444 #EP #BD 86 82 10443
10445 #EP #BD 86 121 324
10446 #EP #BD 1734 10444 10445
10447 #EP #BD 2170 10440 10446
10448 #EP #BI 232 29 10447
10449 #EP #BI 504 7544 10448
10450 #EP #BI 7 72 10449
10451 #EC 2154 2 4
10452 #EA 10451 366
10453 #EA 10452 82
10454 #EA 10453 121
10455 #EA 10454 8
10456 #EA 10455 5
10457 #EC 2161 2
10458 #EA 10457 366
10459 #EA 10458 82
10460 #EA 10459 10
10461 #EA 10460 5
10462 #EA 10456 10461
10463 #EL #BD 86 121 10462
10464 #EL #BD 1734 10444 10463
10465 #EL #BD 2170 10440 10464
10466 #EL #BI 232 29 10465
10467 #EL #BI 504 7544 10466
10468 #EL #BI 7 72 10467
#DEF 2169 10450 10468 8 39
2171 #NS 0 WellFoundedRelation
2172 #NS 2171 mk
2173 #NS 0 rel
10469 #EC 2171 2
10470 #EA 10469 10
10471 #EP #BD 2162 10414 10470
10472 #EP #BD 2173 22 10471
10473 #EP #BI 7 72 10472
#IND 1 2171 1526 1 2172 10473 8
2174 #NS 2171 rel
10474 #EA 10469 5
10475 #EP #BC 24 10474 29
10476 #EP #BI 7 72 10475
10477 #EJ 2171 0 5
10478 #EL #BC 24 10474 10477
10479 #EL #BD 7 72 10478
#DEF 2174 10476 10479 8
2175 #NS 1 recAux
10480 #EA 82 5307
10481 #EP #BD 22 1386 10480
10482 #EP #BD 4 0 10481
10483 #EP #BD 76 0 237
10484 #EP #BD 99 10482 10483
10485 #EP #BD 98 4910 10484
10486 #EP #BI 75 205 10485
10487 #EA 321 350
10488 #EA 10487 10
10489 #EA 10488 8
10490 #EA 10489 5
10491 #EL #BD 76 0 10490
10492 #EL #BD 99 10482 10491
10493 #EL #BD 98 4910 10492
10494 #EL #BI 75 205 10493
#DEF 2175 10486 10494 8
2176 #NS 546 WF
2177 #NI 2176 0
2178 #NS 2177 Nat
2179 #NS 2178 lt_wfRel
2180 #NS 2179 match_1
#DEF 2180 6016 6033 
2181 #NS 2151 recOn
10495 #EP #BD 76 10360 335
10496 #EP #BD 22 8 10495
10497 #EA 755 8
10498 #EA 10343 860
10499 #EA 10498 698
10500 #EA 10499 8
10501 #EP #BD 22 10497 10500
10502 #EP #BD 1021 366 10501
2182 #NS 0 h_ih
10503 #EA 1464 10
10504 #EA 3856 798
10505 #EP #BD 22 10503 10504
10506 #EP #BD 1021 698 10505
10507 #EC 2152 2
10508 #EA 10507 860
10509 #EA 10508 698
10510 #EA 10509 10
10511 #EA 10510 8
10512 #EA 2236 10511
10513 #EP #BD 2182 10506 10512
10514 #EP #BD 188 10502 10513
10515 #EP #BD 86 121 10514
10516 #EP #BD 1017 10515 756
10517 #EP #BD 76 10415 10516
10518 #EP #BI 22 10 10517
10519 #EP #BI 75 10496 10518
10520 #EP #BI 232 22 10519
10521 #EP #BI 7 72 10520
10522 #EC 2155 11 2
10523 #EA 10522 366
10524 #EA 10523 121
10525 #EA 10524 82
10526 #EA 10525 5
10527 #EA 10526 10
10528 #EA 10527 8
10529 #EL #BD 1017 10515 10528
10530 #EL #BD 76 10415 10529
10531 #EL #BI 22 10 10530
10532 #EL #BI 75 10496 10531
10533 #EL #BI 232 22 10532
10534 #EL #BI 7 72 10533
#DEF 2181 10521 10534 49 8
2183 #NS 2151 inv
10535 #EA 215 10
10536 #EA 10426 10
10537 #EP #BD 768 10535 10536
10538 #EP #BD 693 10351 10537
10539 #EP #BI 1021 10 10538
10540 #EP #BI 86 8 10539
10541 #EP #BI 232 22 10540
10542 #EP #BI 7 72 10541
10543 #EC 2181 0 2
10544 #EA 10543 366
10545 #EA 10544 121
2184 #NI 1710 3294888691
2185 #NS 2184 _hygCtx
2186 #NS 2185 _hyg
2187 #NI 2186 23
2188 #NI 2186 22
2189 #NI 2186 21
10546 #EA 10394 366
10547 #EP #BD 2189 8180 10546
10548 #EL #BD 2188 10388 10547
10549 #EL #BD 2187 366 10548
10550 #EA 10545 10549
10551 #EA 10550 82
10552 #EA 10551 8
2190 #NI 2186 28
2191 #NS 0 ac₁
2192 #NI 2186 31
10553 #EA 910 698
10554 #EA 10553 8
10555 #EA 10343 939
10556 #EA 10555 911
10557 #EA 10556 860
10558 #EP #BD 2189 10554 10557
10559 #EP #BD 22 10398 10558
10560 #EP #BD 1021 860 10559
10561 #EA 8492 10
10562 #EA 6801 5
10563 #EL #BD 768 10561 10562
10564 #EL #BD 2192 10560 10563
10565 #EL #BD 2191 10397 10564
10566 #EL #BD 2190 366 10565
10567 #EA 10552 10566
10568 #EA 10567 5
10569 #EL #BD 768 10535 10568
10570 #EL #BD 693 10351 10569
10571 #EL #BI 1021 10 10570
10572 #EL #BI 86 8 10571
10573 #EL #BI 232 22 10572
10574 #EL #BI 7 72 10573
#DEF 2183 10542 10574 8
2193 #NS 1 lt_wfRel
2194 #NS 2193 _proof_3
10575 #EC 1705 1
10576 #EA 10575 0
10577 #EA 10576 7590
10578 #EC 2153 1
10579 #EA 10578 0
10580 #EA 10579 7590
10581 #EC 2175 0
10582 #EC 2151 1
10583 #EA 10582 0
10584 #EA 10583 7590
10585 #EA 10584 5
10586 #EL #BD 4 0 10585
10587 #EA 10581 10586
10588 #EC 2152 1
10589 #EA 10588 0
10590 #EA 10589 7590
10591 #EA 10590 343
2195 #NS 1021 _@
2196 #NS 2195 Init
2197 #NS 2196 WF
2198 #NI 2197 54674150
2199 #NS 2198 _hygCtx
2200 #NS 2199 _hyg
2201 #NI 2200 32
10592 #EA 3877 343
10593 #EA 3683 10592
10594 #EA 10584 8
10595 #EA 10593 10594
10596 #EA 10595 5
10597 #EA 10596 6440
10598 #EL #BD 188 5774 10597
10599 #EL #BD 2201 0 10598
10600 #EA 10591 10599
10601 #EA 10587 10600
10602 #EA 10590 43
10603 #EA 3790 82
10604 #EA 542 10603
10605 #EA 10604 9430
10606 #EA 6354 8
10607 #EA 10606 82
10608 #EA 5432 82
10609 #EA 10608 5
10610 #EA 10607 10609
10611 #EC 2180 
10612 #EA 10611 121
10613 #EA 10612 10
2202 #NS 685 _@
2203 #NS 2202 Init
2204 #NS 2203 WF
2205 #NI 2204 54674150
2206 #NS 2205 _hygCtx
2207 #NS 2206 _hyg
2208 #NI 2207 89
10614 #EA 5993 121
10615 #EA 542 10614
10616 #EA 3881 121
10617 #EA 10615 10616
10618 #EA 10584 82
10619 #EL #BD 2208 10617 10618
10620 #EA 10613 10619
10621 #EA 10620 5
10622 #EA 2625 82
10623 #EA 4225 10
10624 #EA 542 10623
10625 #EA 3925 10
10626 #EA 10624 10625
10627 #EA 10584 860
10628 #EP #BD 685 10626 10627
10629 #EP #BD 188 9604 10628
10630 #EP #BD 637 10585 10629
10631 #EL #BD 4 0 10630
10632 #EA 10622 10631
10633 #EA 3883 2775
10634 #EA 2622 366
10635 #EA 542 10634
10636 #EA 3893 366
10637 #EA 10635 10636
10638 #EL #BD 685 10637 10
10639 #EL #BD 188 10633 10638
10640 #EL #BD 637 10618 10639
10641 #EA 10632 10640
10642 #EA 10641 366
10643 #EA 10642 5
10644 #EA 10643 121
10645 #EA 10644 10
10646 #EA 10645 8
10647 #EL #BD 415 10614 10646
10648 #EA 10621 10647
10649 #EC 2183 1
10650 #EA 10649 0
10651 #EA 10650 7590
10652 #EA 10651 366
10653 #EA 10652 82
10654 #EA 10653 121
10655 #EA 10654 5
10656 #EL #BD 415 10616 10655
10657 #EA 10648 10656
10658 #EZ 685 10605 10610 10657
10659 #EL #BD 188 6445 10658
10660 #EL #BD 28 0 10659
10661 #EA 10602 10660
10662 #EL #BD 637 10585 10661
10663 #EL #BD 4 0 10662
10664 #EA 10601 10663
10665 #EA 10664 5
10666 #EL #BD 4 0 10665
10667 #EA 10580 10666
#DEF 2194 10577 10667 
10668 #EC 2171 1
10669 #EA 10668 0
10670 #EC 2172 1
10671 #EA 10670 0
10672 #EA 10671 7590
10673 #EC 2194 
10674 #EA 10672 10673
#DEF 2193 10669 10674 
2209 #NS 2171 wf
10675 #EC 2174 2
10676 #EA 10675 8
10677 #EA 10676 5
10678 #EA 10413 10677
10679 #EP #BC 24 10474 10678
10680 #EP #BI 7 72 10679
10681 #EJ 2171 1 5
10682 #EL #BC 24 10474 10681
10683 #EL #BD 7 72 10682
#DEF 2209 10680 10683 8
2210 #NS 1 strongRecOn
2211 #NS 0 ind
10684 #EP #BD 22 65 257
10685 #EP #BD 28 0 10684
10686 #EP #BD 22 10685 215
10687 #EP #BD 4 0 10686
10688 #EP #BD 2211 10687 229
10689 #EP #BD 4 0 10688
10690 #EP #BI 75 205 10689
10691 #EC 2169 1 2
10692 #EA 10691 0
10693 #EA 10692 10
10694 #EC 2174 1
10695 #EA 10694 0
10696 #EC 2193 
10697 #EA 10695 10696
10698 #EA 10693 10697
10699 #EC 2209 1
10700 #EA 10699 0
10701 #EA 10700 10696
10702 #EA 10698 10701
10703 #EA 10702 5
10704 #EA 10703 8
10705 #EL #BD 2211 10687 10704
10706 #EL #BD 4 0 10705
10707 #EL #BI 75 205 10706
#DEF 2210 10690 10707 8
2212 #NS 621 _simp_1
10708 #EA 8702 2168
10709 #EA 10708 1801
10710 #EP #BD 4 0 10709
10711 #EA 9052 2168
10712 #EA 10711 5692
10713 #EL #BD 4 0 10712
#DEF 2212 10710 10713 
2213 #NS 2061 div_le_self
2214 #NS 2213 match_1_1
2215 #NI 2110 3757837163
2216 #NS 2215 _hygCtx
2217 #NS 2216 _hyg
2218 #NI 2217 121
10714 #EA 4690 2487
10715 #EP #BD 2218 10714 20
10716 #EA 10076 4061
2219 #NS 0 hK
2220 #NS 0 hKN
10717 #EA 4656 6694
10718 #EA 10717 4561
10719 #EA 10718 8
10720 #EA 10719 5
10721 #EA 82 10720
10722 #EP #BD 2220 4080 10721
10723 #EP #BD 2219 4710 10722
10724 #EP #BD 112 10723 229
10725 #EP #BD 2218 10716 10724
10726 #EP #BD 75 10715 10725
10727 #EP #BD 4 0 10726
10728 #EP #BD 501 0 10727
10729 #EA 4709 4695
10730 #EA 10729 4080
10731 #EA 553 4695
10732 #EA 10731 4080
10733 #EL #BD 86 10732 237
10734 #EA 10730 10733
10735 #EA 10734 8
2221 #NS 1034 Data
2222 #NS 2221 Nat
2223 #NS 2222 Div
2224 #NS 2223 Basic
2225 #NI 2224 3757837163
2226 #NS 2225 _hygCtx
2227 #NS 2226 _hyg
2228 #NI 2227 131
2229 #NS 1041 Data
2230 #NS 2229 Nat
2231 #NS 2230 Div
2232 #NS 2231 Basic
2233 #NI 2232 3757837163
2234 #NS 2233 _hygCtx
2235 #NS 2234 _hyg
2236 #NI 2235 132
10736 #EL #BD 2236 4561 798
10737 #EL #BD 2228 4695 10736
10738 #EA 10735 10737
10739 #EL #BD 112 10723 10738
10740 #EL #BD 2218 10716 10739
10741 #EL #BD 75 10715 10740
10742 #EL #BD 4 0 10741
10743 #EL #BD 501 0 10742
#DEF 2214 10728 10743 
2237 #NS 1 succ_le_of_lt
10744 #EP #BD 188 3878 4874
10745 #EP #BI 28 0 10744
10746 #EP #BI 4 0 10745
10747 #EL #BD 188 3878 5
10748 #EL #BI 28 0 10747
10749 #EL #BI 4 0 10748
#DEF 2237 10746 10749 
2238 #NS 1 lt_of_le_of_lt
10750 #EP #BD 768 4637 4638
10751 #EP #BD 693 4061 10750
10752 #EP #BI 501 0 10751
10753 #EP #BI 28 0 10752
10754 #EP #BI 4 0 10753
10755 #EA 4644 2775
10756 #EA 10755 2068
10757 #EA 10756 10
10758 #EA 3147 121
10759 #EA 10758 82
10760 #EA 10759 8
10761 #EA 10757 10760
10762 #EA 10761 5
10763 #EL #BD 768 4637 10762
10764 #EL #BD 693 4061 10763
10765 #EL #BI 501 0 10764
10766 #EL #BI 28 0 10765
10767 #EL #BI 4 0 10766
#DEF 2238 10754 10767 
2239 #NS 1 div_le_self
10768 #EA 2166 9805
10769 #EA 10768 8
10770 #EP #BD 501 0 10769
10771 #EP #BD 4 0 10770
10772 #EC 2210 0
10773 #EA 7165 8
10774 #EA 2166 10773
10775 #EA 10774 5
10776 #EL #BD 4 0 10775
10777 #EA 10772 10776
10778 #EA 10777 8
10779 #EA 9804 82
10780 #EA 2166 10779
10781 #EA 10780 8
10782 #EP #BD 22 65 10781
10783 #EP #BD 28 0 10782
10784 #EA 9804 10
10785 #EA 2166 10784
10786 #EA 10785 8
10787 #EA 8775 10786
10788 #EA 5568 10716
10789 #EA 10079 4061
10790 #EA 10789 9912
10791 #EA 10082 8
10792 #EA 10790 10791
10793 #EA 10788 10792
10794 #EA 5252 10
10795 #EA 7164 10794
10796 #EA 10795 10
10797 #EA 3092 10796
10798 #EA 10797 477
10799 #EA 10793 10798
10800 #EA 10799 343
10801 #EA 2166 10800
10802 #EA 10801 8
10803 #EA 10787 10802
10804 #EA 8702 10786
10805 #EA 10804 10802
10806 #EA 5900 10805
10807 #EA 9754 10784
10808 #EA 10807 10800
10809 #EA 4685 10
10810 #EL #BD 1973 0 10809
10811 #EA 10808 10810
10812 #EC 2137 
10813 #EA 10812 8
10814 #EA 10813 10
10815 #EA 10811 10814
10816 #EA 10806 10815
10817 #EA 10803 10816
10818 #EA 5719 10716
2240 #NS 1740 Data
2241 #NS 2240 Nat
2242 #NS 2241 Div
2243 #NS 2242 Basic
2244 #NI 2243 3757837163
2245 #NS 2244 _hygCtx
2246 #NS 2245 _hyg
2247 #NI 2246 69
10819 #EA 1357 10716
10820 #EA 4713 4065
10821 #EA 1357 10820
10822 #EA 1665 10821
10823 #EC 2148 1
10824 #EA 10823 10821
10825 #EA 9808 4710
10826 #EA 10825 4065
10827 #EA 5542 82
10828 #EA 10826 10827
10829 #EA 3831 82
10830 #EA 10829 10
10831 #EA 10828 10830
10832 #EA 10824 10831
10833 #EA 10822 10832
10834 #EA 10833 5
10835 #EA 5568 10732
10836 #EA 9808 4695
10837 #EA 10836 4080
10838 #EA 5542 121
10839 #EA 10837 10838
10840 #EA 9192 82
10841 #EA 10839 10840
10842 #EA 10835 10841
10843 #EA 5269 121
10844 #EA 7164 10843
10845 #EA 10844 121
10846 #EA 3092 10845
10847 #EA 10846 477
10848 #EA 10842 10847
10849 #EA 10848 343
10850 #EA 2166 10849
10851 #EA 10850 82
10852 #EP #BD 188 10834 10851
10853 #EL #BD 2247 10819 10852
10854 #EA 10818 10853
10855 #EA 10823 10819
10856 #EA 10855 10792
10857 #EA 10854 10856
10858 #EA 1355 10716
2248 #NI 2217 70
10859 #EA 1367 10820
10860 #EA 10859 5
10861 #EA 10833 10860
10862 #EA 9071 10851
10863 #EA 9074 10851
10864 #EA 2167 82
10865 #EA 10863 10864
10866 #EA 10865 1801
10867 #EA 10133 10850
10868 #EA 10867 2167
10869 #EA 9678 10849
10870 #EA 10869 343
10871 #EA 10870 2166
10872 #EA 9957 10732
10873 #EA 10872 10841
10874 #EA 10873 10847
10875 #EA 10874 343
10876 #EA 9148 10732
10877 #EA 10876 8
10878 #EA 10875 10877
10879 #EA 10871 10878
10880 #EA 10868 10879
10881 #EA 10880 82
10882 #EA 10866 10881
10883 #EC 2212 
10884 #EA 10883 82
10885 #EA 10882 10884
10886 #EA 10862 10885
10887 #EL #BD 2248 10861 10886
10888 #EL #BD 188 10858 10887
10889 #EA 10857 10888
2249 #NI 2217 74
10890 #EA 1372 10820
10891 #EA 10890 5
10892 #EA 10833 10891
10893 #EA 2166 10847
10894 #EA 10893 82
10895 #EC 2214 
10896 #EA 10895 121
10897 #EA 10896 82
10898 #EA 5361 366
10899 #EA 7164 10898
10900 #EA 10899 366
10901 #EA 3092 10900
10902 #EA 10901 477
10903 #EA 2166 10902
10904 #EA 10903 121
10905 #EL #BD 2218 10732 10904
10906 #EA 10897 10905
10907 #EA 10906 8
10908 #EA 5437 698
10909 #EA 63 10908
10910 #EA 10909 366
10911 #EA 5411 366
10912 #EA 10911 698
10913 #EA 5415 698
10914 #EA 10913 366
10915 #EA 10914 8
10916 #EA 10915 5
10917 #EA 10912 10916
10918 #EA 10917 8
10919 #EA 5251 698
10920 #EA 10919 860
10921 #EA 7164 10920
10922 #EA 10921 860
10923 #EA 2166 10922
10924 #EA 10923 10920
10925 #EA 366 10920
10926 #EA 10925 5
10927 #EC 2237 
10928 #EA 5251 860
10929 #EA 10928 910
10930 #EA 7164 10929
10931 #EA 10930 910
10932 #EA 10927 10931
10933 #EA 10932 860
10934 #EC 2238 
10935 #EA 10934 10931
10936 #EA 10935 10929
10937 #EA 10936 860
10938 #EA 10937 5
10939 #EA 10938 8
10940 #EA 10933 10939
10941 #EZ 685 10924 10926 10940
10942 #EZ 936 10910 10918 10941
10943 #EL #BD 2220 4561 10942
10944 #EL #BD 2219 4695 10943
10945 #EA 10907 10944
10946 #EA 553 6694
10947 #EA 10946 4561
10948 #EA 5568 10947
10949 #EA 9808 6694
10950 #EA 10949 4561
10951 #EA 5542 366
10952 #EA 10950 10951
10953 #EA 6447 121
10954 #EA 10952 10953
10955 #EA 10948 10954
10956 #EA 10955 10902
10957 #EA 10956 343
10958 #EA 2166 10957
10959 #EA 10958 121
10960 #EA 9071 10959
10961 #EA 9074 10959
10962 #EA 10961 10904
10963 #EA 10962 1801
10964 #EA 10133 10958
10965 #EA 10964 10903
10966 #EA 9678 10957
10967 #EA 10966 10902
10968 #EA 10967 2166
10969 #EA 10222 10947
10970 #EA 10969 10954
10971 #EA 10970 10902
10972 #EA 10971 343
10973 #EA 9074 10947
10974 #EA 10973 10227
10975 #EA 10974 1801
10976 #EA 10167 10946
10977 #EA 10976 10162
10978 #EA 10977 4561
10979 #EA 10978 1801
10980 #EA 9971 6694
10981 #EA 10980 1801
10982 #EA 10981 553
10983 #EA 9052 6694
10984 #EJ 190 0 10
10985 #EA 10983 10984
10986 #EA 10982 10985
10987 #EA 10979 10986
10988 #EA 9052 4561
10989 #EJ 190 1 10
10990 #EA 10988 10989
10991 #EA 10987 10990
10992 #EA 10975 10991
10993 #EA 10992 10237
10994 #EA 10972 10993
10995 #EA 10968 10994
10996 #EA 10965 10995
10997 #EA 10996 121
10998 #EA 10963 10997
10999 #EA 9052 10904
11000 #EA 10999 5
11001 #EA 10998 11000
11002 #EA 10960 11001
11003 #EZ 685 10894 10945 11002
11004 #EL #BD 2249 10892 11003
11005 #EL #BD 188 10716 11004
11006 #EA 10889 11005
11007 #EA 2117 10819
11008 #EA 11007 10856
11009 #EA 11006 11008
11010 #EA 10817 11009
11011 #EL #BD 637 10783 11010
11012 #EL #BD 4 0 11011
11013 #EA 10778 11012
11014 #EL #BD 501 0 11013
11015 #EL #BD 4 0 11014
#DEF 2239 10771 11015 
2250 #NS 0 Exists
2251 #NS 2250 intro
11016 #EC 2250 2
11017 #EA 11016 82
11018 #EA 11017 10
11019 #EP #BD 188 356 11018
11020 #EP #BD 41 8 11019
11021 #EP #BI 408 1797 11020
11022 #EP #BI 7 72 11021
11023 #EP #BD 408 1797 20
11024 #EP #BI 7 72 11023
#IND 2 2250 11024 1 2251 11022 8
2252 #NS 2250 casesOn
11025 #EA 11016 8
11026 #EA 11025 5
11027 #EP #BD 76 11026 20
11028 #EA 11016 10
11029 #EA 11028 8
11030 #EC 2251 2
11031 #EA 11030 366
11032 #EA 11031 121
11033 #EA 11032 8
11034 #EA 11033 5
11035 #EA 82 11034
11036 #EP #BD 188 237 11035
11037 #EP #BD 41 82 11036
11038 #EP #BD 1017 11037 229
11039 #EP #BD 76 11029 11038
11040 #EP #BI 75 11027 11039
11041 #EP #BI 408 1797 11040
11042 #EP #BI 7 72 11041
2253 #NS 2250 rec
11043 #EC 2253 2
11044 #EA 11043 121
11045 #EA 11044 82
11046 #EA 11045 10
11047 #EA 11046 7872
11048 #EA 11047 8
11049 #EL #BD 1017 11037 11048
11050 #EL #BD 76 11029 11049
11051 #EL #BI 75 11027 11050
11052 #EL #BI 408 1797 11051
11053 #EL #BI 7 72 11052
#DEF 2252 11042 11053 8
2254 #NS 2057 Basic
2255 #NI 2254 0
2256 #NS 2255 Nat
2257 #NS 2256 add_le_of_le_sub
2258 #NS 2257 match_1_1
2259 #NS 2089 Basic
2260 #NI 2259 2597188415
2261 #NS 2260 _hygCtx
2262 #NS 2261 _hyg
2263 #NI 2262 40
11054 #EC 2250 1
11055 #EA 11054 0
11056 #EA 3093 5
11057 #EA 1972 11056
11058 #EA 11057 10794
11059 #EL #BD 501 0 11058
11060 #EA 11055 11059
11061 #EP #BD 2263 11060 20
11062 #EA 3092 121
11063 #EA 11062 5
11064 #EA 1972 11063
11065 #EA 5259 82
11066 #EA 11064 11065
11067 #EL #BD 501 0 11066
11068 #EA 11055 11067
2264 #NS 0 hd
11069 #EA 6253 5
11070 #EA 1972 11069
11071 #EA 11070 10843
11072 #EC 2251 1
11073 #EA 11072 0
11074 #EA 3092 860
11075 #EA 11074 5
11076 #EA 1972 11075
11077 #EA 11076 10908
11078 #EL #BD 501 0 11077
11079 #EA 11073 11078
11080 #EA 11079 8
11081 #EA 11080 5
11082 #EA 82 11081
11083 #EP #BD 2264 11071 11082
11084 #EP #BD 1738 0 11083
11085 #EP #BD 112 11084 229
11086 #EP #BD 2263 11068 11085
11087 #EP #BD 75 11061 11086
11088 #EP #BI 318 0 11087
11089 #EP #BI 59 0 11088
11090 #EP #BI 18 0 11089
11091 #EC 2252 1
11092 #EA 11091 0
11093 #EA 3092 698
11094 #EA 11093 5
11095 #EA 1972 11094
11096 #EA 11095 10898
11097 #EL #BD 501 0 11096
11098 #EA 11092 11097
11099 #EA 11055 11097
11100 #EL #BD 86 11099 237
11101 #EA 11098 11100
11102 #EA 11101 8
2265 #NS 41 _@
2266 #NS 2265 Init
2267 #NS 2266 Data
2268 #NS 2267 Nat
2269 #NS 2268 Basic
2270 #NI 2269 2597188415
2271 #NS 2270 _hygCtx
2272 #NS 2271 _hyg
2273 #NI 2272 50
2274 #NS 2108 Basic
2275 #NI 2274 2597188415
2276 #NS 2275 _hygCtx
2277 #NS 2276 _hyg
2278 #NI 2277 51
11103 #EL #BD 2278 11096 798
11104 #EL #BD 2273 0 11103
11105 #EA 11102 11104
11106 #EL #BD 112 11084 11105
11107 #EL #BD 2263 11068 11106
11108 #EL #BD 75 11061 11107
11109 #EL #BI 318 0 11108
11110 #EL #BI 59 0 11109
11111 #EL #BI 18 0 11110
#DEF 2258 11090 11111 
2279 #NS 2256 le
2280 #NS 2279 dest
2281 #NS 2280 match_1_3
#DEF 2281 6062 6112 
2282 #NS 2256 add_comm
2283 #NS 2282 match_1_1
11112 #EP #BD 75 49 376
2284 #NI 2259 940200215
2285 #NS 2284 _hygCtx
2286 #NI 2285 15
2287 #NS 2286 Init
2288 #NS 2287 Data
2289 #NS 2288 Nat
2290 #NS 2289 Basic
2291 #NI 2290 940200215
2292 #NS 2291 _hygCtx
2293 #NS 2292 _hyg
2294 #NI 2293 34
2295 #NI 2285 16
2296 #NS 2295 Init
2297 #NS 2296 Data
2298 #NS 2297 Nat
2299 #NS 2298 Basic
2300 #NI 2299 940200215
2301 #NS 2300 _hygCtx
2302 #NS 2301 _hyg
2303 #NI 2302 37
11113 #EA 1871 380
11114 #EA 11113 10
11115 #EA 11114 383
11116 #EA 11115 387
11117 #EL #BD 113 370 11116
11118 #EL #BD 112 365 11117
11119 #EL #BD 2303 0 11118
11120 #EL #BD 2294 0 11119
11121 #EL #BD 75 49 11120
#DEF 2283 11112 11121 
2304 #NS 2256 zero_add
2305 #NS 2304 match_1_1
#DEF 2305 3527 3530 
2306 #NS 1 zero_add
11122 #EA 9872 5
11123 #EA 1972 11122
11124 #EA 11123 5
11125 #EP #BD 4 0 11124
2307 #NI 2259 3796370660
2308 #NS 2307 _hygCtx
2309 #NS 2308 _hyg
2310 #NI 2309 12
11126 #EL #BD 2310 0 11124
11127 #EA 1890 11126
11128 #EA 11127 5
11129 #EA 1894 11126
11130 #EA 11129 5
11131 #EC 2305 
2311 #NI 2308 12
2312 #NS 2311 Init
2313 #NS 2312 Data
2314 #NS 2313 Nat
2315 #NS 2314 Basic
2316 #NI 2315 3796370660
2317 #NS 2316 _hygCtx
2318 #NS 2317 _hyg
2319 #NI 2318 23
2320 #NI 2309 45
11132 #EA 9872 8
11133 #EA 1972 11132
11134 #EA 11133 8
11135 #EP #BD 2320 11130 11134
11136 #EL #BD 2319 0 11135
11137 #EA 11131 11136
11138 #EA 11137 8
11139 #EA 11129 343
11140 #EA 9872 343
11141 #EA 4911 11140
11142 #EL #BD 2320 11139 11141
11143 #EL #BD 173 333 11142
11144 #EA 11138 11143
11145 #EA 11129 313
11146 #EA 9677 0
11147 #EA 448 343
11148 #EA 11147 8
11149 #EA 11146 11148
11150 #EA 11149 8
11151 #EA 11150 42
11152 #EA 11151 425
11153 #EL #BD 2320 11145 11152
11154 #EL #BD 4 0 11153
11155 #EA 11144 11154
11156 #EA 11155 5
11157 #EL #BD 82 11130 11156
11158 #EL #BD 2310 0 11157
11159 #EA 11128 11158
11160 #EL #BD 2310 0 11159
#DEF 2306 11125 11160 
2321 #NS 2256 succ_add
2322 #NS 2321 match_1_1
#DEF 2322 11112 11121 
2323 #NS 1 succ_add
11161 #EA 3092 43
11162 #EA 11161 5
11163 #EA 1972 11162
11164 #EA 5306 5
11165 #EA 42 11164
11166 #EA 11163 11165
11167 #EP #BD 28 0 11166
11168 #EP #BD 4 0 11167
2324 #NI 2259 96964009
2325 #NS 2324 _hygCtx
2326 #NS 2325 _hyg
2327 #NI 2326 21
2328 #NI 2326 22
11169 #EA 3092 313
11170 #EA 11169 8
11171 #EA 1972 11170
11172 #EA 5528 8
11173 #EA 42 11172
11174 #EA 11171 11173
11175 #EP #BD 2327 0 11174
11176 #EL #BD 2328 0 11175
11177 #EA 1890 11176
11178 #EA 11177 5
11179 #EA 1894 11176
11180 #EA 11179 5
11181 #EC 2322 
2329 #NI 2325 21
2330 #NS 2329 Init
2331 #NS 2330 Data
2332 #NS 2331 Nat
2333 #NS 2332 Basic
2334 #NI 2333 96964009
2335 #NS 2334 _hygCtx
2336 #NS 2335 _hyg
2337 #NI 2336 40
2338 #NI 2325 22
2339 #NS 2338 Init
2340 #NS 2339 Data
2341 #NS 2340 Nat
2342 #NS 2341 Basic
2343 #NI 2342 96964009
2344 #NS 2343 _hygCtx
2345 #NS 2344 _hyg
2346 #NI 2345 43
2347 #NI 2326 78
11182 #EA 3092 2027
11183 #EA 11182 8
11184 #EA 1972 11183
11185 #EA 5188 8
11186 #EA 42 11185
11187 #EA 11184 11186
11188 #EP #BD 2347 11180 11187
11189 #EL #BD 2346 0 11188
11190 #EL #BD 2337 0 11189
11191 #EA 11181 11190
11192 #EA 11191 5
11193 #EA 11192 10
2348 #NI 2326 50
11194 #EA 11179 343
11195 #EA 11161 343
11196 #EA 4911 11195
11197 #EL #BD 2347 11194 11196
11198 #EL #BD 2348 0 11197
11199 #EA 11193 11198
11200 #EA 11179 313
11201 #EA 448 2027
11202 #EA 11201 8
11203 #EA 11146 11202
11204 #EA 5188 5307
11205 #EA 11203 11204
11206 #EA 11205 42
11207 #EA 11206 426
11208 #EL #BD 2347 11200 11207
11209 #EL #BD 28 0 11208
11210 #EL #BD 4 0 11209
11211 #EA 11199 11210
11212 #EA 11211 8
11213 #EL #BD 2327 0 11212
11214 #EL #BD 82 11180 11213
11215 #EL #BD 2328 0 11214
11216 #EA 11178 11215
11217 #EA 11216 8
11218 #EL #BD 2328 0 11217
11219 #EL #BD 2327 0 11218
#DEF 2323 11168 11219 
2349 #NS 1 add_comm
11220 #EA 1972 11164
11221 #EA 11220 11172
11222 #EP #BD 28 0 11221
11223 #EP #BD 4 0 11222
2350 #NS 2285 _hyg
2351 #NI 2350 15
2352 #NI 2350 16
11224 #EA 1972 11172
11225 #EA 11224 11164
11226 #EP #BD 2351 0 11225
11227 #EL #BD 2352 0 11226
11228 #EA 1890 11227
11229 #EA 11228 5
11230 #EA 1894 11227
11231 #EA 11230 5
11232 #EC 2283 
2353 #NI 2350 142
11233 #EA 1972 11185
11234 #EA 11233 6854
11235 #EP #BD 2353 11231 11234
11236 #EL #BD 2303 0 11235
11237 #EL #BD 2294 0 11236
11238 #EA 11232 11237
11239 #EA 11238 5
11240 #EA 11239 10
11241 #EA 11230 343
11242 #EA 2762 11132
11243 #EA 5306 343
11244 #EA 11242 11243
11245 #EC 2306 
11246 #EA 11245 8
11247 #EA 11244 11246
11248 #EL #BD 2353 11241 11247
11249 #EL #BD 4 0 11248
11250 #EA 11240 11249
11251 #EA 11230 313
11252 #EA 1972 11186
11253 #EA 42 6854
11254 #EA 11252 11253
11255 #EA 11146 11185
11256 #EA 11255 6854
11257 #EA 11256 42
11258 #EA 11257 426
11259 #EA 3093 5189
11260 #EA 1972 11259
11261 #EA 3092 5189
11262 #EA 11261 82
11263 #EA 11260 11262
11264 #EA 8775 11263
11265 #EA 5188 82
11266 #EA 42 11265
11267 #EA 11260 11266
11268 #EA 11264 11267
11269 #EA 8702 11263
11270 #EA 11269 11267
11271 #EA 5900 11270
11272 #EA 11182 82
11273 #EA 9754 11272
11274 #EA 11273 11266
11275 #EA 11062 3094
11276 #EA 1972 11275
11277 #EA 11276 5
11278 #EL #BD 1973 0 11277
11279 #EA 11274 11278
11280 #EC 2323 
11281 #EA 11280 10
11282 #EA 11281 82
11283 #EA 11279 11282
11284 #EA 11271 11283
11285 #EA 11268 11284
11286 #EA 11285 5
11287 #EZ 685 11254 11258 11286
11288 #EL #BD 2353 11251 11287
11289 #EL #BD 28 0 11288
11290 #EL #BD 4 0 11289
11291 #EA 11250 11290
11292 #EA 11291 8
11293 #EL #BD 2351 0 11292
11294 #EL #BD 82 11231 11293
11295 #EL #BD 2352 0 11294
11296 #EA 11229 11295
11297 #EA 11296 8
11298 #EL #BD 2352 0 11297
11299 #EL #BD 2351 0 11298
#DEF 2349 11223 11299 
2354 #NS 2280 match_1_1
2355 #NS 2203 Data
2356 #NS 2355 Nat
2357 #NS 2356 Basic
2358 #NI 2357 3998404106
2359 #NS 2358 _hygCtx
2360 #NS 2359 _hyg
2361 #NI 2360 164
11300 #EA 5188 5
11301 #EA 1972 11300
11302 #EA 11301 8
11303 #EL #BD 501 0 11302
11304 #EA 11055 11303
11305 #EP #BD 2361 11304 20
11306 #EA 11057 10
11307 #EL #BD 501 0 11306
11308 #EA 11055 11307
11309 #EA 11064 82
11310 #EA 11095 366
11311 #EL #BD 501 0 11310
11312 #EA 11073 11311
11313 #EA 11312 8
11314 #EA 11313 5
11315 #EA 82 11314
11316 #EP #BD 188 11309 11315
11317 #EP #BD 501 0 11316
11318 #EP #BD 112 11317 229
11319 #EP #BD 2361 11308 11318
11320 #EP #BD 75 11305 11319
11321 #EP #BD 28 0 11320
11322 #EP #BD 4 0 11321
11323 #EA 11070 121
11324 #EL #BD 501 0 11323
11325 #EA 11092 11324
11326 #EA 11055 11324
11327 #EL #BD 86 11326 237
11328 #EA 11325 11327
11329 #EA 11328 8
2362 #NI 2269 3998404106
2363 #NS 2362 _hygCtx
2364 #NS 2363 _hyg
2365 #NI 2364 208
2366 #NI 2274 3998404106
2367 #NS 2366 _hygCtx
2368 #NS 2367 _hyg
2369 #NI 2368 209
11330 #EL #BD 2369 11323 798
11331 #EL #BD 2365 0 11330
11332 #EA 11329 11331
11333 #EL #BD 112 11317 11332
11334 #EL #BD 2361 11308 11333
11335 #EL #BD 75 11305 11334
11336 #EL #BD 28 0 11335
11337 #EL #BD 4 0 11336
#DEF 2354 11322 11337 
2370 #NS 25 dest
11338 #EP #BD 22 2487 11308
11339 #EP #BI 28 0 11338
11340 #EP #BI 4 0 11339
2371 #NI 2259 3998404106
2372 #NS 2371 _hygCtx
2373 #NS 2372 _hyg
2374 #NI 2373 25
2375 #NI 2373 26
2376 #NI 2373 27
11341 #EL #BD 2374 0 11339
11342 #EA 1890 11341
11343 #EA 11342 10
11344 #EA 1894 11341
11345 #EA 11344 5
11346 #EC 2281 
2377 #NI 2372 25
2378 #NS 2377 Init
2379 #NS 2378 Data
2380 #NS 2379 Nat
2381 #NS 2380 Basic
2382 #NI 2381 3998404106
2383 #NS 2382 _hygCtx
2384 #NS 2383 _hyg
2385 #NI 2384 52
2386 #NI 2372 26
2387 #NS 2386 Init
2388 #NS 2387 Data
2389 #NS 2388 Nat
2390 #NS 2389 Basic
2391 #NI 2390 3998404106
2392 #NS 2391 _hygCtx
2393 #NS 2392 _hyg
2394 #NI 2393 55
2395 #NI 2372 27
2396 #NS 2395 Init
2397 #NS 2396 Data
2398 #NS 2397 Nat
2399 #NS 2398 Basic
2400 #NI 2399 3998404106
2401 #NS 2400 _hygCtx
2402 #NS 2401 _hyg
2403 #NI 2402 58
2404 #NI 2373 225
11347 #EA 11344 10
11348 #EL #BD 501 0 11309
11349 #EA 11055 11348
11350 #EP #BD 2404 11347 11349
11351 #EL #BD 2403 2487 11350
11352 #EL #BD 2394 0 11351
11353 #EL #BD 2385 0 11352
11354 #EA 11346 11353
11355 #EA 11354 82
11356 #EA 11355 8
11357 #EA 11356 5
2405 #NI 2373 68
11358 #EA 11344 245
11359 #EA 3092 245
11360 #EA 11359 5
11361 #EA 1972 11360
11362 #EA 11361 245
11363 #EL #BD 501 0 11362
11364 #EA 11073 11363
11365 #EA 11364 343
11366 #EA 11359 343
11367 #EA 4911 11366
11368 #EA 11365 11367
11369 #EL #BD 2404 11358 11368
11370 #EL #BD 2405 6035 11369
11371 #EA 11357 11370
2406 #NI 2373 86
11372 #EA 11361 2068
11373 #EL #BD 501 0 11372
11374 #EA 11073 11373
11375 #EA 11374 2027
11376 #EA 11182 343
11377 #EA 1970 11376
2407 #NI 2373 102
2408 #NI 2368 103
11378 #EA 3092 2068
11379 #EA 11378 343
11380 #EA 1972 11379
11381 #EA 11380 5
11382 #EA 3790 2775
11383 #EL #BD 2408 11381 11382
11384 #EL #BD 2407 0 11383
11385 #EA 11377 11384
11386 #EA 4911 11376
11387 #EA 11385 11386
11388 #EA 9872 2027
11389 #EA 11387 11388
11390 #EA 2762 11388
11391 #EA 11390 11376
11392 #EC 2349 
11393 #EA 11392 343
11394 #EA 11393 2027
11395 #EA 11391 11394
11396 #EA 11389 11395
11397 #EA 11375 11396
11398 #EL #BD 2404 11358 11397
11399 #EL #BD 2406 6039 11398
11400 #EL #BD 4 0 11399
11401 #EA 11371 11400
2409 #NS 2098 Basic
2410 #NI 2409 3998404106
2411 #NS 2410 _hygCtx
2412 #NS 2411 _hyg
2413 #NI 2412 114
11402 #EA 11344 43
11403 #EA 11378 5
11404 #EA 1972 11403
11405 #EA 11404 245
11406 #EL #BD 501 0 11405
11407 #EA 11055 11406
11408 #EA 6200 11407
11409 #EA 11408 8
11410 #EA 11409 6209
11411 #EL #BD 2404 11402 11410
11412 #EL #BD 188 6044 11411
11413 #EL #BD 2413 0 11412
11414 #EA 11401 11413
11415 #EA 11344 2027
11416 #EC 2354 
11417 #EA 11416 366
11418 #EA 11417 121
11419 #EA 11055 11311
11420 #EA 3092 2792
11421 #EA 11420 5
11422 #EA 1972 11421
11423 #EA 11422 2839
11424 #EL #BD 501 0 11423
11425 #EA 11055 11424
11426 #EL #BD 2361 11419 11425
11427 #EA 11418 11426
11428 #EA 11427 5
11429 #EA 3092 2813
11430 #EA 11429 5
11431 #EA 1972 11430
11432 #EA 11431 2792
11433 #EL #BD 501 0 11432
11434 #EA 11073 11433
11435 #EA 11434 8
11436 #EA 11420 8
11437 #EA 1972 11436
11438 #EA 11437 2839
11439 #EA 11074 8
11440 #EA 42 11439
11441 #EA 1970 11440
2414 #NI 2373 204
2415 #NI 2368 205
11442 #EA 3092 910
11443 #EA 11442 10
11444 #EA 42 11443
11445 #EA 1972 11444
11446 #EA 11445 5
11447 #EA 3790 2813
11448 #EL #BD 2415 11446 11447
11449 #EL #BD 2414 0 11448
11450 #EA 11441 11449
11451 #EA 1970 11439
2416 #NI 2373 202
2417 #NI 2368 203
11452 #EA 1972 11443
11453 #EA 11452 5
11454 #EA 3092 911
11455 #EA 11454 82
11456 #EA 42 11455
11457 #EA 1972 11456
11458 #EA 11457 43
11459 #EL #BD 2417 11453 11458
11460 #EL #BD 2416 0 11459
11461 #EA 11451 11460
11462 #EA 4911 11440
11463 #EA 11461 11462
11464 #EA 11463 698
11465 #EA 11464 5
11466 #EA 11450 11465
11467 #EA 11466 11436
11468 #EA 2762 11436
11469 #EA 11468 11440
11470 #EA 11280 860
11471 #EA 11470 8
11472 #EA 11469 11471
11473 #EA 11467 11472
11474 #EZ 685 11438 11473 5
11475 #EA 11435 11474
11476 #EL #BD 188 11310 11475
11477 #EL #BD 501 0 11476
11478 #EA 11428 11477
11479 #EZ 685 11326 6233 11478
11480 #EZ 685 4065 6218 11479
11481 #EL #BD 2404 11415 11480
11482 #EL #BD 188 5154 11481
11483 #EL #BD 28 0 11482
11484 #EL #BD 4 0 11483
11485 #EA 11414 11484
11486 #EA 11485 10
11487 #EL #BD 2376 2491 11486
11488 #EL #BD 2375 0 11487
11489 #EL #BD 82 11345 11488
11490 #EL #BD 2374 0 11489
11491 #EA 11343 11490
11492 #EA 11491 8
11493 #EA 11492 5
11494 #EL #BD 2376 2487 11493
11495 #EL #BD 2375 0 11494
11496 #EL #BD 2374 0 11495
#DEF 2370 11340 11496 
2418 #NS 2256 le_add_right
2419 #NS 2418 match_1_1
#DEF 2419 11112 11121 
2420 #NS 1 le_add_right
11497 #EA 2486 11164
11498 #EP #BD 501 0 11497
11499 #EP #BD 4 0 11498
2421 #NI 2259 1515681495
2422 #NS 2421 _hygCtx
2423 #NS 2422 _hyg
2424 #NI 2423 13
2425 #NI 2423 14
11500 #EA 4685 11172
11501 #EP #BD 2424 0 11500
11502 #EL #BD 2425 0 11501
11503 #EA 1890 11502
11504 #EA 11503 5
11505 #EA 1894 11502
11506 #EA 11505 5
11507 #EC 2419 
2426 #NI 2422 13
2427 #NS 2426 Init
2428 #NS 2427 Data
2429 #NS 2428 Nat
2430 #NS 2429 Basic
2431 #NI 2430 1515681495
2432 #NS 2431 _hygCtx
2433 #NS 2432 _hyg
2434 #NI 2433 32
2435 #NI 2422 14
2436 #NS 2435 Init
2437 #NS 2436 Data
2438 #NS 2437 Nat
2439 #NS 2438 Basic
2440 #NI 2439 1515681495
2441 #NS 2440 _hygCtx
2442 #NS 2441 _hyg
2443 #NI 2442 35
2444 #NI 2423 68
11508 #EA 2490 11185
11509 #EP #BD 2444 11506 11508
11510 #EL #BD 2443 0 11509
11511 #EL #BD 2434 0 11510
11512 #EA 11507 11511
11513 #EA 11512 5
11514 #EA 11513 10
11515 #EA 11505 343
11516 #EA 5265 8
11517 #EL #BD 2444 11515 11516
11518 #EL #BD 4 0 11517
11519 #EA 11514 11518
11520 #EA 11505 313
11521 #EA 6332 10
11522 #EA 448 10
11523 #EA 11522 8
11524 #EA 11521 11523
11525 #EA 11524 426
11526 #EL #BD 2444 11520 11525
11527 #EL #BD 501 0 11526
11528 #EL #BD 4 0 11527
11529 #EA 11519 11528
11530 #EA 11529 8
11531 #EL #BD 2424 0 11530
11532 #EL #BD 82 11506 11531
11533 #EL #BD 2425 0 11532
11534 #EA 11504 11533
11535 #EA 11534 8
11536 #EL #BD 2425 0 11535
11537 #EL #BD 2424 0 11536
#DEF 2420 11499 11537 
2445 #NS 25 intro
11538 #EP #BD 188 11302 4065
11539 #EP #BI 501 0 11538
11540 #EP #BI 28 0 11539
11541 #EP #BI 4 0 11540
11542 #EA 3093 8
11543 #EA 1970 11542
2446 #NI 2259 45524837
2447 #NS 2446 _hygCtx
2448 #NS 2447 _hyg
2449 #NI 2448 22
2450 #NI 2274 45524837
2451 #NS 2450 _hygCtx
2452 #NS 2451 _hyg
2453 #NI 2452 23
11544 #EA 11062 10
11545 #EA 1972 11544
11546 #EA 11545 5
11547 #EL #BD 2453 11546 4562
11548 #EL #BD 2449 0 11547
11549 #EA 11543 11548
11550 #EC 2420 
11551 #EA 11550 82
11552 #EA 11551 8
11553 #EA 11549 11552
11554 #EA 11553 10
11555 #EA 11554 5
11556 #EL #BD 188 11302 11555
11557 #EL #BI 501 0 11556
11558 #EL #BI 28 0 11557
11559 #EL #BI 4 0 11558
#DEF 2445 11541 11559 
2454 #NS 2256 sub_ne_zero_of_lt
2455 #NS 2454 match_1_1
2456 #NI 2259 3838597871
2457 #NS 2456 _hygCtx
2458 #NI 2457 18
2459 #NS 2458 Init
2460 #NS 2459 Data
2461 #NS 2460 Nat
2462 #NS 2461 Basic
2463 #NI 2462 3838597871
2464 #NS 2463 _hygCtx
2465 #NS 2464 _hyg
2466 #NI 2465 45
2467 #NI 2457 19
2468 #NS 2467 Init
2469 #NS 2468 Data
2470 #NS 2469 Nat
2471 #NS 2470 Basic
2472 #NI 2471 3838597871
2473 #NS 2472 _hygCtx
2474 #NS 2473 _hyg
2475 #NI 2474 48
2476 #NI 2457 20
2477 #NS 2476 Init
2478 #NS 2477 Data
2479 #NS 2478 Nat
2480 #NS 2479 Basic
2481 #NI 2480 3838597871
2482 #NS 2481 _hygCtx
2483 #NS 2482 _hyg
2484 #NI 2483 51
11560 #EP #BD 2484 3878 20
11561 #EP #BD 2475 0 11560
11562 #EP #BD 2466 0 11561
11563 #EA 121 343
11564 #EA 11563 343
11565 #EA 11564 5
11566 #EP #BD 188 4730 11565
2485 #NS 2457 _hyg
2486 #NI 2485 76
11567 #EA 4924 5
11568 #EP #BD 2486 4738 11567
11569 #EP #BD 59 0 11568
11570 #EA 63 313
11571 #EA 11570 343
11572 #EA 1471 343
11573 #EA 11572 5
11574 #EP #BD 188 11571 11573
11575 #EP #BD 18 0 11574
11576 #EA 63 43
11577 #EA 11576 313
11578 #EP #BD 188 11577 6051
11579 #EP #BD 59 0 11578
11580 #EP #BD 18 0 11579
11581 #EP #BD 481 11580 4756
11582 #EP #BD 455 11575 11581
11583 #EP #BD 113 11569 11582
11584 #EP #BD 112 11566 11583
11585 #EP #BD 2484 3878 11584
11586 #EP #BD 2475 0 11585
11587 #EP #BD 2466 0 11586
11588 #EP #BD 75 11562 11587
11589 #EA 64 698
11590 #EP #BD 2484 11589 4767
11591 #EL #BD 86 0 11590
11592 #EA 1871 11591
11593 #EA 11592 698
11594 #EA 6178 366
11595 #EA 6178 5
11596 #EP #BD 2484 11595 6072
11597 #EL #BD 86 0 11596
11598 #EA 1871 11597
11599 #EA 11598 698
11600 #EL #BD 2484 6179 755
11601 #EA 11599 11600
2487 #NI 2409 3838597871
2488 #NS 2487 _hygCtx
2489 #NS 2488 _hyg
2490 #NI 2489 125
11602 #EA 6178 313
11603 #EL #BD 2484 11602 2507
11604 #EL #BD 2490 0 11603
11605 #EA 11601 11604
11606 #EA 11605 5
11607 #EL #BD 2484 11594 11606
11608 #EA 11593 11607
2491 #NI 2489 124
11609 #EA 11570 698
11610 #EA 6204 5
11611 #EP #BD 2484 11610 6087
11612 #EL #BD 86 0 11611
11613 #EA 1871 11612
11614 #EA 11613 860
11615 #EA 11576 245
11616 #EL #BD 2484 11615 6093
11617 #EA 11614 11616
2492 #NI 2489 126
11618 #EA 6204 313
11619 #EL #BD 2484 11618 2148
11620 #EL #BD 2492 0 11619
11621 #EA 11617 11620
11622 #EA 11621 5
11623 #EL #BD 2484 11609 11622
11624 #EL #BD 2491 0 11623
11625 #EA 11608 11624
11626 #EA 11625 121
11627 #EL #BD 481 11580 11626
11628 #EL #BD 455 11575 11627
11629 #EL #BD 113 11569 11628
11630 #EL #BD 112 11566 11629
11631 #EL #BD 2484 3878 11630
11632 #EL #BD 2475 0 11631
11633 #EL #BD 2466 0 11632
11634 #EL #BD 75 11562 11633
#DEF 2455 11588 11634 
2493 #NS 0 eq_false'
11635 #EP #BD 188 1353 9125
11636 #EP #BI 408 20 11635
11637 #EA 9148 8
11638 #EA 11637 5
11639 #EL #BD 188 1353 11638
11640 #EL #BI 408 20 11639
#DEF 2493 11636 11640 
2494 #NS 0 not_false_eq_true
11641 #EA 8702 9011
11642 #EA 11641 1801
11643 #EA 9052 9011
11644 #EA 2079 1352
11645 #EA 11643 11644
#DEF 2494 11642 11645 
2495 #NS 1 succ_ne_zero
11646 #EC 1701 1
11647 #EA 11646 0
11648 #EA 11647 313
11649 #EA 11648 343
11650 #EP #BD 4 0 11649
11651 #EA 9757 343
11652 #EA 1355 11651
11653 #EA 9071 11652
11654 #EA 9074 11652
11655 #EA 11654 9011
11656 #EA 11655 1801
11657 #EA 9970 20
11658 #EA 11657 11651
11659 #EA 11658 1352
11660 #EA 11659 1355
11661 #EC 2493 
11662 #EA 11661 11651
11663 #EA 3937 5307
11664 #EA 11663 343
11665 #EA 11664 5
11666 #EA 11644 11665
11667 #EL #BD 188 11651 11666
11668 #EA 11662 11667
11669 #EA 11660 11668
11670 #EA 11656 11669
11671 #EC 2494 
11672 #EA 11670 11671
11673 #EA 11653 11672
11674 #EL #BD 4 0 11673
#DEF 2495 11650 11674 
2496 #NS 2454 _simp_1_3
11675 #EA 1972 313
11676 #EA 11675 343
11677 #EA 8702 11676
11678 #EA 11677 1352
11679 #EP #BD 4 0 11678
11680 #EA 9148 11676
11681 #EC 2495 
11682 #EA 11681 5
11683 #EA 11680 11682
11684 #EL #BD 4 0 11683
#DEF 2496 11679 11684 
2497 #NS 1 succ_sub_succ
11685 #EA 5384 8
11686 #EA 11685 5
11687 #EL #BD 28 0 11686
11688 #EL #BD 4 0 11687
#DEF 2497 5291 11688 
2498 #NS 1 lt_of_succ_lt_succ
11689 #EP #BD 22 11577 4637
11690 #EP #BI 28 0 11689
11691 #EP #BI 4 0 11690
11692 #EA 5194 5307
11693 #EA 11692 5
11694 #EL #BI 28 0 11693
11695 #EL #BI 4 0 11694
#DEF 2498 11691 11695 
2499 #NS 1 sub_ne_zero_of_lt
11696 #EA 11647 10794
11697 #EA 11696 343
11698 #EP #BD 22 3878 11697
11699 #EP #BI 59 0 11698
11700 #EP #BI 18 0 11699
2500 #NI 2485 18
2501 #NI 2485 19
2502 #NI 2485 20
11701 #EL #BD 2500 0 11699
11702 #EA 1890 11701
11703 #EA 11702 10
11704 #EA 1894 11701
11705 #EA 11704 5
11706 #EC 2455 
2503 #NI 2485 168
11707 #EA 11704 10
11708 #EA 11647 11065
11709 #EA 11708 343
11710 #EP #BD 2503 11707 11709
11711 #EL #BD 2484 3878 11710
11712 #EL #BD 2475 0 11711
11713 #EL #BD 2466 0 11712
11714 #EA 11706 11713
11715 #EA 11714 82
11716 #EA 11715 8
11717 #EA 11716 5
11718 #EA 11704 343
11719 #EA 5337 343
11720 #EA 11647 11719
11721 #EA 11720 343
11722 #EA 5336 11721
11723 #EA 11722 8
11724 #EA 11723 5344
11725 #EL #BD 2503 11718 11724
11726 #EL #BD 188 4730 11725
11727 #EA 11717 11726
11728 #EA 6201 343
11729 #EA 1355 11728
11730 #EA 9071 11729
11731 #EA 9074 11729
11732 #EA 11731 9011
11733 #EA 11732 1801
11734 #EA 11657 11728
11735 #EA 11734 1352
11736 #EA 11735 1355
11737 #EC 2496 
11738 #EA 11737 10
11739 #EA 11736 11738
11740 #EA 11733 11739
11741 #EA 11740 11671
11742 #EA 11730 11741
11743 #EL #BD 2503 11718 11742
11744 #EL #BD 2486 4738 11743
11745 #EL #BD 59 0 11744
11746 #EA 11727 11745
11747 #EA 11704 43
11748 #EA 6204 343
11749 #EA 3683 11748
11750 #EA 5337 2027
11751 #EA 11647 11750
11752 #EA 11751 343
11753 #EA 11749 11752
11754 #EA 11753 8
11755 #EA 6439 2027
11756 #EA 11754 11755
11757 #EL #BD 2503 11747 11756
11758 #EL #BD 188 11571 11757
11759 #EL #BD 18 0 11758
11760 #EA 11746 11759
11761 #EA 11704 2027
11762 #EA 5292 2068
11763 #EA 11647 11762
11764 #EA 11763 343
11765 #EA 8775 11764
11766 #EA 11765 11709
11767 #EA 8702 11764
11768 #EA 11767 11709
11769 #EA 5900 11768
11770 #EA 9754 11762
11771 #EA 11770 11065
11772 #EA 11647 5
11773 #EA 11772 343
11774 #EL #BD 1973 0 11773
11775 #EA 11771 11774
11776 #EC 2497 
11777 #EA 11776 10
11778 #EA 11777 82
11779 #EA 11775 11778
11780 #EA 11769 11779
11781 #EA 11766 11780
11782 #EC 2498 
11783 #EA 11782 82
11784 #EA 11783 10
11785 #EA 11784 8
11786 #EA 426 11785
11787 #EA 11781 11786
11788 #EL #BD 2503 11761 11787
11789 #EL #BD 188 11577 11788
11790 #EL #BD 59 0 11789
11791 #EL #BD 18 0 11790
11792 #EA 11760 11791
11793 #EA 11792 10
11794 #EL #BD 2502 3882 11793
11795 #EL #BD 2501 0 11794
11796 #EL #BD 82 11705 11795
11797 #EL #BD 2500 0 11796
11798 #EA 11703 11797
11799 #EA 11798 8
11800 #EA 11799 5
11801 #EL #BD 2502 3878 11800
11802 #EL #BD 2501 0 11801
11803 #EL #BD 2500 0 11802
#DEF 2499 11700 11803 
2504 #NS 1 le_of_succ_le
11804 #EA 5153 5
11805 #EP #BD 188 11804 4061
11806 #EP #BI 28 0 11805
11807 #EP #BI 4 0 11806
11808 #EA 4644 10
11809 #EA 11808 2027
11810 #EA 11809 8
11811 #EA 5142 10
11812 #EA 11810 11811
11813 #EA 11812 5
11814 #EL #BD 188 11804 11813
11815 #EL #BI 28 0 11814
11816 #EL #BI 4 0 11815
#DEF 2504 11807 11816 
2505 #NS 1 sub_succ
11817 #EA 5252 313
11818 #EA 1972 11817
11819 #EA 4041 5253
11820 #EA 11818 11819
11821 #EP #BD 28 0 11820
11822 #EP #BD 4 0 11821
11823 #EA 4911 11817
11824 #EL #BD 28 0 11823
11825 #EL #BD 4 0 11824
#DEF 2505 11822 11825 
2506 #NS 1 add_succ
11826 #EA 5306 313
11827 #EA 1972 11826
11828 #EA 11827 11165
11829 #EP #BD 28 0 11828
11830 #EP #BD 4 0 11829
11831 #EA 4911 11826
11832 #EL #BD 28 0 11831
11833 #EL #BD 4 0 11832
#DEF 2506 11830 11833 
2507 #NS 1 succ_pred
11834 #EA 42 5116
11835 #EA 1972 11834
11836 #EA 11835 8
11837 #EP #BD 188 11773 11836
11838 #EP #BI 18 0 11837
11839 #EL #BI 18 0 11837
11840 #EA 10581 11839
11841 #EA 11647 343
11842 #EA 11841 343
11843 #EA 3683 9665
11844 #EA 4041 343
11845 #EA 42 11844
11846 #EA 1972 11845
11847 #EA 11846 343
11848 #EA 11843 11847
11849 #EA 11848 9548
11850 #EA 11849 5
11851 #EL #BD 188 11842 11850
11852 #EA 11840 11851
2508 #NI 2409 480870503
2509 #NS 2508 _hygCtx
2510 #NS 2509 _hyg
2511 #NI 2510 21
2512 #NS 2124 Basic
2513 #NI 2512 480870503
2514 #NS 2513 _hygCtx
2515 #NS 2514 _hyg
2516 #NI 2515 22
11853 #EA 11647 5307
11854 #EA 11853 343
11855 #EA 4041 5189
11856 #EA 42 11855
11857 #EA 2959 11856
11858 #EL #BD 188 11854 11857
11859 #EL #BD 2516 11837 11858
11860 #EL #BD 2511 0 11859
11861 #EA 11852 11860
11862 #EA 11861 8
11863 #EA 11862 5
11864 #EL #BD 188 11773 11863
11865 #EL #BI 18 0 11864
#DEF 2507 11838 11865 
2517 #NS 1 add_sub_of_le
11866 #EA 5188 10794
11867 #EA 1972 11866
11868 #EA 11867 8
11869 #EP #BD 188 2487 11868
11870 #EP #BI 59 0 11869
11871 #EP #BI 18 0 11870
11872 #EA 5269 8
11873 #EA 5306 11872
11874 #EA 1972 11873
11875 #EA 11874 82
11876 #EP #BD 188 10809 11875
11877 #EL #BI 18 0 11876
11878 #EA 10581 11877
11879 #EA 5259 343
11880 #EA 9872 11879
11881 #EA 1972 11880
11882 #EA 11881 10
11883 #EA 9071 11882
11884 #EA 9074 11882
11885 #EA 5993 10
11886 #EA 11884 11885
11887 #EA 11886 1801
11888 #EA 10133 11881
11889 #EA 11888 5993
11890 #EA 9678 11880
11891 #EA 11890 10
11892 #EA 11891 1972
11893 #EA 11245 10
11894 #EA 11892 11893
11895 #EA 11889 11894
11896 #EA 11895 10
11897 #EA 11887 11896
11898 #EA 9988 10
11899 #EA 11897 11898
11900 #EA 11883 11899
11901 #EL #BD 188 2176 11900
11902 #EA 11878 11901
11903 #EA 2166 5307
11904 #EA 11903 82
2518 #NS 0 hne
11905 #EA 5361 10
11906 #EA 11647 11905
11907 #EA 11906 343
11908 #EC 2499 
11909 #EA 11908 10
11910 #EA 11909 121
11911 #EA 11910 5
11912 #EA 2503 366
11913 #EC 2504 
11914 #EA 11913 82
11915 #EA 11914 366
11916 #EA 11915 8
11917 #EA 11062 477
11918 #EA 3092 11917
11919 #EA 10919 11917
11920 #EA 11918 11919
11921 #EA 1972 11920
11922 #EA 11921 698
11923 #EA 8775 11922
11924 #EA 10919 121
11925 #EA 4041 11924
11926 #EA 11918 11925
11927 #EA 1972 11926
11928 #EA 11927 698
11929 #EA 11923 11928
11930 #EA 8702 11922
11931 #EA 11930 11928
11932 #EA 5900 11931
11933 #EA 10919 2775
11934 #EA 9754 11933
11935 #EA 11934 11925
11936 #EA 3092 6254
11937 #EA 11936 5
11938 #EA 1972 11937
11939 #EA 11938 860
11940 #EL #BD 1973 0 11939
11941 #EA 11935 11940
11942 #EC 2505 
11943 #EA 11942 698
11944 #EA 11943 121
11945 #EA 11941 11944
11946 #EA 11932 11945
11947 #EA 11929 11946
11948 #EA 8775 11928
11949 #EA 11062 11925
11950 #EA 42 11949
11951 #EA 1972 11950
11952 #EA 11951 698
11953 #EA 11948 11952
11954 #EA 8702 11928
11955 #EA 11954 11952
11956 #EA 5900 11955
11957 #EA 3092 2775
11958 #EA 11957 11925
11959 #EA 9754 11958
11960 #EA 11959 11950
11961 #EA 4854 860
11962 #EL #BD 1973 0 11961
11963 #EA 11960 11962
11964 #EA 11280 121
11965 #EA 11964 11925
11966 #EA 11963 11965
11967 #EA 11956 11966
11968 #EA 11953 11967
11969 #EA 8775 11952
11970 #EA 42 11925
11971 #EA 11062 11970
11972 #EA 1972 11971
11973 #EA 11972 698
11974 #EA 11969 11973
11975 #EA 8702 11952
11976 #EA 11975 11973
11977 #EA 5900 11976
11978 #EA 9754 11950
11979 #EA 11978 11971
11980 #EA 11979 11962
11981 #EA 2762 11971
11982 #EA 11981 11950
11983 #EC 2506 
11984 #EA 11983 121
11985 #EA 11984 11925
11986 #EA 11982 11985
11987 #EA 11980 11986
11988 #EA 11977 11987
11989 #EA 11974 11988
11990 #EA 8775 11973
11991 #EA 11062 11924
11992 #EA 1972 11991
11993 #EA 11992 698
11994 #EA 11990 11993
11995 #EA 8702 11973
11996 #EA 11995 11993
11997 #EA 5900 11996
11998 #EA 9754 11970
11999 #EA 11998 11924
12000 #EA 11070 860
12001 #EL #BD 1973 0 12000
12002 #EA 11999 12001
12003 #EC 2507 
12004 #EA 12003 11924
12005 #EA 12004 8
12006 #EA 12002 12005
12007 #EA 11997 12006
12008 #EA 11994 12007
12009 #EA 8775 11993
12010 #EA 4225 698
12011 #EA 12009 12010
12012 #EA 8702 11993
12013 #EA 12012 12010
12014 #EA 5900 12013
12015 #EA 9754 11991
12016 #EA 12015 698
12017 #EA 12016 11962
12018 #EA 12017 237
12019 #EA 12014 12018
12020 #EA 12011 12019
12021 #EA 2959 698
12022 #EA 12020 12021
12023 #EA 12008 12022
12024 #EA 11989 12023
12025 #EA 11968 12024
12026 #EA 11947 12025
12027 #EZ 685 11912 11916 12026
12028 #EZ 2518 11907 11911 12027
12029 #EL #BD 188 11904 12028
12030 #EL #BD 637 11876 12029
12031 #EL #BD 18 0 12030
12032 #EA 11902 12031
12033 #EA 12032 10
12034 #EA 12033 5
12035 #EL #BD 188 2487 12034
12036 #EL #BI 59 0 12035
12037 #EL #BI 18 0 12036
#DEF 2517 11871 12037 
2519 #NS 1 sub_add_cancel
12038 #EA 3092 5398
12039 #EA 12038 8
12040 #EA 1972 12039
12041 #EA 12040 10
12042 #EP #BD 188 4686 12041
12043 #EP #BI 28 0 12042
12044 #EP #BI 4 0 12043
12045 #EA 8775 12041
12046 #EA 5306 5398
12047 #EA 1972 12046
12048 #EA 12047 10
12049 #EA 12045 12048
12050 #EA 8702 12041
12051 #EA 12050 12048
12052 #EA 5900 12051
12053 #EA 9754 12039
12054 #EA 12053 12046
12055 #EA 4854 82
12056 #EL #BD 1973 0 12055
12057 #EA 12054 12056
12058 #EA 11392 5398
12059 #EA 12058 8
12060 #EA 12057 12059
12061 #EA 12052 12060
12062 #EA 12049 12061
12063 #EA 8775 12048
12064 #EA 12063 11885
12065 #EA 8702 12048
12066 #EA 12065 11885
12067 #EA 5900 12066
12068 #EA 9754 12046
12069 #EA 12068 10
12070 #EA 12069 12056
12071 #EC 2517 
12072 #EA 12071 8
12073 #EA 12072 10
12074 #EA 12073 5
12075 #EA 12070 12074
12076 #EA 12067 12075
12077 #EA 12064 12076
12078 #EA 2959 10
12079 #EA 12077 12078
12080 #EA 12062 12079
12081 #EL #BD 188 4686 12080
12082 #EL #BI 28 0 12081
12083 #EL #BI 4 0 12082
#DEF 2519 12044 12083 
2520 #NS 1 eq_add_of_sub_eq
12084 #EA 1972 5319
12085 #EA 12084 8
12086 #EA 6003 11265
12087 #EP #BD 188 12085 12086
12088 #EP #BD 1108 4691 12087
12089 #EP #BI 318 0 12088
12090 #EP #BI 59 0 12089
12091 #EP #BI 18 0 12090
12092 #EA 8775 12086
12093 #EA 3092 5362
12094 #EA 12093 82
12095 #EA 6003 12094
12096 #EA 12092 12095
12097 #EA 8702 12086
12098 #EA 12097 12095
12099 #EA 5900 12098
12100 #EA 9754 10
12101 #EA 12100 5362
12102 #EA 5528 121
12103 #EA 2622 12102
12104 #EL #BD 1973 0 12103
12105 #EA 12101 12104
12106 #EA 2762 5362
12107 #EA 12106 10
12108 #EA 12107 5
12109 #EA 12105 12108
12110 #EA 12099 12109
12111 #EA 12096 12110
12112 #EA 8775 12095
12113 #EA 6003 121
12114 #EA 12112 12113
12115 #EA 8702 12095
12116 #EA 12115 12113
12117 #EA 5900 12116
12118 #EA 9754 12094
12119 #EA 12118 121
12120 #EA 2622 5
12121 #EL #BD 1973 0 12120
12122 #EA 12119 12121
12123 #EC 2519 
12124 #EA 12123 121
12125 #EA 12124 82
12126 #EA 12125 8
12127 #EA 12122 12126
12128 #EA 12117 12127
12129 #EA 12114 12128
12130 #EA 12129 2960
12131 #EA 12111 12130
12132 #EL #BD 188 12085 12131
12133 #EL #BD 1108 4691 12132
12134 #EL #BI 318 0 12133
12135 #EL #BI 59 0 12134
12136 #EL #BI 18 0 12135
#DEF 2520 12091 12136 
2521 #NS 2256 add_assoc
2522 #NS 2521 match_1_1
2523 #NI 2259 3525184520
2524 #NS 2523 _hygCtx
2525 #NI 2524 20
2526 #NS 2525 Init
2527 #NS 2526 Data
2528 #NS 2527 Nat
2529 #NS 2528 Basic
2530 #NI 2529 3525184520
2531 #NS 2530 _hygCtx
2532 #NS 2531 _hyg
2533 #NI 2532 47
12137 #EP #BD 2533 0 49
2534 #NI 2524 21
2535 #NS 2534 Init
2536 #NS 2535 Data
2537 #NS 2536 Nat
2538 #NS 2537 Basic
2539 #NI 2538 3525184520
2540 #NS 2539 _hygCtx
2541 #NS 2540 _hyg
2542 #NI 2541 50
2543 #NI 2524 22
2544 #NS 2543 Init
2545 #NS 2544 Data
2546 #NS 2545 Nat
2547 #NS 2546 Basic
2548 #NI 2547 3525184520
2549 #NS 2548 _hygCtx
2550 #NS 2549 _hyg
2551 #NI 2550 53
2552 #NS 2524 _hyg
2553 #NI 2552 63
2554 #NI 2552 62
12138 #EA 2507 343
12139 #EP #BD 2554 0 12138
12140 #EP #BD 2553 0 12139
12141 #EA 8146 313
12142 #EP #BD 501 0 12141
12143 #EP #BD 28 0 12142
12144 #EP #BD 4 0 12143
12145 #EP #BD 113 12144 2034
12146 #EP #BD 112 12140 12145
12147 #EP #BD 2551 0 12146
12148 #EP #BD 2542 0 12147
12149 #EP #BD 2533 0 12148
12150 #EP #BD 75 12137 12149
12151 #EA 1566 5
12152 #EL #BD 86 0 12151
12153 #EA 1871 12152
12154 #EA 12153 10
12155 #EA 385 82
12156 #EA 12154 12155
2555 #NI 2409 3525184520
2556 #NS 2555 _hygCtx
2557 #NS 2556 _hyg
2558 #NI 2557 93
12157 #EA 8 366
12158 #EA 12157 121
12159 #EA 12158 5
12160 #EL #BD 2558 0 12159
12161 #EA 12156 12160
12162 #EL #BD 113 12144 12161
12163 #EL #BD 112 12140 12162
12164 #EL #BD 2551 0 12163
12165 #EL #BD 2542 0 12164
12166 #EL #BD 2533 0 12165
12167 #EL #BD 75 12137 12166
#DEF 2522 12150 12167 
2559 #NS 1 add_assoc
12168 #EA 3092 11185
12169 #EA 12168 5
12170 #EA 1972 12169
12171 #EA 5188 11164
12172 #EA 12170 12171
12173 #EP #BD 501 0 12172
12174 #EP #BD 28 0 12173
12175 #EP #BD 4 0 12174
2560 #NI 2552 20
2561 #NI 2552 21
2562 #NI 2552 22
12176 #EA 3092 11164
12177 #EA 12176 10
12178 #EA 1972 12177
12179 #EA 5528 10
12180 #EA 5306 12179
12181 #EA 12178 12180
12182 #EP #BD 2561 0 12181
12183 #EP #BD 2560 0 12182
12184 #EL #BD 2562 0 12183
12185 #EA 1890 12184
12186 #EA 12185 5
12187 #EA 1894 12184
12188 #EA 12187 5
12189 #EC 2522 
2563 #NI 2552 98
12190 #EA 3093 10
12191 #EA 3092 12190
12192 #EA 12191 8
12193 #EA 1972 12192
12194 #EA 3093 11185
12195 #EA 12193 12194
12196 #EP #BD 2563 12188 12195
12197 #EL #BD 2551 0 12196
12198 #EL #BD 2542 0 12197
12199 #EL #BD 2533 0 12198
12200 #EA 12189 12199
12201 #EA 12200 8
12202 #EA 12201 5
12203 #EA 12202 82
12204 #EA 12187 343
12205 #EA 12168 343
12206 #EA 4911 12205
12207 #EL #BD 2563 12204 12206
12208 #EL #BD 2554 0 12207
12209 #EL #BD 2553 0 12208
12210 #EA 12203 12209
12211 #EA 12187 313
12212 #EA 448 12190
12213 #EA 12212 8
12214 #EA 11146 12213
12215 #EA 448 82
12216 #EA 12215 11523
12217 #EA 12214 12216
12218 #EA 12217 42
12219 #EA 425 82
12220 #EA 12219 10
12221 #EA 12218 12220
12222 #EL #BD 2563 12211 12221
12223 #EL #BD 501 0 12222
12224 #EL #BD 28 0 12223
12225 #EL #BD 4 0 12224
12226 #EA 12210 12225
12227 #EA 12226 10
12228 #EL #BD 2561 0 12227
12229 #EL #BD 2560 0 12228
12230 #EL #BD 82 12188 12229
12231 #EL #BD 2562 0 12230
12232 #EA 12186 12231
12233 #EA 12232 10
12234 #EA 12233 8
12235 #EL #BD 2562 0 12234
12236 #EL #BD 2561 0 12235
12237 #EL #BD 2560 0 12236
#DEF 2559 12175 12237 
2564 #NS 1 add_left_comm
12238 #EA 1972 12171
12239 #EA 5306 11300
12240 #EA 12238 12239
12241 #EP #BD 501 0 12240
12242 #EP #BD 28 0 12241
12243 #EP #BD 4 0 12242
12244 #EA 8775 12240
12245 #EA 12170 12239
12246 #EA 12244 12245
12247 #EA 8702 12240
12248 #EA 12247 12245
12249 #EA 5900 12248
12250 #EA 9754 12171
12251 #EA 12250 12169
12252 #EA 5188 11542
12253 #EA 4854 12252
12254 #EL #BD 1973 0 12253
12255 #EA 12251 12254
12256 #EA 2762 12169
12257 #EA 12256 12171
12258 #EC 2559 
12259 #EA 12258 10
12260 #EA 12259 8
12261 #EA 12260 5
12262 #EA 12257 12261
12263 #EA 12255 12262
12264 #EA 12249 12263
12265 #EA 12246 12264
12266 #EA 8775 12245
12267 #EA 3092 6854
12268 #EA 12267 5
12269 #EA 1972 12268
12270 #EA 12269 12239
12271 #EA 12266 12270
12272 #EA 8702 12245
12273 #EA 12272 12270
12274 #EA 5900 12273
12275 #EA 9754 11185
12276 #EA 12275 6854
12277 #EA 11224 12252
12278 #EL #BD 1973 0 12277
12279 #EA 12276 12278
12280 #EA 11392 10
12281 #EA 12280 8
12282 #EA 12279 12281
12283 #EA 12274 12282
12284 #EA 12271 12283
12285 #EA 8775 12270
12286 #EA 1972 12239
12287 #EA 12286 12239
12288 #EA 12285 12287
12289 #EA 8702 12270
12290 #EA 12289 12287
12291 #EA 5900 12290
12292 #EA 9754 12268
12293 #EA 12292 12239
12294 #EA 12293 12254
12295 #EA 12258 8
12296 #EA 12295 10
12297 #EA 12296 5
12298 #EA 12294 12297
12299 #EA 12291 12298
12300 #EA 12288 12299
12301 #EA 2959 12239
12302 #EA 12300 12301
12303 #EA 12284 12302
12304 #EA 12265 12303
12305 #EL #BD 501 0 12304
12306 #EL #BD 28 0 12305
12307 #EL #BD 4 0 12306
#DEF 2564 12243 12307 
2565 #NS 1 add_le_of_le_sub
12308 #EA 2503 10794
12309 #EA 11062 82
12310 #EA 2166 12309
12311 #EA 12310 10
12312 #EP #BD 188 12308 12311
12313 #EP #BD 1108 2487 12312
12314 #EP #BI 318 0 12313
12315 #EP #BI 59 0 12314
12316 #EP #BI 18 0 12315
12317 #EC 2258 
12318 #EA 12317 121
12319 #EA 12318 82
12320 #EA 12319 10
12321 #EL #BD 501 0 11071
12322 #EA 11055 12321
12323 #EA 6253 121
12324 #EA 2166 12323
12325 #EA 12324 82
12326 #EL #BD 2263 12322 12325
12327 #EA 12320 12326
12328 #EC 2370 
12329 #EA 12328 121
12330 #EA 12329 11065
12331 #EA 12330 5
12332 #EA 12327 12331
12333 #EC 2445 
12334 #EA 11093 366
12335 #EA 12333 12334
12336 #EA 12335 121
12337 #EA 12336 8
12338 #EA 3092 12334
12339 #EA 12338 8
12340 #EA 1972 12339
12341 #EA 12340 121
12342 #EA 8775 12341
12343 #EA 11093 8
12344 #EA 3092 12343
12345 #EA 12344 366
12346 #EA 12340 12345
12347 #EA 12342 12346
12348 #EA 8702 12341
12349 #EA 12348 12346
12350 #EA 5900 12349
12351 #EA 9754 121
12352 #EA 12351 12345
12353 #EA 11074 698
12354 #EA 3092 12353
12355 #EA 12354 10
12356 #EA 1972 12355
12357 #EA 12356 5
12358 #EL #BD 1973 0 12357
12359 #EA 12352 12358
12360 #EC 2520 
12361 #EA 12360 121
12362 #EA 12361 366
12363 #EA 12362 12343
12364 #EA 12363 82
12365 #EA 2762 12343
12366 #EA 12365 10898
12367 #EA 12366 5
12368 #EA 12364 12367
12369 #EA 12359 12368
12370 #EA 12350 12369
12371 #EA 12347 12370
12372 #EA 9071 12346
12373 #EA 9074 12346
12374 #EA 6253 8
12375 #EA 11093 12374
12376 #EA 1972 12375
12377 #EA 12376 12375
12378 #EA 12373 12377
12379 #EA 12378 1801
12380 #EA 9672 12340
12381 #EA 12380 12376
12382 #EA 12381 12345
12383 #EA 12382 12375
12384 #EA 9678 12339
12385 #EA 12384 12375
12386 #EA 12385 1972
12387 #EA 9073 0
12388 #EA 12387 12339
12389 #EA 5306 12334
12390 #EA 12388 12389
12391 #EA 12390 12375
12392 #EA 11392 12334
12393 #EA 12392 8
12394 #EA 12391 12393
12395 #EA 12387 12389
12396 #EA 5306 366
12397 #EA 11093 12396
12398 #EA 12395 12397
12399 #EA 12398 12375
12400 #EC 2564 
12401 #EA 12400 8
12402 #EA 12401 698
12403 #EA 12402 366
12404 #EA 12399 12403
12405 #EA 11146 12396
12406 #EA 12405 12374
12407 #EA 12406 11093
12408 #EA 11392 8
12409 #EA 12408 366
12410 #EA 12407 12409
12411 #EA 12404 12410
12412 #EA 12394 12411
12413 #EA 12386 12412
12414 #EA 12383 12413
12415 #EA 12387 12345
12416 #EA 6253 12343
12417 #EA 12415 12416
12418 #EA 12417 12375
12419 #EA 11392 12343
12420 #EA 12419 366
12421 #EA 12418 12420
12422 #EA 12400 366
12423 #EA 12422 698
12424 #EA 12423 8
12425 #EA 12421 12424
12426 #EA 12414 12425
12427 #EA 12379 12426
12428 #EA 9988 12375
12429 #EA 12427 12428
12430 #EA 12372 12429
12431 #EA 12371 12430
12432 #EA 12337 12431
12433 #EL #BD 2264 11071 12432
12434 #EL #BD 1738 0 12433
12435 #EA 12332 12434
12436 #EL #BD 188 12308 12435
12437 #EL #BD 1108 2487 12436
12438 #EL #BI 318 0 12437
12439 #EL #BI 59 0 12438
12440 #EL #BI 18 0 12439
#DEF 2565 12316 12440 
2566 #NS 1 lt_of_succ_le
12441 #EP #BD 188 11804 4637
12442 #EP #BI 28 0 12441
12443 #EP #BI 4 0 12442
12444 #EL #BD 188 11804 5
12445 #EL #BI 28 0 12444
12446 #EL #BI 4 0 12445
#DEF 2566 12443 12446 
2567 #NS 2256 add_le_add_left
2568 #NS 2567 match_1_1
#DEF 2568 11322 11337 
2569 #NS 1 add_le_add_left
12447 #EA 5528 82
12448 #EA 2166 12447
12449 #EA 12448 12179
12450 #EP #BD 501 0 12449
12451 #EP #BD 188 2487 12450
12452 #EP #BI 28 0 12451
12453 #EP #BI 4 0 12452
12454 #EC 2568 
12455 #EA 12454 82
12456 #EA 12455 10
2570 #NI 2259 3345970468
2571 #NS 2570 _hygCtx
2572 #NS 2571 _hyg
2573 #NI 2572 27
12457 #EA 5306 121
12458 #EA 2166 12457
12459 #EA 5306 82
12460 #EA 12458 12459
12461 #EL #BD 2573 11349 12460
12462 #EA 12456 12461
12463 #EA 12328 82
12464 #EA 12463 10
12465 #EA 12464 8
12466 #EA 12462 12465
2574 #NS 0 hw
12467 #EA 5188 366
12468 #EA 3092 12467
12469 #EA 12468 8
12470 #EA 1972 12469
12471 #EA 5188 12374
12472 #EA 12470 12471
12473 #EA 12259 366
12474 #EA 12473 8
12475 #EA 11093 10
12476 #EA 3093 12475
12477 #EA 1972 12476
12478 #EA 3093 366
12479 #EA 12477 12478
12480 #EA 11146 12475
12481 #EA 12480 366
12482 #EA 12481 3093
12483 #EA 12482 8
12484 #EA 11062 860
12485 #EA 12333 12484
12486 #EA 11062 698
12487 #EA 12485 12486
12488 #EA 12487 82
12489 #EA 3092 12484
12490 #EA 12489 82
12491 #EA 12387 12490
12492 #EA 11074 82
12493 #EA 11062 12492
12494 #EA 12491 12493
12495 #EA 12494 12486
12496 #EA 12495 8
12497 #EA 12496 5
12498 #EA 12488 12497
12499 #EZ 768 12479 12483 12498
12500 #EZ 693 12472 12474 12499
12501 #EL #BD 2574 11309 12500
12502 #EL #BD 41 0 12501
12503 #EA 12466 12502
12504 #EL #BD 501 0 12503
12505 #EL #BD 188 2487 12504
12506 #EL #BI 28 0 12505
12507 #EL #BI 4 0 12506
#DEF 2569 12453 12507 
2575 #NS 1 add_lt_add_left
12508 #EA 63 12447
12509 #EA 12508 12179
12510 #EP #BD 501 0 12509
12511 #EP #BD 188 3878 12510
12512 #EP #BI 28 0 12511
12513 #EP #BI 4 0 12512
12514 #EC 2566 
12515 #EA 12514 12447
12516 #EA 12515 12179
12517 #EA 5528 2068
12518 #EA 1970 12517
2576 #NI 2259 2233030042
2577 #NS 2576 _hygCtx
2578 #NS 2577 _hyg
2579 #NI 2578 32
2580 #NI 2274 2233030042
2581 #NS 2580 _hygCtx
2582 #NS 2581 _hyg
2583 #NI 2582 33
12519 #EA 5306 2775
12520 #EA 1972 12519
12521 #EA 12520 5
12522 #EA 5188 121
12523 #EA 2486 12522
12524 #EL #BD 2583 12521 12523
12525 #EL #BD 2579 0 12524
12526 #EA 12518 12525
12527 #EC 2569 
12528 #EA 12527 2068
12529 #EA 12528 10
12530 #EA 10927 82
12531 #EA 12530 10
12532 #EA 12531 8
12533 #EA 12529 12532
12534 #EA 12533 5
12535 #EA 12526 12534
12536 #EA 42 12447
12537 #EA 12535 12536
12538 #EA 11983 5
12539 #EA 12538 82
12540 #EA 12537 12539
12541 #EA 12516 12540
12542 #EL #BD 501 0 12541
12543 #EL #BD 188 3878 12542
12544 #EL #BI 28 0 12543
12545 #EL #BI 4 0 12544
#DEF 2575 12513 12545 
2584 #NS 1 div_lt_self
2585 #NS 0 hLtN
2586 #NS 0 hLtK
12546 #EA 63 477
12547 #EA 12546 8
12548 #EA 7164 82
12549 #EA 12548 10
12550 #EA 63 12549
12551 #EA 12550 82
12552 #EP #BD 2586 12547 12551
12553 #EP #BD 2585 4689 12552
12554 #EP #BI 501 0 12553
12555 #EP #BI 4 0 12554
12556 #EA 8775 12551
12557 #EA 7164 5319
12558 #EA 12557 10
12559 #EA 3092 12558
12560 #EA 12559 477
12561 #EA 10085 12560
12562 #EA 12561 343
12563 #EA 63 12562
12564 #EA 12563 82
12565 #EA 12556 12564
12566 #EA 8702 12551
12567 #EA 12566 12564
12568 #EA 5900 12567
12569 #EA 9754 12549
12570 #EA 12569 12562
12571 #EA 64 121
12572 #EL #BD 1973 0 12571
12573 #EA 12570 12572
12574 #EA 10812 82
12575 #EA 12574 10
12576 #EA 12573 12575
12577 #EA 12568 12576
12578 #EA 12565 12577
12579 #EA 5719 10077
2587 #NI 2243 2302919797
2588 #NS 2587 _hygCtx
2589 #NS 2588 _hyg
2590 #NI 2589 75
12580 #EA 1357 10077
12581 #EA 1357 4714
12582 #EA 1665 12581
12583 #EA 10823 12581
12584 #EA 10825 4694
12585 #EA 12584 10827
12586 #EA 10829 121
12587 #EA 12585 12586
12588 #EA 12583 12587
12589 #EA 12582 12588
12590 #EA 12589 5
12591 #EA 10731 4697
12592 #EA 5568 12591
12593 #EA 10836 4697
12594 #EA 12593 10838
12595 #EA 9192 366
12596 #EA 12594 12595
12597 #EA 12592 12596
12598 #EA 7164 5438
12599 #EA 12598 121
12600 #EA 3092 12599
12601 #EA 12600 477
12602 #EA 12597 12601
12603 #EA 12602 343
12604 #EA 63 12603
12605 #EA 12604 366
12606 #EP #BD 188 12590 12605
12607 #EL #BD 2590 12580 12606
12608 #EA 12579 12607
12609 #EA 10823 12580
12610 #EA 12609 10084
12611 #EA 12608 12610
12612 #EA 1355 10077
2591 #NI 2110 2302919797
2592 #NS 2591 _hygCtx
2593 #NS 2592 _hyg
2594 #NI 2593 76
12613 #EA 1367 4714
12614 #EA 12613 5
12615 #EA 12589 12614
12616 #EA 9071 12605
12617 #EA 9074 12605
12618 #EA 12617 6694
12619 #EA 12618 1801
12620 #EA 10133 12604
12621 #EA 12620 4682
12622 #EA 9678 12603
12623 #EA 12622 343
12624 #EA 12623 63
12625 #EA 9957 12591
12626 #EA 12625 12596
12627 #EA 12626 12601
12628 #EA 12627 343
12629 #EA 9148 12591
12630 #EA 12629 8
12631 #EA 12628 12630
12632 #EA 12624 12631
12633 #EA 12621 12632
12634 #EA 12633 366
12635 #EA 12619 12634
12636 #EA 10983 82
12637 #EA 12635 12636
12638 #EA 12616 12637
12639 #EL #BD 2594 12615 12638
12640 #EL #BD 188 12612 12639
12641 #EA 12611 12640
2595 #NI 2593 80
12642 #EA 1372 4714
12643 #EA 12642 5
12644 #EA 12589 12643
12645 #EA 63 12601
12646 #EA 12645 366
12647 #EC 2150 
12648 #EA 12647 366
12649 #EA 12648 121
2596 #NI 2593 127
12650 #EA 10919 366
12651 #EA 7164 12650
12652 #EA 12651 366
12653 #EA 3092 12652
12654 #EA 12653 477
12655 #EA 63 12654
12656 #EA 12655 698
12657 #EL #BD 2596 12591 12656
12658 #EA 12649 12657
12659 #EA 12658 8
2597 #NI 2224 2302919797
2598 #NS 2597 _hygCtx
2599 #NS 2598 _hyg
2600 #NI 2599 136
12660 #EA 2505 698
12661 #EA 10928 698
12662 #EA 7164 12661
12663 #EA 12662 698
12664 #EA 2166 12663
12665 #EA 12664 12661
12666 #EC 2239 
12667 #EA 12666 12661
12668 #EA 12667 698
12669 #EA 5251 910
12670 #EA 12669 860
12671 #EA 7164 12670
12672 #EA 12671 860
12673 #EA 3092 12672
12674 #EA 12673 860
12675 #EA 2166 12674
12676 #EA 12675 910
12677 #EC 2565 
12678 #EA 12677 12672
12679 #EA 12678 860
12680 #EA 12679 910
12681 #EA 12680 8
12682 #EA 12681 5
12683 #EA 9702 910
12684 #EA 7164 12683
12685 #EA 12684 910
12686 #EA 3092 12685
12687 #EA 12686 477
12688 #EA 5414 12687
12689 #EA 12686 910
12690 #EA 12688 12689
12691 #EA 12690 911
12692 #EC 2575 
12693 #EA 12692 477
12694 #EA 12693 910
12695 #EA 12694 698
12696 #EA 12695 12685
12697 #EA 12691 12696
12698 #EA 12697 5
12699 #EZ 685 12676 12682 12698
12700 #EZ 685 12665 12668 12699
12701 #EL #BD 2220 12660 12700
12702 #EL #BD 2600 4695 12701
12703 #EA 12659 12702
12704 #EA 10946 12660
12705 #EA 5568 12704
12706 #EA 10949 12660
12707 #EA 12706 10951
12708 #EA 6447 698
12709 #EA 12707 12708
12710 #EA 12705 12709
12711 #EA 12710 12654
12712 #EA 12711 343
12713 #EA 63 12712
12714 #EA 12713 698
12715 #EA 9071 12714
12716 #EA 9074 12714
12717 #EA 12716 12656
12718 #EA 12717 1801
12719 #EA 10133 12713
12720 #EA 12719 12655
12721 #EA 9678 12712
12722 #EA 12721 12654
12723 #EA 12722 63
12724 #EA 10222 12704
12725 #EA 12724 12709
12726 #EA 12725 12654
12727 #EA 12726 343
12728 #EA 9074 12704
12729 #EA 12728 10227
12730 #EA 12729 1801
12731 #EA 10977 12660
12732 #EA 12731 1801
12733 #EA 12732 10986
12734 #EA 9052 12660
12735 #EA 12734 10989
12736 #EA 12733 12735
12737 #EA 12730 12736
12738 #EA 12737 10237
12739 #EA 12727 12738
12740 #EA 12723 12739
12741 #EA 12720 12740
12742 #EA 12741 698
12743 #EA 12718 12742
12744 #EA 9052 12656
12745 #EA 12744 5
12746 #EA 12743 12745
12747 #EA 12715 12746
12748 #EZ 685 12646 12703 12747
12749 #EL #BD 2595 12644 12748
12750 #EL #BD 188 10077 12749
12751 #EA 12641 12750
12752 #EA 2117 12580
12753 #EA 12752 12610
12754 #EA 12751 12753
12755 #EA 12578 12754
12756 #EL #BD 2586 12547 12755
12757 #EL #BD 2585 4689 12756
12758 #EL #BI 501 0 12757
12759 #EL #BI 4 0 12758
#DEF 2584 12555 12759 
2601 #NS 2256 zero_lt_of_ne_zero
2602 #NS 2601 match_1_1
2603 #NS 468 Data
2604 #NS 2603 Nat
2605 #NS 2604 Basic
2606 #NI 2605 1980077370
2607 #NS 2606 _hygCtx
2608 #NS 2607 _hyg
2609 #NI 2608 25
12760 #EP #BD 188 11773 20
12761 #EP #BD 2609 0 12760
12762 #EP #BD 188 11842 3788
12763 #EA 11647 5529
12764 #EA 12763 343
12765 #EP #BD 188 12764 6695
12766 #EP #BD 18 0 12765
12767 #EP #BD 113 12766 372
12768 #EP #BD 112 12762 12767
12769 #EP #BD 188 11773 12768
12770 #EP #BD 2609 0 12769
12771 #EP #BD 75 12761 12770
12772 #EP #BD 188 11773 3857
12773 #EL #BD 86 0 12772
12774 #EA 1871 12773
12775 #EA 12774 82
12776 #EA 11647 245
12777 #EA 12776 343
12778 #EL #BD 188 12777 1386
12779 #EA 12775 12778
2610 #NI 2409 1980077370
2611 #NS 2610 _hygCtx
2612 #NS 2611 _hyg
2613 #NI 2612 49
12780 #EL #BD 188 11649 798
12781 #EL #BD 2613 0 12780
12782 #EA 12779 12781
12783 #EA 12782 10
12784 #EL #BD 113 12766 12783
12785 #EL #BD 112 12762 12784
12786 #EL #BD 188 11773 12785
12787 #EL #BD 2609 0 12786
12788 #EL #BD 75 12761 12787
#DEF 2602 12771 12788 
2614 #NS 1 zero_lt_of_ne_zero
12789 #EP #BD 188 11773 4689
12790 #EP #BI 18 0 12789
12791 #EC 2602 
12792 #EL #BD 188 11773 4689
12793 #EL #BD 2609 0 12792
12794 #EA 12791 12793
12795 #EA 12794 8
12796 #EA 12795 5
12797 #EA 11843 4730
12798 #EA 12797 9548
12799 #EA 12798 5
12800 #EL #BD 188 11842 12799
12801 #EA 12796 12800
12802 #EL #BD 188 12764 6621
12803 #EL #BD 18 0 12802
12804 #EA 12801 12803
12805 #EL #BD 188 11773 12804
12806 #EL #BI 18 0 12805
#DEF 2614 12790 12806 
2615 #NS 1 bitwise_rec_lemma
2616 #NS 0 hNe
12807 #EA 9804 516
12808 #EA 63 12807
12809 #EA 12808 8
12810 #EP #BD 2616 11773 12809
12811 #EP #BI 4 0 12810
12812 #EC 2584 
12813 #EA 12812 8
12814 #EA 12813 516
12815 #EC 2614 
12816 #EA 12815 8
12817 #EA 12816 5
12818 #EA 12814 12817
12819 #EA 5550 477
12820 #EA 12818 12819
12821 #EL #BD 2616 11773 12820
12822 #EL #BI 4 0 12821
#DEF 2615 12811 12822 
2617 #NS 2057 Bitwise
2618 #NS 2617 Basic
2619 #NI 2618 0
2620 #NS 2619 Nat
2621 #NS 2620 bitwise
2622 #NS 2621 _unary
2623 #NS 2622 _proof_1
2624 #NS 2108 Bitwise
2625 #NS 2624 Basic
2626 #NI 2625 4198671947
2627 #NS 2626 _hygCtx
2628 #NS 2627 _hyg
2629 #NI 2628 122
12823 #EA 1355 4881
12824 #EC 1704 1 1
12825 #EC 1702 1 1
12826 #EA 12825 0
12827 #EA 12826 463
12828 #EA 12824 12827
12829 #EA 12828 0
12830 #EA 12829 7590
2630 #NS 2089 Bitwise
2631 #NS 2630 Basic
2632 #NI 2631 4198671947
2633 #NS 2632 _hygCtx
2634 #NS 2633 _hyg
2635 #NI 2634 145
12831 #EC 1762 1 1 1
12832 #EA 12831 0
12833 #EA 12832 463
2636 #NS 0 _x
12834 #EL #BD 2636 12827 0
12835 #EA 12833 12834
12836 #EA 12835 5
12837 #EL #BD 28 0 8
12838 #EL #BD 4 0 12837
12839 #EA 12836 12838
12840 #EL #BD 2635 12827 12839
12841 #EA 12830 12840
12842 #EC 1703 1 1
12843 #EA 12842 0
12844 #EA 12843 463
12845 #EA 7164 10
12846 #EA 12845 516
12847 #EA 12844 12846
12848 #EA 12847 12807
12849 #EA 12841 12848
12850 #EA 12844 10
12851 #EA 12850 8
12852 #EA 12849 12851
12853 #EP #BD 2629 12823 12852
12854 #EP #BD 28 0 12853
12855 #EP #BD 4 0 12854
12856 #EA 5900 12852
12857 #EC 2615 
12858 #EA 12857 10
12859 #EA 12858 5
12860 #EA 12856 12859
12861 #EL #BD 2629 12823 12860
12862 #EL #BD 28 0 12861
12863 #EL #BD 4 0 12862
#DEF 2623 12855 12863 
2637 #NS 406 decide
12864 #EP #BC 188 1364 1446
12865 #EP #BD 408 20 12864
12866 #EC 410 1
12867 #EA 12866 8
2638 #NI 89 4037422846
2639 #NS 2638 _hygCtx
2640 #NS 2639 _hyg
2641 #NI 2640 7
12868 #EL #BD 2641 1358 1446
12869 #EA 12867 12868
12870 #EA 12869 5
2642 #NI 2640 12
12871 #EL #BD 2642 5890 1509
12872 #EA 12870 12871
2643 #NI 2640 19
12873 #EL #BD 2643 8 1504
12874 #EA 12872 12873
12875 #EL #BC 188 1364 12874
12876 #EL #BD 408 20 12875
#DEF 2637 12865 12876 
2644 #NS 1 bitwise
2645 #NS 2644 _unary
12877 #EP #BD 2636 12827 0
12878 #EP #BD 82 7424 12877
12879 #EC 1707 1 1
12880 #EA 12879 12827
12881 #EA 12880 12834
12882 #EA 12881 12840
12883 #EA 12841 5
12884 #EA 12883 8
12885 #EP #BD 22 12884 0
12886 #EP #BD 1021 12827 12885
2646 #NI 2634 146
12887 #EP #BD 2646 12886 0
12888 #EL #BD 2636 12827 12887
12889 #EA 12833 12888
12890 #EA 12889 8
12891 #EA 12883 12851
12892 #EP #BD 22 12891 0
12893 #EP #BD 1021 12827 12892
12894 #EA 5993 343
12895 #EA 5490 12894
12896 #EC 1860 
12897 #EA 12896 10
12898 #EA 12897 343
12899 #EA 12895 12898
2647 #NI 2628 121
12900 #EA 698 1509
12901 #EA 12900 1504
12902 #EA 1666 12901
12903 #EA 12902 1504
12904 #EA 5490 12903
12905 #EA 3705 12901
12906 #EA 12905 1504
12907 #EA 12904 12906
2648 #NI 2628 113
12908 #EL #BD 2648 12903 82
12909 #EA 12907 12908
2649 #NI 2628 114
12910 #EA 1355 12903
12911 #EL #BD 2649 12910 343
12912 #EA 12909 12911
12913 #EL #BD 2647 12894 12912
12914 #EA 12899 12913
12915 #EA 1355 12894
2650 #NI 2628 119
12916 #EA 1590 1509
12917 #EA 1666 12916
12918 #EA 12917 1504
12919 #EA 5490 12918
12920 #EA 3705 12916
12921 #EA 12920 1504
12922 #EA 12919 12921
2651 #NI 2628 115
12923 #EL #BD 2651 12918 366
12924 #EA 12922 12923
2652 #NI 2628 116
12925 #EA 1355 12918
12926 #EL #BD 2652 12925 343
12927 #EA 12924 12926
12928 #EL #BD 2650 12894 12927
12929 #EA 12899 12928
2653 #NI 2628 120
2654 #NS 0 n'
12930 #EA 7164 121
12931 #EA 12930 516
2655 #NS 0 m'
2656 #NS 0 b₁
12932 #EA 6604 698
12933 #EA 12932 516
12934 #EA 1972 12933
12935 #EA 12934 477
2657 #NS 0 b₂
12936 #EA 12844 82
12937 #EA 12936 10
12938 #EA 698 12937
12939 #EC 2623 
12940 #EA 12939 910
12941 #EA 12940 860
12942 #EA 12941 366
12943 #EA 12938 12942
12944 #EC 2637 
12945 #EA 12944 10
12946 #EA 6604 911
12947 #EA 12946 516
12948 #EA 12896 12947
12949 #EA 12948 477
12950 #EA 12945 12949
12951 #EA 2582 12950
12952 #EA 12944 8
12953 #EA 6604 910
12954 #EA 12953 516
12955 #EA 12896 12954
12956 #EA 12955 477
12957 #EA 12952 12956
12958 #EA 12951 12957
12959 #EA 1666 12958
12960 #EA 12959 1504
12961 #EA 5490 12960
12962 #EA 3705 12958
12963 #EA 12962 1504
12964 #EA 12961 12963
2658 #NI 2628 117
12965 #EA 5306 8
12966 #EA 3092 12965
12967 #EA 12966 477
12968 #EL #BD 2658 12960 12967
12969 #EA 12964 12968
2659 #NI 2628 118
12970 #EA 1355 12960
12971 #EL #BD 2659 12970 12965
12972 #EA 12969 12971
12973 #EZ 232 0 12943 12972
12974 #EZ 2657 20 12935 12973
12975 #EZ 2656 20 12935 12974
12976 #EZ 2655 0 12931 12975
12977 #EZ 2654 0 12931 12976
12978 #EL #BD 2653 12915 12977
12979 #EA 12929 12978
12980 #EL #BD 2629 12915 12979
12981 #EA 12914 12980
12982 #EL #BD 22 12893 12981
12983 #EL #BD 28 0 12982
12984 #EL #BD 4 0 12983
12985 #EA 12890 12984
12986 #EA 12985 5
12987 #EL #BD 22 12886 12986
12988 #EL #BD 2636 12827 12987
12989 #EA 12882 12988
12990 #EL #BD 82 7424 12989
#DEF 2645 12878 12990 
12991 #EP #BD 82 7424 5539
12992 #EC 2645 
12993 #EA 12992 10
12994 #EA 12844 8
12995 #EA 12994 5
12996 #EA 12993 12995
12997 #EL #BD 28 0 12996
12998 #EL #BD 4 0 12997
12999 #EL #BD 82 7424 12998
#DEF 2644 12991 12999 
2660 #NS 1 land
13000 #EC 2644 
13001 #EC 1687 
13002 #EA 13000 13001
#DEF 2660 405 13002 
2661 #NS 1 shiftLeft
2662 #NS 2661 match_1
#DEF 2662 377 393 49
2663 #NS 1 shiftRight
2664 #NI 2631 825848865
2665 #NS 2664 _hygCtx
2666 #NS 2665 _hyg
2667 #NI 2666 9
2668 #NI 2666 10
13003 #EC 2662 1
13004 #EA 13003 416
13005 #EA 13004 5
13006 #EA 13005 10
13007 #EA 13006 4039
2669 #NI 2666 61
13008 #EA 7164 426
13009 #EA 13008 516
13010 #EL #BD 2669 424 13009
13011 #EL #BD 28 0 13010
13012 #EL #BD 4 0 13011
13013 #EA 13007 13012
13014 #EA 13013 8
13015 #EL #BD 2667 0 13014
13016 #EL #BD 82 412 13015
13017 #EL #BD 2668 0 13016
13018 #EA 409 13017
13019 #EA 13018 8
13020 #EL #BD 2668 0 13019
13021 #EL #BD 2667 0 13020
#DEF 2663 405 13021 
2670 #NS 1 hasNotBit
13022 #EC 2660 
13023 #EA 1058 474
13024 #EA 13023 476
13025 #EA 13022 13024
13026 #EC 2663 
13027 #EA 13026 8
13028 #EA 13027 5
13029 #EA 13025 13028
13030 #EA 11647 13029
13031 #EA 13030 477
13032 #EL #BD 4 0 13031
13033 #EL #BD 28 0 13032
#DEF 2670 49 13033 
2671 #NS 1617 ctorIdx
2672 #NI 1651 1947351749
2673 #NS 2672 _hygCtx
2674 #NS 2673 _hyg
2675 #NI 2674 6
13034 #EP #BD 2675 7292 0
13035 #EC 1698 1
13036 #EL #BD 86 7292 0
13037 #EA 13035 13036
13038 #EA 13037 5
13039 #EL #BD 1619 7291 339
13040 #EA 13038 13039
13041 #EL #BD 1338 7294 474
13042 #EL #BD 1621 7292 13041
13043 #EA 13040 13042
13044 #EL #BD 86 7292 13043
#DEF 2671 13034 13044 
2676 #NS 1617 beq
2677 #NS 2676 _sparseCasesOn_1
2678 #NS 0 else
2679 #NS 2678 _@
2680 #NS 2679 LeanToLambdaBox
2681 #NS 2680 Semantics
2682 #NS 2681 Substitution
2683 #NI 2682 2408276647
2684 #NS 2683 _hygCtx
2685 #NS 2684 _hyg
2686 #NI 2685 90
13045 #EC 2670 
13046 #EA 13045 474
13047 #EC 2671 
13048 #EA 13047 8
13049 #EA 13046 13048
13050 #EP #BD 188 13049 316
13051 #EP #BD 2686 13050 316
13052 #EP #BD 1699 7516 13051
13053 #EP #BD 76 7292 13052
13054 #EP #BI 75 7435 13053
13055 #EA 13047 5
13056 #EA 13046 13055
13057 #EP #BD 188 13056 257
13058 #EP #BD 2686 13057 257
13059 #EL #BD 76 7292 13058
13060 #EA 7526 13059
13061 #EA 13047 7469
13062 #EA 13046 13061
13063 #EA 7468 8
13064 #EA 121 13063
13065 #EP #BD 188 13062 13064
13066 #EL #BD 2686 13065 229
13067 #EL #BD 1619 7291 13066
13068 #EA 13060 13067
13069 #EP #BD 188 13049 2236
13070 #EP #BD 2686 13069 2236
13071 #EA 13047 7484
13072 #EA 13046 13071
13073 #EA 7482 82
13074 #EA 13073 10
13075 #EA 698 13074
13076 #EP #BD 188 13072 13075
13077 #EA 13026 474
13078 #EA 13077 474
13079 #EA 13025 13078
13080 #EA 8325 13079
13081 #EA 13080 477
13082 #EA 2118 1509
13083 #EA 13081 13082
13084 #EA 5 13083
13085 #EL #BD 2686 13076 13084
13086 #EL #BD 1695 13070 13085
13087 #EL #BD 1338 7294 13086
13088 #EL #BD 1621 7292 13087
13089 #EA 13068 13088
13090 #EA 13089 8
13091 #EL #BD 1699 7516 13090
13092 #EL #BD 76 7292 13091
13093 #EL #BI 75 7435 13092
#DEF 2677 13054 13093 8
2687 #NS 2676 _sparseCasesOn_2
13094 #EA 82 7518
13095 #EP #BD 1338 7294 13094
13096 #EP #BD 1621 7292 13095
2688 #NI 2685 93
13097 #EA 13045 513
13098 #EA 13097 13048
13099 #EP #BD 188 13098 316
13100 #EP #BD 2688 13099 316
13101 #EP #BD 1700 13096 13100
13102 #EP #BD 76 7292 13101
13103 #EP #BI 75 7435 13102
13104 #EA 13097 13055
13105 #EP #BD 188 13104 257
13106 #EP #BD 2688 13105 257
13107 #EL #BD 76 7292 13106
13108 #EA 7526 13107
13109 #EA 13097 13061
13110 #EP #BD 188 13109 13064
13111 #EA 13026 513
13112 #EA 13111 339
13113 #EA 13025 13112
13114 #EA 8325 13113
13115 #EA 13114 477
13116 #EA 13115 13082
13117 #EA 5 13116
13118 #EL #BD 2688 13110 13117
13119 #EL #BD 1619 7291 13118
13120 #EA 13108 13119
13121 #EP #BD 188 13098 2236
13122 #EP #BD 2688 13121 2236
13123 #EA 13097 13071
13124 #EP #BD 188 13123 13075
13125 #EL #BD 2688 13124 372
13126 #EL #BD 1695 13122 13125
13127 #EL #BD 1338 7294 13126
13128 #EL #BD 1621 7292 13127
13129 #EA 13120 13128
13130 #EA 13129 8
13131 #EL #BD 1700 13096 13130
13132 #EL #BD 76 7292 13131
13133 #EL #BI 75 7435 13132
#DEF 2687 13103 13133 8
2689 #NS 2676 match_1
2690 #NS 1650 Semantics
2691 #NS 2690 Substitution
2692 #NI 2691 2408276647
2693 #NS 2692 _hygCtx
2694 #NI 2693 7
2695 #NS 2694 LeanToLambdaBox
2696 #NS 2695 Semantics
2697 #NS 2696 Substitution
2698 #NI 2697 2408276647
2699 #NS 2698 _hygCtx
2700 #NS 2699 _hyg
2701 #NI 2700 26
2702 #NI 2693 8
2703 #NS 2702 LeanToLambdaBox
2704 #NS 2703 Semantics
2705 #NS 2704 Substitution
2706 #NI 2705 2408276647
2707 #NS 2706 _hygCtx
2708 #NS 2707 _hyg
2709 #NI 2708 29
13134 #EP #BD 2709 7292 335
13135 #EP #BD 2701 7292 13134
2710 #NS 0 dp1
2711 #NS 0 dp2
13136 #EA 13064 7469
13137 #EP #BD 2711 7291 13136
13138 #EP #BD 2710 7291 13137
2712 #NS 0 mp1
2713 #NS 0 s1
2714 #NS 0 mp2
2715 #NS 0 s2
13139 #EA 860 13074
13140 #EA 13139 7518
13141 #EP #BD 2715 7294 13140
13142 #EP #BD 2714 7292 13141
13143 #EP #BD 2713 7294 13142
13144 #EP #BD 2712 7292 13143
2716 #NS 2693 _hyg
2717 #NI 2716 77
2718 #NI 2716 76
13145 #EP #BD 2718 7292 3857
13146 #EP #BD 2717 7292 13145
13147 #EP #BD 455 13146 1457
13148 #EP #BD 113 13144 13147
13149 #EP #BD 112 13138 13148
13150 #EP #BD 2709 7292 13149
13151 #EP #BD 2701 7292 13150
13152 #EP #BD 75 13135 13151
13153 #EC 1698 11
13154 #EL #BD 86 7292 1465
13155 #EA 13153 13154
13156 #EA 13155 121
2719 #NS 1894 LeanToLambdaBox
2720 #NS 2719 Semantics
2721 #NS 2720 Substitution
2722 #NI 2721 2408276647
2723 #NS 2722 _hygCtx
2724 #NS 2723 _hyg
2725 #NI 2724 87
13157 #EC 2677 11
13158 #EA 860 13063
13159 #EA 13158 5
13160 #EL #BD 86 7292 13159
13161 #EA 13157 13160
13162 #EA 13161 121
2726 #NI 2724 91
13163 #EL #BD 2726 7291 2494
13164 #EA 13162 13163
2727 #NS 572 LeanToLambdaBox
2728 #NS 2727 Semantics
2729 #NS 2728 Substitution
2730 #NI 2729 2408276647
2731 #NS 2730 _hygCtx
2732 #NS 2731 _hyg
2733 #NI 2732 92
13165 #EA 13047 121
13166 #EA 13046 13165
13167 #EA 10 13063
13168 #EA 13167 366
13169 #EL #BD 2733 13166 13168
13170 #EA 13164 13169
13171 #EL #BD 2725 7291 13170
13172 #EA 13156 13171
2734 #NS 1621 _@
2735 #NS 2734 LeanToLambdaBox
2736 #NS 2735 Semantics
2737 #NS 2736 Substitution
2738 #NI 2737 2408276647
2739 #NS 2738 _hygCtx
2740 #NS 2739 _hyg
2741 #NI 2740 88
2742 #NS 1338 _@
2743 #NS 2742 LeanToLambdaBox
2744 #NS 2743 Semantics
2745 #NS 2744 Substitution
2746 #NI 2745 2408276647
2747 #NS 2746 _hygCtx
2748 #NS 2747 _hyg
2749 #NI 2748 89
13173 #EC 2687 11
13174 #EA 910 7484
13175 #EA 13174 5
13176 #EL #BD 86 7292 13175
13177 #EA 13173 13176
13178 #EA 13177 366
2750 #NI 2740 94
2751 #NI 2748 95
13179 #EA 7605 10
13180 #EA 13179 8
13181 #EA 13180 5
13182 #EL #BD 2751 7294 13181
13183 #EL #BD 2750 7292 13182
13184 #EA 13178 13183
2752 #NI 2732 96
13185 #EA 13047 366
13186 #EA 13097 13185
13187 #EA 7492 698
13188 #EL #BD 2752 13186 13187
13189 #EA 13184 13188
13190 #EL #BD 2749 7294 13189
13191 #EL #BD 2741 7292 13190
13192 #EA 13172 13191
13193 #EL #BD 455 13146 13192
13194 #EL #BD 113 13144 13193
13195 #EL #BD 112 13138 13194
13196 #EL #BD 2709 7292 13195
13197 #EL #BD 2701 7292 13196
13198 #EL #BD 75 13135 13197
#DEF 2689 13152 13198 49
2753 #NS 0 BEq
2754 #NS 2753 mk
2755 #NS 0 beq
13199 #EP #BD 22 8 1446
13200 #EP #BD 22 5 13199
13201 #EC 2753 2
13202 #EA 13201 8
13203 #EP #BD 2755 13200 13202
13204 #EP #BI 7 3 13203
#IND 1 2753 15 1 2754 13204 8
2756 #NS 2753 beq
13205 #EA 13201 5
13206 #EP #BD 22 10 1446
13207 #EP #BD 22 8 13206
13208 #EP #BC 24 13205 13207
13209 #EP #BI 7 3 13208
13210 #EJ 2753 0 5
13211 #EL #BC 24 13205 13210
13212 #EL #BD 7 3 13211
#DEF 2756 13209 13212 8
2757 #NS 5 beq
2758 #NS 2757 match_1
2759 #NS 2088 List
2760 #NS 2759 Basic
2761 #NI 2760 2408276647
2762 #NS 2761 _hygCtx
2763 #NI 2762 15
2764 #NS 2763 Init
2765 #NS 2764 Data
2766 #NS 2765 List
2767 #NS 2766 Basic
2768 #NI 2767 2408276647
2769 #NS 2768 _hygCtx
2770 #NS 2769 _hyg
2771 #NI 2770 34
2772 #NI 2762 16
2773 #NS 2772 Init
2774 #NS 2773 Data
2775 #NS 2774 List
2776 #NS 2775 Basic
2777 #NI 2776 2408276647
2778 #NS 2777 _hygCtx
2779 #NS 2778 _hyg
2780 #NI 2779 37
13213 #EA 855 854
13214 #EP #BD 0 333 13213
13215 #EA 1174 82
13216 #EA 13215 10
13217 #EA 860 13216
13218 #EA 1174 8
13219 #EA 13218 5
13220 #EA 13217 13219
13221 #EP #BD 233 1147 13220
13222 #EP #BD 59 698 13221
13223 #EP #BD 294 858 13222
13224 #EP #BD 18 121 13223
2781 #NS 2762 _hyg
2782 #NI 2781 85
2783 #NI 2781 84
13225 #EP #BD 2783 881 3857
13226 #EP #BD 2782 858 13225
13227 #EP #BD 455 13226 1457
13228 #EP #BD 113 13224 13227
13229 #EP #BD 112 13214 13228
13230 #EP #BD 2780 1112 13229
13231 #EP #BD 2771 852 13230
13232 #EP #BD 75 1111 13231
13233 #EP #BI 7 131 13232
13234 #EA 875 698
13235 #EL #BD 86 881 1465
13236 #EA 13234 13235
13237 #EA 13236 121
13238 #EA 853 860
13239 #EA 698 13238
13240 #EA 13239 5
13241 #EL #BD 86 881 13240
13242 #EA 13234 13241
13243 #EA 13242 82
13244 #EA 13243 1587
2784 #NS 235 Data
2785 #NS 2784 List
2786 #NS 2785 Basic
2787 #NI 2786 2408276647
2788 #NS 2787 _hygCtx
2789 #NS 2788 _hyg
2790 #NI 2789 97
2791 #NS 242 Data
2792 #NS 2791 List
2793 #NS 2792 Basic
2794 #NI 2793 2408276647
2795 #NS 2794 _hygCtx
2796 #NS 2795 _hyg
2797 #NI 2796 98
13245 #EA 853 910
13246 #EA 10 13245
13247 #EA 13246 13219
13248 #EL #BD 2797 1147 13247
13249 #EL #BD 2790 698 13248
13250 #EA 13244 13249
13251 #EA 13237 13250
2798 #NI 2789 95
2799 #NI 2796 96
13252 #EA 875 910
13253 #EA 1178 10
13254 #EA 13253 8
13255 #EA 910 13254
13256 #EA 13255 5
13257 #EL #BD 86 1148 13256
13258 #EA 13252 13257
13259 #EA 13258 366
13260 #EA 10 13219
13261 #EA 13260 13245
13262 #EA 13259 13261
2800 #NI 2789 99
2801 #NI 2796 100
13263 #EL #BD 2801 1149 13181
13264 #EL #BD 2800 910 13263
13265 #EA 13262 13264
13266 #EL #BD 2799 1147 13265
13267 #EL #BD 2798 698 13266
13268 #EA 13251 13267
13269 #EL #BD 455 13226 13268
13270 #EL #BD 113 13224 13269
13271 #EL #BD 112 13214 13270
13272 #EL #BD 2780 1112 13271
13273 #EL #BD 2771 852 13272
13274 #EL #BD 75 1111 13273
13275 #EL #BI 7 131 13274
#DEF 2758 13233 13275 49 50
2802 #NS 53 Data
2803 #NS 2802 List
2804 #NS 2803 Basic
2805 #NI 2804 2408276647
2806 #NS 2805 _hygCtx
2807 #NS 2806 _hyg
2808 #NI 2807 5
13276 #EP #BD 22 11 1446
13277 #EP #BD 22 9 13276
13278 #EP #BC 2808 13205 13277
13279 #EP #BI 7 3 13278
2809 #NI 2781 15
2810 #NI 2781 16
13280 #EA 894 82
13281 #EP #BD 2810 690 1446
13282 #EL #BD 2809 644 13281
13283 #EA 13280 13282
13284 #EA 13283 8
13285 #EA 900 121
13286 #EP #BD 2810 754 1446
13287 #EL #BD 2809 690 13286
13288 #EA 13285 13287
13289 #EA 13288 5
13290 #EC 2758 2 3
13291 #EA 13290 698
2811 #NI 2781 101
13292 #EP #BD 2810 912 1446
13293 #EL #BD 2809 917 13292
13294 #EA 938 13293
13295 #EA 13294 8
13296 #EP #BD 2811 13295 1446
13297 #EL #BD 2780 909 13296
13298 #EL #BD 2771 925 13297
13299 #EA 13291 13298
13300 #EA 13299 10
13301 #EA 13300 5
13302 #EP #BD 2810 917 1446
13303 #EL #BD 2809 909 13302
13304 #EA 908 13303
13305 #EA 13304 933
13306 #EL #BD 2811 13305 1504
13307 #EL #BD 173 333 13306
13308 #EA 13301 13307
13309 #EA 900 939
13310 #EA 4 2536
13311 #EP #BD 2810 13310 1446
13312 #EL #BD 2809 940 13311
13313 #EA 13309 13312
13314 #EA 697 939
13315 #EA 13314 82
13316 #EA 13315 10
13317 #EA 13313 13316
13318 #EC 2756 2
13319 #EA 13318 2536
13320 #EA 13319 939
13321 #EA 13320 121
13322 #EA 13321 10
13323 #EA 13001 13322
13324 #EA 13323 950
13325 #EL #BD 2811 13317 13324
13326 #EL #BD 233 912 13325
13327 #EL #BD 59 910 13326
13328 #EL #BD 294 909 13327
13329 #EL #BD 18 698 13328
13330 #EA 13308 13329
13331 #EL #BD 2811 13295 1509
13332 #EL #BD 2783 909 13331
13333 #EL #BD 2782 925 13332
13334 #EA 13330 13333
13335 #EA 13334 8
13336 #EL #BD 2810 754 13335
13337 #EL #BD 82 13289 13336
13338 #EL #BD 2809 644 13337
13339 #EA 13284 13338
13340 #EA 13339 5
13341 #EL #BD 2810 11 13340
13342 #EL #BD 2809 9 13341
13343 #EL #BC 2808 13205 13342
13344 #EL #BI 7 3 13343
#DEF 2757 13279 13344 8
2812 #NS 5 instBEq
2813 #NI 2804 3277237202
2814 #NS 2813 _hygCtx
2815 #NS 2814 _hyg
2816 #NI 2815 5
13345 #EA 13201 9
13346 #EP #BC 2816 13205 13345
13347 #EP #BI 7 3 13346
13348 #EC 2754 2
13349 #EA 13348 9
13350 #EC 2757 2
13351 #EA 13350 8
13352 #EA 13351 5
13353 #EA 13349 13352
13354 #EL #BC 2816 13205 13353
13355 #EL #BI 7 3 13354
#DEF 2812 13347 13355 8
2817 #NS 0 instBEqOfDecidableEq
2818 #NI 54 2223096031
2819 #NS 2818 _hygCtx
2820 #NS 2819 _hyg
2821 #NI 2820 5
13356 #EC 461 12
13357 #EA 13356 5
13358 #EC 2753 11
13359 #EA 13358 8
13360 #EP #BC 2821 13357 13359
13361 #EP #BI 7 131 13360
13362 #EC 2754 11
13363 #EA 13362 8
13364 #EC 204 12
13365 #EA 13364 82
13366 #EA 13365 8
13367 #EA 13366 5
13368 #EA 12944 13367
13369 #EA 13368 798
13370 #EL #BD 59 10 13369
13371 #EL #BD 18 8 13370
13372 #EA 13363 13371
13373 #EL #BC 2821 13357 13372
13374 #EL #BI 7 131 13373
#DEF 2817 13361 13374 49
2822 #NS 1593 casesOn
13375 #EP #BD 76 7278 72
2823 #NS 0 ofByteArray
13376 #EC 1598 
13377 #EA 13376 8
13378 #EA 13377 5
13379 #EA 82 13378
13380 #EP #BD 1600 7277 13379
13381 #EP #BD 1599 533 13380
13382 #EP #BD 2823 13381 229
13383 #EP #BD 76 7278 13382
13384 #EP #BI 75 13375 13383
2824 #NS 1593 rec
13385 #EC 2824 2
13386 #EA 13385 10
13387 #EL #BD 1600 7277 798
13388 #EL #BD 1599 533 13387
13389 #EA 13386 13388
13390 #EA 13389 8
13391 #EL #BD 2823 13381 13390
13392 #EL #BD 76 7278 13391
13393 #EL #BI 75 13375 13392
#DEF 2822 13384 13393 8
2825 #NS 12 casesOn
13394 #EP #BD 76 966 335
13395 #EA 976 82
13396 #EA 13395 5
13397 #EA 10 13396
13398 #EP #BD 14 11 13397
13399 #EP #BD 249 13398 229
13400 #EP #BD 76 17 13399
13401 #EP #BI 75 13394 13400
13402 #EP #BI 7 3 13401
2826 #NS 12 rec
13403 #EC 2826 11 2
13404 #EA 13403 82
13405 #EA 13404 10
13406 #EL #BD 14 644 356
13407 #EA 13405 13406
13408 #EA 13407 8
13409 #EL #BD 249 13398 13408
13410 #EL #BD 76 17 13409
13411 #EL #BI 75 13394 13410
13412 #EL #BI 7 3 13411
#DEF 2825 13402 13412 49 8
2827 #NS 1593 decEq
2828 #NS 2827 match_3
2829 #NS 0 s₁
2830 #NS 2829 _@
2831 #NS 2830 Init
2832 #NS 2831 Prelude
2833 #NI 2832 18944143
2834 #NS 2833 _hygCtx
2835 #NS 2834 _hyg
2836 #NI 2835 16
2837 #NS 0 s₂
2838 #NS 2837 _@
2839 #NS 2838 Init
2840 #NS 2839 Prelude
2841 #NI 2840 18944143
2842 #NS 2841 _hygCtx
2843 #NS 2842 _hyg
2844 #NI 2843 18
13413 #EP #BD 2844 7278 335
13414 #EP #BD 2836 7278 13413
2845 #NS 1600 _@
2846 #NS 2845 Init
2847 #NS 2846 Prelude
2848 #NI 2847 18944143
2849 #NS 2848 _hygCtx
2850 #NS 2849 _hyg
2851 #NI 2850 48
13415 #EC 13 0
13416 #EA 13415 529
13417 #EA 13416 5
13418 #EA 809 13417
13419 #EA 7271 13418
2852 #NI 2850 47
13420 #EA 13416 82
13421 #EA 809 13420
13422 #EA 13376 13421
13423 #EA 13422 10
13424 #EA 698 13423
13425 #EA 13416 8
13426 #EA 809 13425
13427 #EA 13376 13426
13428 #EA 13427 5
13429 #EA 13424 13428
13430 #EP #BD 2852 13419 13429
13431 #EP #BD 2837 768 13430
13432 #EP #BD 2851 13419 13431
13433 #EP #BD 2829 768 13432
13434 #EP #BD 112 13433 756
13435 #EP #BD 2844 7278 13434
13436 #EP #BD 2836 7278 13435
13437 #EP #BD 75 13414 13436
13438 #EC 2822 11
13439 #EL #BD 86 7278 836
13440 #EA 13438 13439
13441 #EA 13440 10
2853 #NS 1599 _@
2854 #NS 2853 Init
2855 #NS 2854 Prelude
2856 #NI 2855 18944143
2857 #NS 2856 _hygCtx
2858 #NS 2857 _hyg
2859 #NI 2858 129
2860 #NI 2850 130
13442 #EA 860 13378
13443 #EA 13442 366
13444 #EP #BD 2860 7277 13443
13445 #EL #BD 86 533 13444
13446 #EA 835 13445
13447 #EA 13446 8
2861 #NI 271 18944143
2862 #NS 2861 _hygCtx
2863 #NS 2862 _hyg
2864 #NI 2863 131
13448 #EA 7271 810
13449 #EC 2825 11 0
13450 #EA 13449 529
13451 #EA 13376 826
13452 #EA 13451 5
13453 #EA 911 13452
13454 #EA 13453 860
13455 #EP #BD 2860 13448 13454
13456 #EL #BD 86 532 13455
13457 #EA 13450 13456
13458 #EA 13457 8
2865 #NS 14 _@
2866 #NS 2865 Init
2867 #NS 2866 Prelude
2868 #NI 2867 18944143
2869 #NS 2868 _hygCtx
2870 #NS 2869 _hyg
2871 #NI 2870 132
13459 #EA 13416 10
13460 #EA 809 13459
13461 #EA 13376 13460
13462 #EA 13461 8
13463 #EA 939 13462
13464 #EA 13463 5
13465 #EL #BD 86 7278 13464
13466 #EA 13438 13465
13467 #EA 13466 860
2872 #NI 2858 133
2873 #NI 2850 134
13468 #EA 13416 366
13469 #EA 809 13468
13470 #EA 13376 13469
13471 #EA 13470 121
13472 #EA 2591 13471
13473 #EA 13472 13378
13474 #EP #BD 2873 7277 13473
13475 #EL #BD 86 533 13474
13476 #EA 835 13475
13477 #EA 13476 8
2874 #NI 2863 135
13478 #EA 13416 860
13479 #EA 809 13478
13480 #EA 13376 13479
13481 #EA 13480 698
13482 #EA 2682 13481
13483 #EA 13482 13452
13484 #EP #BD 2873 13448 13483
13485 #EL #BD 86 532 13484
13486 #EA 13450 13485
13487 #EA 13486 8
2875 #NI 2870 136
13488 #EA 2582 860
13489 #EA 13488 698
13490 #EA 13489 8
13491 #EA 13490 5
13492 #EL #BD 2873 13419 13491
13493 #EL #BD 2875 768 13492
13494 #EA 13487 13493
13495 #EA 13494 5
13496 #EL #BD 2873 13448 13495
13497 #EL #BD 2874 532 13496
13498 #EA 13477 13497
13499 #EA 13498 5
13500 #EL #BD 2873 7277 13499
13501 #EL #BD 2872 533 13500
13502 #EA 13467 13501
13503 #EL #BD 2860 13419 13502
13504 #EL #BD 2871 768 13503
13505 #EA 13458 13504
13506 #EA 13505 5
13507 #EL #BD 2860 13448 13506
13508 #EL #BD 2864 532 13507
13509 #EA 13447 13508
13510 #EA 13509 5
13511 #EL #BD 2860 7277 13510
13512 #EL #BD 2859 533 13511
13513 #EA 13441 13512
13514 #EL #BD 112 13433 13513
13515 #EL #BD 2844 7278 13514
13516 #EL #BD 2836 7278 13515
13517 #EL #BD 75 13414 13516
#DEF 2828 13437 13517 49
2876 #NS 5 hasDecEq
2877 #NS 2876 _proof_1
13518 #EA 13364 848
13519 #EA 853 5
13520 #EA 13518 13519
13521 #EA 13520 13519
13522 #EP #BI 7 131 13521
13523 #EC 482 12
13524 #EA 13523 848
13525 #EA 13524 13519
13526 #EL #BI 7 131 13525
#DEF 2877 13522 13526 49
2878 #NS 5 noConfusionType
2879 #NS 0 α'
13527 #EP #BI 2879 3 633
13528 #EP #BD 76 6 13527
13529 #EP #BI 7 3 13528
13530 #EP #BD 484 335 13529
13531 #EC 211 12 2
13532 #EA 13531 82
13533 #EL #BD 76 644 335
13534 #EA 13532 13533
13535 #EA 13534 10
13536 #EA 13531 8
13537 #EL #BD 76 9 335
13538 #EA 13536 13537
13539 #EA 13538 5
2880 #NI 89 3789667573
2881 #NS 2880 _hygCtx
2882 #NS 2881 _hyg
2883 #NI 2882 13
13540 #EP #BD 2883 121 366
13541 #EA 13539 13540
13542 #EL #BD 11 11 698
13543 #EL #BD 10 8 13542
13544 #EA 13541 13543
13545 #EA 13535 13544
13546 #EA 13535 698
2884 #NI 2882 14
2885 #NS 0 head_eq
13547 #EC 512 3
13548 #EA 13547 860
13549 #EA 13548 82
13550 #EA 13549 366
13551 #EA 13550 8
2886 #NS 0 tail_eq
13552 #EA 13547 917
13553 #EA 13552 82
13554 #EA 13553 925
13555 #EA 13554 8
13556 #EP #BD 2886 13555 939
13557 #EP #BD 2885 13551 13556
13558 #EP #BD 2884 13557 911
13559 #EL #BD 11 690 13558
13560 #EL #BD 10 82 13559
13561 #EA 13546 13560
13562 #EL #BD 11 690 13561
13563 #EL #BD 10 82 13562
13564 #EA 13545 13563
13565 #EL #BD 485 6 13564
13566 #EL #BI 2879 3 13565
13567 #EL #BD 76 6 13566
13568 #EL #BI 7 3 13567
13569 #EL #BD 484 335 13568
#DEF 2878 13530 13569 49 8
2887 #NS 5 noConfusion
2888 #NS 0 eq_1
27 #US 3
13570 #EC 204 27
13571 #EA 13570 3
13572 #EA 13571 82
13573 #EA 13572 8
2889 #NS 0 eq_2
13574 #EA 13547 690
13575 #EA 13574 82
13576 #EA 13575 11
13577 #EA 13576 8
13578 #EC 2878 11 2
13579 #EA 13578 698
13580 #EA 13579 366
13581 #EA 13580 121
13582 #EA 13581 82
13583 #EA 13582 10
13584 #EP #BD 2889 13577 13583
13585 #EP #BD 2888 13573 13584
13586 #EP #BI 485 6 13585
13587 #EP #BI 2879 3 13586
13588 #EP #BI 76 6 13587
13589 #EP #BI 7 3 13588
13590 #EP #BI 484 335 13589
28 #UIM 3 11
13591 #EC 490 28 27
13592 #EA 13591 3
13593 #EA 13592 366
13594 #EA 13547 909
13595 #EA 13594 698
13596 #EA 13595 9
13597 #EA 13596 5
13598 #EA 13578 911
13599 #EA 13598 910
13600 #EA 13599 860
13601 #EA 13600 10
13602 #EA 13601 8
13603 #EP #BD 2889 13597 13602
13604 #EP #BI 485 6 13603
13605 #EL #BI 2879 3 13604
13606 #EA 13593 13605
13607 #EA 13547 925
13608 #EA 13607 366
13609 #EA 13608 925
13610 #EA 13609 5
13611 #EC 490 11 3
13612 #EA 13611 909
13613 #EA 13612 698
13614 #EA 13600 910
13615 #EA 13614 5
13616 #EL #BI 485 909 13615
13617 #EA 13613 13616
13618 #EC 211 11 2
13619 #EA 13618 860
13620 #EA 13599 5
13621 #EA 13620 910
13622 #EA 13621 5
13623 #EL #BI 76 909 13622
13624 #EA 13619 13623
13625 #EA 13624 698
13626 #EL #BD 501 910 5
13627 #EA 13625 13626
13628 #EA 13547 911
13629 #EA 13628 8
13630 #EA 13629 911
13631 #EA 13630 8
13632 #EA 13547 940
13633 #EA 13632 8
13634 #EA 13633 940
13635 #EA 13634 8
13636 #EP #BD 2886 13635 2582
13637 #EP #BD 2885 13631 13636
13638 #EC 513 3
13639 #EA 13638 939
13640 #EA 13639 10
13641 #EA 5 13640
13642 #EA 13638 940
13643 #EA 13642 8
13644 #EA 13641 13643
13645 #EL #BD 501 13637 13644
13646 #EL #BD 11 917 13645
13647 #EL #BD 10 860 13646
13648 #EA 13627 13647
13649 #EA 13617 13648
13650 #EA 13649 8
13651 #EC 683 3
13652 #EA 13651 909
13653 #EA 13652 698
13654 #EA 13653 8
13655 #EA 13654 5
13656 #EA 13650 13655
13657 #EL #BD 2889 13610 13656
13658 #EL #BI 485 754 13657
13659 #EA 13606 13658
13660 #EA 13659 82
13661 #EA 13660 8
13662 #EA 13661 10
13663 #EA 13662 5
13664 #EL #BD 2889 13577 13663
13665 #EL #BD 2888 13573 13664
13666 #EL #BI 485 6 13665
13667 #EL #BI 2879 3 13666
13668 #EL #BI 76 6 13667
13669 #EL #BI 7 3 13668
13670 #EL #BI 484 335 13669
#DEF 2887 13590 13670 49 8
2890 #NS 204 subst
13671 #EP #BD 768 316 4787
13672 #EP #BD 693 1960 13671
13673 #EP #BI 59 10 13672
13674 #EP #BI 18 8 13673
13675 #EP #BI 75 1797 13674
13676 #EP #BI 7 72 13675
13677 #EC 490 0 2
13678 #EA 13677 366
13679 #EA 13678 82
13680 #EA 13679 121
13681 #EA 13680 5
13682 #EA 13681 10
13683 #EA 13682 8
13684 #EL #BD 768 316 13683
13685 #EL #BD 693 1960 13684
13686 #EL #BI 59 10 13685
13687 #EL #BI 18 8 13686
13688 #EL #BI 75 1797 13687
13689 #EL #BI 7 72 13688
#DEF 2890 13676 13689 8
2891 #NS 0 heq_of_eq
2892 #NS 7 _@
2893 #NS 2892 Init
2894 #NS 2893 Prelude
2895 #NI 2894 402996961
2896 #NS 2895 _hygCtx
2897 #NS 2896 _hyg
2898 #NI 2897 13
13690 #EC 512 11
13691 #EA 13690 82
13692 #EA 13691 10
13693 #EA 13692 82
13694 #EA 13693 8
13695 #EP #BD 188 1761 13694
13696 #EP #BI 684 8 13695
13697 #EP #BI 18 5 13696
13698 #EP #BI 2898 335 13697
13699 #EC 2890 11
13700 #EA 13699 82
13701 #EA 13700 13693
13702 #EA 13701 10
13703 #EA 13702 8
13704 #EA 13703 5
13705 #EC 513 11
13706 #EA 13705 82
13707 #EA 13706 10
13708 #EA 13704 13707
13709 #EL #BD 188 1761 13708
13710 #EL #BI 684 8 13709
13711 #EL #BI 18 5 13710
13712 #EL #BI 2898 335 13711
#DEF 2891 13698 13712 49
2899 #NS 2876 _proof_3
2900 #NI 236 1398671996
2901 #NS 2900 _hygCtx
2902 #NS 2901 _hyg
2903 #NI 2902 90
2904 #NI 243 1398671996
2905 #NS 2904 _hygCtx
2906 #NS 2905 _hyg
2907 #NI 2906 91
13713 #EA 13364 1112
13714 #EA 853 10
13715 #EA 13713 13714
13716 #EA 859 10
13717 #EA 13716 8
13718 #EA 13717 5
13719 #EA 13715 13718
13720 #EC 2878 0 11
13721 #EA 13720 1352
13722 #EA 13721 82
13723 #EA 13722 1242
13724 #EA 13723 82
13725 #EA 859 82
13726 #EA 13725 10
13727 #EA 13726 8
13728 #EA 13724 13727
13729 #EP #BD 188 13719 13728
13730 #EP #BD 2907 852 13729
13731 #EP #BD 2903 5 13730
13732 #EP #BI 7 131 13731
13733 #EC 2887 0 11
13734 #EA 13733 1352
13735 #EA 13734 82
13736 #EA 13735 1242
13737 #EA 13736 82
13738 #EA 13737 13727
29 #US 12
13739 #EC 482 29
13740 #EA 13739 131
13741 #EA 13740 82
13742 #EA 13738 13741
13743 #EC 2891 12
13744 #EA 13743 1079
13745 #EA 13744 1242
13746 #EA 13745 13727
13747 #EA 13746 5
13748 #EA 13742 13747
13749 #EL #BD 188 13719 13748
13750 #EL #BD 2907 852 13749
13751 #EL #BD 2903 5 13750
13752 #EL #BI 7 131 13751
#DEF 2899 13732 13752 49
2908 #NS 2876 _proof_2
2909 #NI 2902 62
2910 #NI 2906 63
13753 #EA 13713 13718
13754 #EA 13753 13714
13755 #EA 13722 13727
13756 #EA 13755 82
13757 #EA 13756 1242
13758 #EP #BD 188 13754 13757
13759 #EP #BD 2910 852 13758
13760 #EP #BD 2909 5 13759
13761 #EP #BI 7 131 13760
13762 #EA 13735 13727
13763 #EA 13762 82
13764 #EA 13763 1242
13765 #EA 13764 13741
13766 #EA 13744 13727
13767 #EA 13766 1242
13768 #EA 13767 5
13769 #EA 13765 13768
13770 #EL #BD 188 13754 13769
13771 #EL #BD 2910 852 13770
13772 #EL #BD 2909 5 13771
13773 #EL #BI 7 131 13772
#DEF 2908 13761 13773 49
2911 #NS 2876 match_3
2912 #NI 89 1398671996
2913 #NS 2912 _hygCtx
2914 #NS 2913 _hyg
2915 #NI 2914 131
13774 #EA 13364 10
13775 #EA 13774 8
13776 #EA 13775 5
13777 #EA 1357 13776
13778 #EP #BD 2915 13777 849
13779 #EA 13365 10
13780 #EA 13779 8
13781 #EA 1357 13780
2916 #NS 0 hab
13782 #EA 13364 121
13783 #EA 13782 82
13784 #EA 13783 10
13785 #EA 13364 366
13786 #EA 13785 121
13787 #EA 13786 82
13788 #EA 1372 13787
13789 #EA 13788 5
13790 #EA 10 13789
13791 #EP #BD 2916 13784 13790
2917 #NS 0 nab
13792 #EA 1355 13787
13793 #EA 13364 698
13794 #EA 13793 366
13795 #EA 13794 121
13796 #EA 1367 13795
13797 #EA 13796 5
13798 #EA 82 13797
13799 #EP #BD 2917 13792 13798
13800 #EP #BD 113 13799 316
13801 #EP #BD 112 13791 13800
13802 #EP #BD 2915 13781 13801
13803 #EP #BD 75 13778 13802
13804 #EP #BD 59 8 13803
13805 #EP #BD 18 5 13804
13806 #EP #BI 7 131 13805
13807 #EC 410 13
13808 #EA 13807 13795
13809 #EA 1357 13795
13810 #EL #BD 86 13809 324
13811 #EA 13808 13810
13812 #EA 13811 10
2918 #NI 574 1398671996
2919 #NS 2918 _hygCtx
2920 #NS 2919 _hyg
2921 #NI 2920 230
13813 #EA 1355 13795
13814 #EL #BD 2921 13813 356
13815 #EA 13812 13814
2922 #NI 2920 231
13816 #EL #BD 2922 13795 1386
13817 #EA 13815 13816
13818 #EL #BD 113 13799 13817
13819 #EL #BD 112 13791 13818
13820 #EL #BD 2915 13781 13819
13821 #EL #BD 75 13778 13820
13822 #EL #BD 59 8 13821
13823 #EL #BD 18 5 13822
13824 #EL #BI 7 131 13823
#DEF 2911 13806 13824 49 50
2923 #NS 0 decEq
13825 #EC 461 2
13826 #EA 13825 5
13827 #EA 1357 1960
13828 #EP #BD 59 10 13827
13829 #EP #BD 18 8 13828
13830 #EP #BC 51 13826 13829
13831 #EP #BI 7 72 13830
13832 #EL #BD 59 10 798
13833 #EL #BD 18 8 13832
13834 #EL #BC 51 13826 13833
13835 #EL #BI 7 72 13834
#DEF 2923 13831 13835 8
2924 #NS 2876 match_1
2925 #NI 2914 146
13836 #EA 13713 8
13837 #EA 13836 5
13838 #EA 1357 13837
13839 #EP #BD 2925 13838 849
13840 #EA 13364 1079
13841 #EA 13840 10
13842 #EA 13841 8
13843 #EA 1357 13842
2926 #NS 0 habs
13844 #EA 13364 1083
13845 #EA 13844 82
13846 #EA 13845 10
13847 #EA 13364 858
13848 #EA 13847 121
13849 #EA 13848 82
13850 #EA 1372 13849
13851 #EA 13850 5
13852 #EA 10 13851
13853 #EP #BD 2926 13846 13852
2927 #NS 0 nabs
13854 #EA 1355 13849
13855 #EA 13364 881
13856 #EA 13855 366
13857 #EA 13856 121
13858 #EA 1367 13857
13859 #EA 13858 5
13860 #EA 82 13859
13861 #EP #BD 2927 13854 13860
13862 #EP #BD 113 13861 316
13863 #EP #BD 112 13853 13862
13864 #EP #BD 2925 13843 13863
13865 #EP #BD 75 13839 13864
13866 #EP #BD 233 852 13865
13867 #EP #BD 294 848 13866
13868 #EP #BI 7 131 13867
13869 #EA 13807 13857
13870 #EA 1357 13857
13871 #EL #BD 86 13870 324
13872 #EA 13869 13871
13873 #EA 13872 10
2928 #NI 2920 196
13874 #EA 1355 13857
13875 #EL #BD 2928 13874 356
13876 #EA 13873 13875
2929 #NI 2920 197
13877 #EL #BD 2929 13857 1386
13878 #EA 13876 13877
13879 #EL #BD 113 13861 13878
13880 #EL #BD 112 13853 13879
13881 #EL #BD 2925 13843 13880
13882 #EL #BD 75 13839 13881
13883 #EL #BD 233 852 13882
13884 #EL #BD 294 848 13883
13885 #EL #BI 7 131 13884
#DEF 2924 13868 13885 49 50
2930 #NS 2876 match_5
2931 #NI 2913 17
2932 #NS 2931 Init
2933 #NS 2932 Prelude
2934 #NI 2933 1398671996
2935 #NS 2934 _hygCtx
2936 #NS 2935 _hyg
2937 #NI 2936 36
2938 #NI 2913 18
2939 #NS 2938 Init
2940 #NS 2939 Prelude
2941 #NI 2940 1398671996
2942 #NS 2941 _hygCtx
2943 #NS 2942 _hyg
2944 #NI 2943 39
13886 #EA 859 698
13887 #EA 13886 8
13888 #EA 13887 5
13889 #EA 366 13888
13890 #EA 13889 1164
13891 #EP #BD 2910 858 13890
13892 #EP #BD 2909 121 13891
13893 #EA 13239 1310
13894 #EP #BD 2907 881 13893
13895 #EP #BD 2903 366 13894
13896 #EA 859 939
13897 #EA 13896 82
13898 #EA 13897 10
13899 #EA 911 13898
13900 #EA 13896 8
13901 #EA 13900 5
13902 #EA 13899 13901
13903 #EP #BD 233 1149 13902
13904 #EP #BD 59 910 13903
13905 #EP #BD 294 1147 13904
13906 #EP #BD 18 698 13905
13907 #EP #BD 481 13906 1566
13908 #EP #BD 455 13895 13907
13909 #EP #BD 113 13892 13908
13910 #EP #BD 112 13214 13909
13911 #EP #BD 2944 1112 13910
13912 #EP #BD 2937 852 13911
13913 #EP #BD 75 1111 13912
13914 #EP #BI 7 131 13913
13915 #EA 875 860
13916 #EL #BD 86 1147 1576
13917 #EA 13915 13916
13918 #EA 13917 366
13919 #EA 860 13245
13920 #EA 13919 5
13921 #EL #BD 86 1147 13920
13922 #EA 13915 13921
13923 #EA 13922 121
13924 #EA 13923 1585
2945 #NI 2902 242
2946 #NI 2906 243
13925 #EL #BD 2946 1148 5673
13926 #EL #BD 2945 860 13925
13927 #EA 13924 13926
13928 #EA 13918 13927
2947 #NI 2902 240
2948 #NI 2906 241
13929 #EA 875 911
13930 #EA 13896 10
13931 #EA 13930 8
13932 #EA 911 13931
13933 #EA 13932 5
13934 #EL #BD 86 1149 13933
13935 #EA 13929 13934
13936 #EA 13935 698
13937 #EA 13936 2494
2949 #NI 2902 244
2950 #NI 2906 245
13938 #EA 372 8
13939 #EA 13938 5
13940 #EL #BD 2950 1170 13939
13941 #EL #BD 2949 911 13940
13942 #EA 13937 13941
13943 #EL #BD 2948 1148 13942
13944 #EL #BD 2947 860 13943
13945 #EA 13928 13944
13946 #EL #BD 481 13906 13945
13947 #EL #BD 455 13895 13946
13948 #EL #BD 113 13892 13947
13949 #EL #BD 112 13214 13948
13950 #EL #BD 2944 1112 13949
13951 #EL #BD 2937 852 13950
13952 #EL #BD 75 1111 13951
13953 #EL #BI 7 131 13952
#DEF 2930 13914 13953 49 50
2951 #NS 2876 _proof_4
13954 #EA 13783 8
13955 #EA 13847 82
13956 #EA 13955 8
13957 #EA 13886 366
13958 #EA 13957 121
13959 #EA 13855 13958
13960 #EA 13886 82
13961 #EA 13960 10
13962 #EA 13959 13961
13963 #EP #BD 2926 13956 13962
13964 #EP #BD 2916 13954 13963
13965 #EP #BD 233 1079 13964
13966 #EP #BD 59 10 13965
13967 #EP #BD 294 852 13966
13968 #EP #BD 18 5 13967
13969 #EP #BI 7 131 13968
13970 #EC 493 0 12
13971 #EA 13970 698
13972 #EA 13971 366
2952 #NI 2914 162
2953 #NI 2920 163
13973 #EA 13364 860
13974 #EA 13973 698
13975 #EA 13974 5
13976 #EA 13364 1148
13977 #EA 1174 860
13978 #EA 13977 698
13979 #EA 13976 13978
13980 #EA 13218 121
13981 #EA 13979 13980
13982 #EL #BD 2953 13975 13981
13983 #EL #BD 2952 698 13982
13984 #EA 13972 13983
13985 #EA 13970 881
13986 #EA 13985 121
2954 #NI 2914 160
2955 #NI 2920 161
13987 #EA 13364 1147
13988 #EA 13987 366
13989 #EA 13988 5
13990 #EA 13977 8
13991 #EA 13979 13990
13992 #EL #BD 2955 13989 13991
13993 #EL #BD 2954 881 13992
13994 #EA 13986 13993
13995 #EA 13523 881
13996 #EA 13995 13958
13997 #EA 13994 13996
13998 #EA 13997 10
13999 #EA 13998 5
14000 #EA 13984 13999
14001 #EA 14000 82
14002 #EA 14001 8
14003 #EL #BD 2926 13956 14002
14004 #EL #BD 2916 13954 14003
14005 #EL #BD 233 1079 14004
14006 #EL #BD 59 10 14005
14007 #EL #BD 294 852 14006
14008 #EL #BD 18 5 14007
14009 #EL #BI 7 131 14008
#DEF 2951 13969 14009 49
2956 #NS 2876 _proof_5
14010 #EA 13844 10
14011 #EA 14010 5
14012 #EA 1355 14011
14013 #EA 1245 121
14014 #EA 14013 82
14015 #EA 13847 14014
14016 #EA 1245 10
14017 #EA 14016 8
14018 #EA 14015 14017
14019 #EP #BD 188 14018 1352
14020 #EP #BD 2927 14012 14019
14021 #EP #BD 233 1079 14020
14022 #EP #BD 59 10 14021
14023 #EP #BD 294 852 14022
14024 #EP #BD 18 5 14023
14025 #EP #BI 7 131 14024
14026 #EA 13734 698
14027 #EA 14026 13958
14028 #EA 14027 698
14029 #EA 14028 13961
14030 #EA 13740 698
14031 #EA 14029 14030
14032 #EA 13743 881
14033 #EA 14032 13958
14034 #EA 14033 13961
14035 #EA 14034 5
14036 #EA 14031 14035
2957 #NI 2914 185
14037 #EC 512 12
14038 #EA 14037 698
14039 #EA 14038 366
14040 #EA 14039 698
14041 #EA 14040 82
14042 #EA 14037 1147
14043 #EA 14042 366
14044 #EA 14043 1147
14045 #EA 14044 82
14046 #EA 13976 698
14047 #EA 14046 121
14048 #EA 3683 14047
14049 #EA 14048 1352
14050 #EC 683 12
14051 #EA 14050 1148
14052 #EA 14051 698
14053 #EA 14052 121
14054 #EA 14053 5
14055 #EA 14049 14054
14056 #EA 14055 82
14057 #EL #BD 2926 14045 14056
14058 #EL #BD 2957 14041 14057
14059 #EA 14036 14058
14060 #EL #BD 188 14018 14059
14061 #EL #BD 2927 14012 14060
14062 #EL #BD 233 1079 14061
14063 #EL #BD 59 10 14062
14064 #EL #BD 294 852 14063
14065 #EL #BD 18 5 14064
14066 #EL #BI 7 131 14065
#DEF 2956 14025 14066 49
2958 #NS 2876 _proof_6
14067 #EA 1355 13954
14068 #EP #BD 2917 14067 14019
14069 #EP #BD 233 1079 14068
14070 #EP #BD 59 10 14069
14071 #EP #BD 294 852 14070
14072 #EP #BD 18 5 14071
14073 #EP #BI 7 131 14072
2959 #NI 2914 220
14074 #EA 13364 910
14075 #EA 14074 860
14076 #EA 14075 366
14077 #EA 3683 14076
14078 #EA 14077 1352
14079 #EA 14050 910
14080 #EA 14079 860
14081 #EA 14080 366
14082 #EA 14081 8
14083 #EA 14078 14082
14084 #EA 14083 82
14085 #EL #BD 2959 14045 14084
14086 #EL #BD 2916 14041 14085
14087 #EA 14036 14086
14088 #EL #BD 188 14018 14087
14089 #EL #BD 2917 14067 14088
14090 #EL #BD 233 1079 14089
14091 #EL #BD 59 10 14090
14092 #EL #BD 294 852 14091
14093 #EL #BD 18 5 14092
14094 #EL #BI 7 131 14093
#DEF 2958 14073 14094 49
2960 #NI 54 1398671996
2961 #NS 2960 _hygCtx
2962 #NS 2961 _hyg
2963 #NI 2962 3
14095 #EC 461 3
14096 #EA 14095 5
14097 #EA 2386 644
14098 #EA 14097 8
14099 #EA 14098 5
14100 #EA 1357 14099
14101 #EP #BD 59 11 14100
14102 #EP #BD 18 9 14101
14103 #EP #BC 2963 14096 14102
14104 #EP #BI 7 3 14103
2964 #NI 2914 17
2965 #NI 2914 18
14105 #EA 2386 754
14106 #EA 14105 8
14107 #EA 14106 5
14108 #EA 1357 14107
14109 #EP #BD 2965 690 14108
14110 #EL #BD 2964 644 14109
14111 #EA 13280 14110
14112 #EA 14111 8
14113 #EA 2386 925
14114 #EA 14113 8
14115 #EA 14114 5
14116 #EA 1357 14115
14117 #EP #BD 2965 754 14116
14118 #EL #BD 2964 690 14117
14119 #EA 13285 14118
14120 #EA 14119 5
14121 #EC 2930 2 3
14122 #EA 14121 698
2966 #NI 2914 246
14123 #EA 2386 940
14124 #EA 14123 8
14125 #EA 14124 5
14126 #EA 1357 14125
14127 #EP #BD 2965 912 14126
14128 #EL #BD 2964 917 14127
14129 #EA 938 14128
14130 #EA 14129 8
14131 #EA 2386 912
14132 #EA 14131 10
14133 #EA 14132 8
14134 #EA 1357 14133
14135 #EP #BD 2966 14130 14134
14136 #EL #BD 2944 909 14135
14137 #EL #BD 2937 925 14136
14138 #EA 14122 14137
14139 #EA 14138 10
14140 #EA 14139 5
14141 #EA 14131 8
14142 #EA 14141 5
14143 #EA 1357 14142
14144 #EP #BD 2965 917 14143
14145 #EL #BD 2964 909 14144
14146 #EA 908 14145
14147 #EA 14146 933
14148 #EA 2386 917
14149 #EA 679 910
14150 #EA 14148 14149
14151 #EA 14150 14149
14152 #EA 1372 14151
14153 #EC 2877 2
14154 #EA 14153 910
14155 #EA 14152 14154
14156 #EL #BD 2966 14147 14155
14157 #EL #BD 173 333 14156
14158 #EA 14140 14157
14159 #EA 944 8
14160 #EA 14159 5
14161 #EA 14129 14160
14162 #EA 948 10
14163 #EA 14162 8
14164 #EA 14131 14163
14165 #EA 679 911
14166 #EA 14164 14165
14167 #EA 1367 14166
14168 #EC 2908 2
14169 #EA 14168 911
14170 #EA 14169 10
14171 #EA 14170 8
14172 #EA 14167 14171
14173 #EL #BD 2966 14161 14172
14174 #EL #BD 2910 909 14173
14175 #EL #BD 2909 698 14174
14176 #EA 14158 14175
14177 #EA 14129 14149
14178 #EA 14131 14165
14179 #EA 14178 14163
14180 #EA 1367 14179
14181 #EC 2899 2
14182 #EA 14181 911
14183 #EA 14182 10
14184 #EA 14183 8
14185 #EA 14180 14184
14186 #EL #BD 2966 14177 14185
14187 #EL #BD 2907 909 14186
14188 #EL #BD 2903 698 14187
14189 #EA 14176 14188
14190 #EA 4 2582
14191 #EA 2386 14190
14192 #EA 14191 8
14193 #EA 14192 5
14194 #EA 1357 14193
14195 #EP #BD 2965 13310 14194
14196 #EL #BD 2964 940 14195
14197 #EA 13309 14196
14198 #EA 14197 13316
14199 #EC 2911 2 1
14200 #EA 14199 2536
14201 #EA 14200 121
14202 #EA 14201 10
14203 #EA 2386 2536
14204 #EA 14203 121
14205 #EA 14204 10
14206 #EA 1357 14205
14207 #EA 697 2582
14208 #EA 14207 366
14209 #EA 14208 121
14210 #EA 14191 14209
14211 #EA 14207 82
14212 #EA 14211 10
14213 #EA 14210 14212
14214 #EA 1357 14213
14215 #EL #BD 2915 14206 14214
14216 #EA 14202 14215
14217 #EC 2923 3
14218 #EA 14217 2536
14219 #EA 14218 939
14220 #EA 14219 121
14221 #EA 14220 10
14222 #EA 14216 14221
14223 #EC 2924 2 1
14224 #EA 14223 2582
14225 #EA 14224 121
14226 #EA 14225 10
14227 #EA 14191 121
14228 #EA 14227 10
14229 #EA 1357 14228
14230 #EA 4 2591
14231 #EA 2386 14230
14232 #EA 697 2591
14233 #EA 14232 698
14234 #EA 14233 366
14235 #EA 14231 14234
14236 #EA 14232 121
14237 #EA 14236 82
14238 #EA 14235 14237
14239 #EA 1357 14238
14240 #EL #BD 2925 14229 14239
14241 #EA 14226 14240
14242 #EA 5199 10
14243 #EA 14241 14242
14244 #EA 1372 14238
14245 #EC 2951 2
14246 #EA 14245 2591
14247 #EA 14246 698
14248 #EA 14247 366
14249 #EA 14248 121
14250 #EA 14249 82
14251 #EA 14250 8
14252 #EA 14251 5
14253 #EA 14244 14252
14254 #EL #BD 2926 14228 14253
14255 #EA 14243 14254
14256 #EA 1355 14228
14257 #EA 1367 14238
14258 #EC 2956 2
14259 #EA 14258 2591
14260 #EA 14259 698
14261 #EA 14260 366
14262 #EA 14261 121
14263 #EA 14262 82
14264 #EA 14263 5
14265 #EA 14257 14264
14266 #EL #BD 2927 14256 14265
14267 #EA 14255 14266
14268 #EL #BD 2916 14205 14267
14269 #EA 14222 14268
14270 #EA 1355 14205
14271 #EA 1367 14213
14272 #EC 2958 2
14273 #EA 14272 2582
14274 #EA 14273 366
14275 #EA 14274 121
14276 #EA 14275 82
14277 #EA 14276 10
14278 #EA 14277 5
14279 #EA 14271 14278
14280 #EL #BD 2917 14270 14279
14281 #EA 14269 14280
14282 #EL #BD 2966 14198 14281
14283 #EL #BD 233 912 14282
14284 #EL #BD 59 910 14283
14285 #EL #BD 294 909 14284
14286 #EL #BD 18 698 14285
14287 #EA 14189 14286
14288 #EA 14287 8
14289 #EL #BD 2965 754 14288
14290 #EL #BD 82 14120 14289
14291 #EL #BD 2964 644 14290
14292 #EA 14112 14291
14293 #EA 14292 5
14294 #EL #BD 2965 11 14293
14295 #EL #BD 2964 9 14294
14296 #EL #BC 2963 14096 14295
14297 #EL #BI 7 3 14296
#DEF 2876 14104 14297 8
2967 #NI 54 481560522
2968 #NS 2967 _hygCtx
2969 #NS 2968 _hyg
2970 #NI 2969 3
14298 #EA 14095 9
14299 #EP #BC 2970 14096 14298
14300 #EP #BI 7 3 14299
14301 #EC 371 2 1
14302 #EA 14301 82
2971 #NS 361 _@
2972 #NS 2971 Init
2973 #NS 2972 Prelude
2974 #NI 2973 481560522
2975 #NS 2974 _hygCtx
2976 #NS 2975 _hyg
2977 #NI 2976 18
14303 #EA 2386 690
14304 #EA 14303 5
14305 #EA 14304 8
14306 #EA 1357 14305
14307 #EL #BD 2977 644 14306
14308 #EA 14302 14307
14309 #EA 14308 8
14310 #EA 14301 121
14311 #EA 679 366
14312 #EA 14105 14311
14313 #EA 14312 5
14314 #EA 1357 14313
14315 #EL #BD 378 690 14314
14316 #EA 14310 14315
14317 #EA 14316 8
14318 #EA 14312 14311
14319 #EA 1372 14318
14320 #EA 14153 366
14321 #EA 14319 14320
14322 #EL #BD 173 333 14321
14323 #EA 14317 14322
14324 #EA 14113 929
14325 #EA 699 8
14326 #EA 14325 5
14327 #EA 14324 14326
14328 #EA 1367 14327
14329 #EA 14181 698
14330 #EA 14329 8
14331 #EA 14330 5
14332 #EA 14328 14331
14333 #EL #BD 386 754 14332
14334 #EL #BD 382 121 14333
14335 #EA 14323 14334
14336 #EL #BD 173 333 14335
14337 #EA 14309 14336
14338 #EA 14301 366
2978 #NI 377 64
14339 #EA 14113 701
14340 #EA 14339 5
14341 #EA 1357 14340
14342 #EL #BD 2978 754 14341
14343 #EA 14338 14342
14344 #EA 14343 10
14345 #EA 14339 929
14346 #EA 1367 14345
14347 #EA 14168 698
14348 #EA 14347 10
14349 #EA 14348 8
14350 #EA 14346 14349
14351 #EL #BD 173 333 14350
14352 #EA 14344 14351
14353 #EA 14199 860
14354 #EA 14353 82
14355 #EA 14354 8
2979 #NI 89 481560522
2980 #NS 2979 _hygCtx
2981 #NS 2980 _hyg
2982 #NI 2981 94
14356 #EA 2386 860
14357 #EA 14356 82
14358 #EA 14357 8
14359 #EA 1357 14358
14360 #EA 944 121
14361 #EA 14360 82
14362 #EA 14148 14361
14363 #EA 14362 946
14364 #EA 1357 14363
14365 #EL #BD 2982 14359 14364
14366 #EA 14355 14365
14367 #EA 14217 860
14368 #EA 14367 698
14369 #EA 14368 82
14370 #EA 14369 8
14371 #EA 14366 14370
14372 #EA 14223 910
14373 #EA 14372 82
14374 #EA 14373 8
2983 #NI 2981 109
14375 #EA 14148 82
14376 #EA 14375 8
14377 #EA 1357 14376
14378 #EA 948 366
14379 #EA 14378 121
14380 #EA 14131 14379
14381 #EA 949 10
14382 #EA 14380 14381
14383 #EA 1357 14382
14384 #EL #BD 2983 14377 14383
14385 #EA 14374 14384
14386 #EC 2876 2
14387 #EA 14386 910
14388 #EA 14387 860
14389 #EA 14388 82
14390 #EA 14389 8
14391 #EA 14385 14390
14392 #EA 1372 14382
14393 #EA 14245 911
14394 #EA 14393 366
14395 #EA 14394 121
14396 #EA 14395 82
14397 #EA 14396 10
14398 #EA 14397 8
14399 #EA 14398 5
14400 #EA 14392 14399
14401 #EL #BD 2926 14376 14400
14402 #EA 14391 14401
14403 #EA 1355 14376
14404 #EA 1367 14382
14405 #EA 14258 911
14406 #EA 14405 366
14407 #EA 14406 121
14408 #EA 14407 82
14409 #EA 14408 10
14410 #EA 14409 5
14411 #EA 14404 14410
14412 #EL #BD 2927 14403 14411
14413 #EA 14402 14412
14414 #EL #BD 2916 14358 14413
14415 #EA 14371 14414
14416 #EA 1355 14358
14417 #EA 1367 14363
14418 #EA 14272 910
14419 #EA 14418 121
14420 #EA 14419 82
14421 #EA 14420 10
14422 #EA 14421 8
14423 #EA 14422 5
14424 #EA 14417 14423
14425 #EL #BD 2917 14416 14424
14426 #EA 14415 14425
14427 #EL #BD 233 925 14426
14428 #EL #BD 59 366 14427
14429 #EA 14352 14428
14430 #EL #BD 294 690 14429
14431 #EL #BD 18 82 14430
14432 #EA 14337 14431
14433 #EL #BD 362 11 14432
14434 #EL #BD 361 9 14433
14435 #EL #BC 2970 14096 14434
14436 #EL #BI 7 3 14435
#DEF 370 14300 14436 8
2984 #NS 178 casesOn
14437 #EP #BD 76 529 72
2985 #NS 0 ofBitVec
14438 #EA 7029 5
14439 #EA 10 14438
14440 #EP #BD 180 528 14439
14441 #EP #BD 2985 14440 229
14442 #EP #BD 76 529 14441
14443 #EP #BI 75 14437 14442
2986 #NS 178 rec
14444 #EC 2986 2
14445 #EA 14444 10
14446 #EL #BD 180 528 356
14447 #EA 14445 14446
14448 #EA 14447 8
14449 #EL #BD 2985 14440 14448
14450 #EL #BD 76 529 14449
14451 #EL #BI 75 14437 14450
#DEF 2984 14443 14451 8
2987 #NS 178 decEq
2988 #NS 2987 match_1
2989 #NI 469 18944138
2990 #NS 2989 _hygCtx
2991 #NS 2990 _hyg
2992 #NI 2991 14
14452 #EP #BD 2992 529 824
2993 #NI 476 18944138
2994 #NS 2993 _hygCtx
2995 #NS 2994 _hyg
2996 #NI 2995 16
14453 #EA 7029 8
14454 #EA 121 14453
14455 #EA 14454 14438
14456 #EP #BD 28 528 14455
14457 #EP #BD 4 528 14456
14458 #EP #BD 112 14457 756
14459 #EP #BD 2996 529 14458
14460 #EP #BD 2992 529 14459
14461 #EP #BD 75 14452 14460
14462 #EC 2984 11
14463 #EL #BD 86 529 836
14464 #EA 14462 14463
14465 #EA 14464 10
2997 #NS 180 _@
2998 #NS 2997 Init
2999 #NS 2998 Prelude
3000 #NI 2999 18944138
3001 #NS 3000 _hygCtx
3002 #NS 3001 _hyg
3003 #NI 3002 69
14466 #EA 366 14453
14467 #EA 14466 5
14468 #EL #BD 86 529 14467
14469 #EA 14462 14468
14470 #EA 14469 10
3004 #NI 3002 70
14471 #EL #BD 3004 528 798
14472 #EA 14470 14471
14473 #EL #BD 3003 528 14472
14474 #EA 14465 14473
14475 #EL #BD 112 14457 14474
14476 #EL #BD 2996 529 14475
14477 #EL #BD 2992 529 14476
14478 #EL #BD 75 14452 14477
#DEF 2988 14461 14478 49
3005 #NS 175 casesOn
14479 #EP #BD 76 587 72
3006 #NS 0 ofFin
14480 #EA 517 10
14481 #EA 66 14480
14482 #EA 7017 82
14483 #EA 14482 5
14484 #EA 10 14483
14485 #EP #BD 177 14481 14484
14486 #EP #BD 3006 14485 229
14487 #EP #BD 76 521 14486
14488 #EP #BI 75 14479 14487
14489 #EP #BI 41 0 14488
3007 #NS 175 rec
14490 #EC 3007 2
14491 #EA 14490 82
14492 #EA 14491 10
14493 #EA 517 82
14494 #EA 66 14493
14495 #EL #BD 177 14494 356
14496 #EA 14492 14495
14497 #EA 14496 8
14498 #EL #BD 3006 14485 14497
14499 #EL #BD 76 521 14498
14500 #EL #BI 75 14479 14499
14501 #EL #BI 41 0 14500
#DEF 3005 14489 14501 8
3008 #NS 175 decEq
3009 #NS 3008 match_1
3010 #NI 89 18944137
3011 #NS 3010 _hygCtx
3012 #NS 3011 _hyg
3013 #NI 3012 18
3014 #NS 2196 Prelude
3015 #NI 3014 18944137
3016 #NS 3015 _hygCtx
3017 #NS 3016 _hyg
3018 #NI 3017 20
14502 #EP #BD 3018 521 335
14503 #EP #BD 3013 587 14502
14504 #EA 520 10
14505 #EA 517 121
14506 #EA 66 14505
14507 #EA 7017 366
14508 #EA 14507 8
14509 #EA 121 14508
14510 #EA 14507 5
14511 #EA 14509 14510
14512 #EP #BD 28 14506 14511
14513 #EP #BD 4 14494 14512
14514 #EP #BD 112 14513 756
14515 #EP #BD 3018 14504 14514
14516 #EP #BD 3013 521 14515
14517 #EP #BD 75 14503 14516
14518 #EP #BI 41 0 14517
14519 #EC 3005 11
14520 #EA 14519 121
14521 #EA 520 121
14522 #EL #BD 86 14521 836
14523 #EA 14520 14522
14524 #EA 14523 10
3019 #NS 177 _@
3020 #NS 3019 Init
3021 #NS 3020 Prelude
3022 #NI 3021 18944137
3023 #NS 3022 _hygCtx
3024 #NS 3023 _hyg
3025 #NI 3024 80
14525 #EA 14519 366
14526 #EA 520 366
14527 #EA 7017 698
14528 #EA 14527 8
14529 #EA 366 14528
14530 #EA 14529 5
14531 #EL #BD 86 14526 14530
14532 #EA 14525 14531
14533 #EA 14532 10
3026 #NI 3024 81
14534 #EA 517 366
14535 #EA 66 14534
14536 #EL #BD 3026 14535 798
14537 #EA 14533 14536
14538 #EL #BD 3025 14506 14537
14539 #EA 14524 14538
14540 #EL #BD 112 14513 14539
14541 #EL #BD 3018 14504 14540
14542 #EL #BD 3013 521 14541
14543 #EL #BD 75 14503 14542
14544 #EL #BI 41 0 14543
#DEF 3009 14518 14544 49
3027 #NS 0 instDecidableEqFin
3028 #NS 3027 match_1
3029 #NS 0 j
14545 #EA 66 8
3030 #NI 89 3376441715
3031 #NS 3030 _hygCtx
3032 #NS 3031 _hyg
3033 #NI 3032 21
14546 #EA 597 10
14547 #EA 14546 8
14548 #EA 1972 14547
14549 #EA 14546 5
14550 #EA 14548 14549
14551 #EA 1357 14550
14552 #EP #BD 3033 14551 335
14553 #EA 597 82
14554 #EA 14553 10
14555 #EA 1972 14554
14556 #EA 14553 8
14557 #EA 14555 14556
14558 #EA 1357 14557
14559 #EA 597 121
14560 #EA 14559 82
14561 #EA 1972 14560
14562 #EA 14559 10
14563 #EA 14561 14562
14564 #EA 597 366
14565 #EA 14564 121
14566 #EA 1972 14565
14567 #EA 14564 82
14568 #EA 14566 14567
14569 #EA 1372 14568
14570 #EA 14569 5
14571 #EA 10 14570
14572 #EP #BD 188 14563 14571
14573 #EA 1355 14568
14574 #EA 597 698
14575 #EA 14574 366
14576 #EA 1972 14575
14577 #EA 14574 121
14578 #EA 14576 14577
14579 #EA 1367 14578
14580 #EA 14579 5
14581 #EA 82 14580
14582 #EP #BD 188 14573 14581
14583 #EP #BD 113 14582 316
14584 #EP #BD 112 14572 14583
14585 #EP #BD 3033 14558 14584
14586 #EP #BD 75 14552 14585
14587 #EP #BD 3029 14545 14586
14588 #EP #BD 1571 581 14587
14589 #EP #BD 4 0 14588
14590 #EA 8368 14578
14591 #EA 1357 14578
14592 #EL #BD 86 14591 324
14593 #EA 14590 14592
14594 #EA 14593 10
3034 #NI 574 3376441715
3035 #NS 3034 _hygCtx
3036 #NS 3035 _hyg
3037 #NI 3036 51
14595 #EA 1355 14578
14596 #EL #BD 3037 14595 356
14597 #EA 14594 14596
3038 #NI 3036 52
14598 #EL #BD 3038 14578 1386
14599 #EA 14597 14598
14600 #EL #BD 113 14582 14599
14601 #EL #BD 112 14572 14600
14602 #EL #BD 3033 14558 14601
14603 #EL #BD 75 14552 14602
14604 #EL #BD 3029 14545 14603
14605 #EL #BD 1571 581 14604
14606 #EL #BD 4 0 14605
#DEF 3028 14589 14606 49
3039 #NS 31 casesOn
14607 #EP #BD 76 581 72
14608 #EA 6679 121
14609 #EA 14608 8
14610 #EA 14609 5
14611 #EA 82 14610
14612 #EP #BD 34 6405 14611
14613 #EP #BD 33 0 14612
14614 #EP #BD 249 14613 229
14615 #EP #BD 76 14545 14614
14616 #EP #BI 75 14607 14615
14617 #EP #BI 4 0 14616
3040 #NS 31 rec
14618 #EC 3040 2
14619 #EA 14618 82
14620 #EA 14619 10
14621 #EL #BD 34 12571 798
14622 #EL #BD 33 0 14621
14623 #EA 14620 14622
14624 #EA 14623 8
14625 #EL #BD 249 14613 14624
14626 #EL #BD 76 14545 14625
14627 #EL #BI 75 14607 14626
14628 #EL #BI 4 0 14627
#DEF 3039 14617 14628 8
3041 #NS 548 Fin
3042 #NS 3041 eq_of_val_eq
3043 #NS 3042 match_1_1
3044 #NI 89 3141936600
3045 #NS 3044 _hygCtx
3046 #NI 3045 16
3047 #NS 3046 Init
3048 #NS 3047 Prelude
3049 #NI 3048 3141936600
3050 #NS 3049 _hygCtx
3051 #NS 3050 _hyg
3052 #NI 3051 43
3053 #NI 3045 17
3054 #NS 3053 Init
3055 #NS 3054 Prelude
3056 #NI 3055 3141936600
3057 #NS 3056 _hygCtx
3058 #NS 3057 _hyg
3059 #NI 3058 46
3060 #NI 3045 18
3061 #NS 3060 Init
3062 #NS 3061 Prelude
3063 #NI 3062 3141936600
3064 #NS 3063 _hygCtx
3065 #NS 3064 _hyg
3066 #NI 3065 49
14629 #EP #BD 3066 14550 20
14630 #EP #BD 3059 14545 14629
14631 #EP #BD 3052 581 14630
14632 #EA 1972 14556
14633 #EA 14553 5
14634 #EA 14632 14633
3067 #NS 33 _@
3068 #NS 3067 Init
3069 #NS 3068 Prelude
3070 #NI 3069 3141936600
3071 #NS 3070 _hygCtx
3072 #NS 3071 _hyg
3073 #NI 3072 73
3074 #NS 34 _@
3075 #NS 3074 Init
3076 #NS 3075 Prelude
3077 #NI 3076 3141936600
3078 #NS 3077 _hygCtx
3079 #NS 3078 _hyg
3080 #NI 3079 74
14635 #EA 64 366
3081 #NI 3079 72
14636 #EA 3877 698
14637 #EA 6679 860
14638 #EA 14637 10
14639 #EA 14638 8
14640 #EA 698 14639
14641 #EA 14637 10
14642 #EA 14641 5
14643 #EA 14640 14642
14644 #EA 597 860
14645 #EA 14641 8
14646 #EA 14644 14645
14647 #EA 2959 14646
14648 #EA 14643 14647
14649 #EP #BD 3081 14636 14648
14650 #EP #BD 3080 14635 14649
14651 #EP #BD 3073 0 14650
14652 #EP #BD 112 14651 13938
14653 #EP #BD 3066 14634 14652
14654 #EP #BD 3059 67 14653
14655 #EP #BD 3052 14545 14654
14656 #EP #BD 75 14631 14655
14657 #EP #BI 4 0 14656
14658 #EC 3039 0
14659 #EA 14658 366
14660 #EA 66 366
14661 #EA 14574 5
14662 #EA 1972 14661
14663 #EA 14574 82
14664 #EA 14662 14663
14665 #EA 3856 121
14666 #EA 14665 5
14667 #EP #BD 3066 14664 14666
14668 #EL #BD 86 14660 14667
14669 #EA 14659 14668
14670 #EA 14669 82
3082 #NI 3072 82
3083 #NI 3079 83
14671 #EA 14637 8
14672 #EA 14671 5
14673 #EA 14644 14672
14674 #EA 1972 14673
14675 #EA 14644 121
14676 #EA 14674 14675
14677 #EA 14658 910
14678 #EA 66 910
14679 #EA 597 911
14680 #EA 6679 911
14681 #EA 14680 82
14682 #EA 14681 10
14683 #EA 14679 14682
14684 #EA 1972 14683
14685 #EA 14679 5
14686 #EA 14684 14685
14687 #EA 6679 939
14688 #EA 14687 121
14689 #EA 14688 82
14690 #EA 911 14689
14691 #EA 14690 8
14692 #EA 14691 5
14693 #EP #BD 3066 14686 14692
14694 #EL #BD 86 14678 14693
14695 #EA 14677 14694
14696 #EA 14695 366
3084 #NI 3072 84
3085 #NI 3079 85
14697 #EA 64 911
14698 #EA 597 939
14699 #EA 14698 14689
14700 #EA 1972 14699
14701 #EA 14687 8
14702 #EA 14701 5
14703 #EA 14698 14702
14704 #EA 14700 14703
14705 #EA 2084 0
14706 #EA 597 2536
14707 #EA 6679 2536
14708 #EA 14707 366
14709 #EA 14708 121
14710 #EA 14706 14709
14711 #EA 14705 14710
14712 #EA 597 2582
14713 #EA 6679 2582
14714 #EA 14713 698
14715 #EA 14714 366
14716 #EA 14712 14715
14717 #EA 1972 14716
14718 #EA 14717 5
14719 #EA 597 2591
14720 #EA 6679 2591
14721 #EA 14720 121
14722 #EA 14721 82
14723 #EA 14719 14722
14724 #EA 1972 14723
14725 #EA 14724 8
14726 #EA 597 2593
14727 #EA 6679 2593
14728 #EA 14727 910
14729 #EA 14728 860
14730 #EA 14726 14729
14731 #EA 1972 14730
14732 #EA 14727 366
14733 #EA 14732 121
14734 #EA 14726 14733
14735 #EA 14731 14734
14736 #EA 2093 14735
14737 #EA 14736 82
14738 #EA 14731 10
14739 #EA 14737 14738
14740 #EA 14739 8
14741 #EA 6679 2682
14742 #EA 14741 911
14743 #EA 14742 910
14744 #EA 2593 14743
14745 #EA 14741 698
14746 #EA 14745 366
14747 #EA 14744 14746
14748 #EA 14747 121
14749 #EP #BD 188 14740 14748
14750 #EP #BD 188 14725 14749
14751 #EL #BD 86 14718 14750
14752 #EL #BD 22 0 14751
14753 #EA 14711 14752
14754 #EA 14707 10
14755 #EA 14754 8
14756 #EA 14706 14755
14757 #EA 14753 14756
14758 #EA 14757 5
3086 #NI 574 3141936600
3087 #NS 3086 _hygCtx
3088 #NS 3087 _hyg
3089 #NI 3088 86
14759 #EA 1972 14756
14760 #EA 14759 14710
14761 #EA 2625 698
14762 #EA 64 2591
14763 #EA 14727 8
14764 #EA 14763 5
14765 #EA 14726 14764
14766 #EA 14731 14765
14767 #EA 597 2682
14768 #EA 14767 14743
14769 #EA 1972 14768
14770 #EA 14741 10
14771 #EA 14770 8
14772 #EA 14767 14771
14773 #EA 14769 14772
14774 #EA 2093 14773
14775 #EA 14774 5
14776 #EA 14769 14768
14777 #EA 14775 14776
14778 #EA 2959 14768
14779 #EA 14777 14778
14780 #EA 6679 2778
14781 #EA 14780 939
14782 #EA 14781 911
14783 #EA 2682 14782
14784 #EA 14780 82
14785 #EA 14784 10
14786 #EA 14783 14785
14787 #EA 14786 8
14788 #EP #BD 188 14779 14787
14789 #EP #BD 3066 14766 14788
14790 #EP #BD 3085 14762 14789
14791 #EL #BD 3084 0 14790
14792 #EA 14761 14791
14793 #EA 3925 2582
14794 #EA 14720 860
14795 #EA 14794 698
14796 #EA 14719 14795
14797 #EA 1972 14796
14798 #EA 14794 5
14799 #EA 14719 14798
14800 #EA 14797 14799
3090 #NI 3088 88
14801 #EA 14728 8
14802 #EA 14726 14801
14803 #EA 14731 14802
14804 #EA 2093 14803
14805 #EA 14804 5
14806 #EA 14731 14730
14807 #EA 14805 14806
14808 #EA 2959 14730
14809 #EA 14807 14808
14810 #EA 14742 10
14811 #EA 14767 14810
14812 #EA 14769 14811
14813 #EA 2676 14812
14814 #EA 14813 14778
14815 #EA 14781 82
14816 #EA 14783 14815
14817 #EA 14816 5
14818 #EL #BD 3066 14812 14817
14819 #EA 14814 14818
14820 #EA 939 911
14821 #EA 14820 910
14822 #EA 14821 10
14823 #EA 14819 14822
14824 #EA 14823 8
14825 #EA 2731 14812
14826 #EA 14825 8
14827 #EA 14826 14778
14828 #EA 2735 14812
14829 #EA 14828 8
14830 #EA 14829 14778
14831 #EA 14830 5
14832 #EA 14827 14831
14833 #EA 14824 14832
14834 #EL #BD 3090 14809 14833
14835 #EL #BD 3066 14800 14834
14836 #EL #BD 3085 14793 14835
14837 #EA 14792 14836
14838 #EA 14837 82
14839 #EA 2762 82
14840 #EA 14839 698
14841 #EA 14840 5
14842 #EA 14838 14841
14843 #EA 14842 10
14844 #EA 14843 8
14845 #EL #BD 3089 14760 14844
14846 #EA 14758 14845
14847 #EA 2959 14756
14848 #EA 14846 14847
14849 #EA 1972 14710
14850 #EA 14849 14756
14851 #EA 2135 14850
14852 #EA 14851 5
14853 #EA 14848 14852
14854 #EL #BD 3066 14704 14853
14855 #EL #BD 3085 14697 14854
14856 #EL #BD 3084 0 14855
14857 #EA 14696 14856
14858 #EA 14857 5
14859 #EL #BD 3066 14676 14858
14860 #EL #BD 3083 11589 14859
14861 #EL #BD 3082 0 14860
14862 #EA 14670 14861
14863 #EA 14862 8
14864 #EL #BD 112 14651 14863
14865 #EL #BD 3066 14634 14864
14866 #EL #BD 3059 67 14865
14867 #EL #BD 3052 14545 14866
14868 #EL #BD 75 14631 14867
14869 #EL #BI 4 0 14868
#DEF 3043 14657 14869 
3091 #NS 31 eq_of_val_eq
14870 #EA 66 82
14871 #EA 1665 14870
14872 #EA 14871 10
14873 #EA 14872 8
14874 #EP #BD 22 14550 14873
14875 #EP #BI 3029 14545 14874
14876 #EP #BI 1571 581 14875
14877 #EP #BI 4 0 14876
3092 #NS 3045 _hyg
3093 #NI 3092 16
3094 #NI 3092 17
3095 #NI 3092 18
14878 #EC 3043 
14879 #EA 14878 82
14880 #EA 66 121
14881 #EA 14564 8
14882 #EA 1972 14881
14883 #EA 14564 5
14884 #EA 14882 14883
14885 #EA 66 698
14886 #EA 1665 14885
14887 #EA 14886 10
14888 #EA 14887 8
14889 #EL #BD 3066 14884 14888
14890 #EL #BD 3059 14880 14889
14891 #EL #BD 3052 14870 14890
14892 #EA 14879 14891
14893 #EA 14892 10
14894 #EA 14893 8
14895 #EA 14894 5
14896 #EA 3877 366
14897 #EA 1713 14885
14898 #EA 6679 698
14899 #EA 14898 10
14900 #EA 14899 8
14901 #EA 14897 14900
14902 #EL #BD 3081 14896 14901
14903 #EL #BD 3080 12571 14902
14904 #EL #BD 3073 0 14903
14905 #EA 14895 14904
14906 #EL #BD 3095 14550 14905
14907 #EL #BD 3094 14545 14906
14908 #EL #BD 3093 581 14907
14909 #EL #BI 4 0 14908
#DEF 3091 14877 14909 
3096 #NS 31 val_eq_of_eq
14910 #EA 1665 67
14911 #EA 14910 8
14912 #EA 14911 5
14913 #EP #BD 188 14912 14557
14914 #EP #BI 3029 14545 14913
14915 #EP #BI 1571 581 14914
14916 #EP #BI 4 0 14915
14917 #EA 1969 14870
14918 #EA 14917 10
3097 #NI 89 1719134779
3098 #NS 3097 _hygCtx
3099 #NS 3098 _hyg
3100 #NI 3099 16
3101 #NI 574 1719134779
3102 #NS 3101 _hygCtx
3103 #NS 3102 _hyg
3104 #NI 3103 17
14919 #EA 1665 14880
14920 #EA 14919 82
14921 #EA 14920 5
14922 #EA 14566 14881
14923 #EL #BD 3104 14921 14922
14924 #EL #BD 3100 14870 14923
14925 #EA 14918 14924
14926 #EA 4911 14554
14927 #EA 14925 14926
14928 #EA 14927 8
14929 #EA 14928 5
14930 #EL #BD 188 14912 14929
14931 #EL #BI 3029 14545 14930
14932 #EL #BI 1571 581 14931
14933 #EL #BI 4 0 14932
#DEF 3096 14916 14933 
3105 #NS 3027 _proof_1
14934 #EA 1355 14550
14935 #EP #BD 857 14873 1352
14936 #EP #BD 188 14934 14935
14937 #EP #BD 3029 14545 14936
14938 #EP #BD 1571 581 14937
14939 #EP #BD 4 0 14938
14940 #EA 3683 14563
14941 #EA 14940 1352
14942 #EC 3096 
14943 #EA 14942 121
14944 #EA 14943 82
14945 #EA 14944 10
14946 #EA 14945 5
14947 #EA 14941 14946
14948 #EA 14947 8
14949 #EL #BD 857 14873 14948
14950 #EL #BD 188 14934 14949
14951 #EL #BD 3029 14545 14950
14952 #EL #BD 1571 581 14951
14953 #EL #BD 4 0 14952
#DEF 3105 14939 14953 
14954 #EA 1748 581
14955 #EP #BD 4 0 14954
14956 #EC 3028 1
14957 #EA 14956 10
14958 #EA 14957 8
14959 #EA 14958 5
14960 #EA 1357 14873
14961 #EL #BD 3033 14551 14960
14962 #EA 14959 14961
14963 #EC 2923 1
14964 #EA 14963 0
14965 #EA 14964 12896
14966 #EA 14965 14547
14967 #EA 14966 14549
14968 #EA 14962 14967
14969 #EA 1372 14873
14970 #EC 3091 
14971 #EA 14970 82
14972 #EA 14971 10
14973 #EA 14972 8
14974 #EA 14973 5
14975 #EA 14969 14974
14976 #EL #BD 188 14550 14975
14977 #EA 14968 14976
14978 #EA 1367 14873
14979 #EC 3105 
14980 #EA 14979 82
14981 #EA 14980 10
14982 #EA 14981 8
14983 #EA 14982 5
14984 #EA 14978 14983
14985 #EL #BD 188 14934 14984
14986 #EA 14977 14985
14987 #EL #BD 3029 14545 14986
14988 #EL #BD 1571 581 14987
14989 #EL #BD 4 0 14988
#DEF 3027 14955 14989 
3106 #NS 3008 _proof_1
14990 #EA 1665 14481
14991 #EA 14990 8
14992 #EA 14991 5
14993 #EA 520 82
14994 #EA 1665 14993
14995 #EA 14482 10
14996 #EA 14994 14995
14997 #EA 14482 8
14998 #EA 14996 14997
14999 #EP #BD 188 14992 14998
15000 #EP #BD 28 589 14999
15001 #EP #BD 4 519 15000
15002 #EP #BI 41 0 15001
15003 #EA 1969 14494
15004 #EA 15003 10
3107 #NI 3012 48
3108 #NI 574 18944137
3109 #NS 3108 _hygCtx
3110 #NS 3109 _hyg
3111 #NI 3110 49
15005 #EA 1665 14506
15006 #EA 15005 82
15007 #EA 15006 5
15008 #EA 1665 14526
15009 #EA 14507 121
15010 #EA 15008 15009
15011 #EA 15010 14508
15012 #EL #BD 3111 15007 15011
15013 #EL #BD 3107 14494 15012
15014 #EA 15004 15013
15015 #EA 1713 14993
15016 #EA 15015 14995
15017 #EA 15014 15016
15018 #EA 15017 8
15019 #EA 15018 5
15020 #EL #BD 188 14992 15019
15021 #EL #BD 28 589 15020
15022 #EL #BD 4 519 15021
15023 #EL #BI 41 0 15022
#DEF 3106 15002 15023 
3112 #NS 175 noConfusionType
3113 #NS 0 w'
15024 #EP #BI 3113 0 14479
15025 #EP #BD 76 587 15024
15026 #EP #BI 41 0 15025
15027 #EP #BD 484 72 15026
15028 #EC 3005 3
15029 #EA 15028 82
15030 #EL #BD 76 14993 72
15031 #EA 15029 15030
15032 #EA 15031 10
15033 #EA 15028 10
15034 #EL #BD 76 14504 72
15035 #EA 15033 15034
15036 #EA 15035 8
3114 #NI 89 2218439276
3115 #NS 3114 _hygCtx
3116 #NS 3115 _hyg
3117 #NI 3116 11
3118 #NS 0 toFin_eq
15037 #EC 512 1
15038 #EA 15037 14535
15039 #EA 15038 8
15040 #EA 15039 14494
15041 #EA 15040 5
15042 #EP #BD 3118 15041 860
15043 #EP #BD 3117 15042 860
15044 #EL #BD 177 14481 15043
15045 #EA 15036 15044
15046 #EL #BD 177 14494 15045
15047 #EA 15032 15046
15048 #EL #BD 485 587 15047
15049 #EL #BI 3113 0 15048
15050 #EL #BD 76 587 15049
15051 #EL #BI 41 0 15050
15052 #EL #BD 484 72 15051
#DEF 3112 15027 15052 8
3119 #NS 175 noConfusion
15053 #EA 15037 14521
15054 #EA 15053 82
15055 #EA 15054 14504
15056 #EA 15055 8
15057 #EC 3112 2
15058 #EA 15057 698
15059 #EA 15058 366
15060 #EA 15059 121
15061 #EA 15060 82
15062 #EA 15061 10
15063 #EP #BD 2889 15056 15062
15064 #EP #BD 2888 8226 15063
15065 #EP #BI 485 587 15064
15066 #EP #BI 3113 0 15065
15067 #EP #BI 76 587 15066
15068 #EP #BI 41 0 15067
15069 #EP #BI 484 72 15068
15070 #EA 4840 366
15071 #EA 520 860
15072 #EA 15037 15071
15073 #EA 15072 698
15074 #EA 15073 521
15075 #EA 15074 5
15076 #EA 15057 911
15077 #EA 15076 910
15078 #EA 15077 860
15079 #EA 15078 10
15080 #EA 15079 8
15081 #EP #BD 2889 15075 15080
15082 #EP #BI 485 587 15081
15083 #EL #BI 3113 0 15082
15084 #EA 15070 15083
15085 #EA 520 698
15086 #EA 15037 15085
15087 #EA 15086 366
15088 #EA 15087 15085
15089 #EA 15088 5
15090 #EA 1677 15071
15091 #EA 15090 698
15092 #EA 15078 910
15093 #EA 15092 5
15094 #EL #BI 485 15071 15093
15095 #EA 15091 15094
15096 #EC 3005 2
15097 #EA 15096 860
15098 #EA 15077 5
15099 #EA 15098 910
15100 #EA 15099 5
15101 #EL #BI 76 15071 15100
15102 #EA 15097 15101
15103 #EA 15102 698
15104 #EA 517 860
15105 #EA 66 15104
15106 #EA 517 910
15107 #EA 66 15106
15108 #EA 15037 15107
15109 #EA 15108 5
15110 #EA 15109 15107
15111 #EA 15110 5
15112 #EP #BD 3118 15111 939
15113 #EC 513 1
15114 #EA 517 911
15115 #EA 66 15114
15116 #EA 15113 15115
15117 #EA 15116 8
15118 #EA 5 15117
15119 #EL #BD 501 15112 15118
15120 #EL #BD 177 15105 15119
15121 #EA 15103 15120
15122 #EA 15095 15121
15123 #EA 15122 8
15124 #EC 683 1
15125 #EA 15124 15071
15126 #EA 15125 698
15127 #EA 15126 8
15128 #EA 15127 5
15129 #EA 15123 15128
15130 #EL #BD 2889 15089 15129
15131 #EL #BI 485 14526 15130
15132 #EA 15084 15131
15133 #EA 15132 82
15134 #EA 15133 8
15135 #EA 15134 10
15136 #EA 15135 5
15137 #EL #BD 2889 15056 15136
15138 #EL #BD 2888 8226 15137
15139 #EL #BI 485 587 15138
15140 #EL #BI 3113 0 15139
15141 #EL #BI 76 587 15140
15142 #EL #BI 41 0 15141
15143 #EL #BI 484 72 15142
#DEF 3119 15069 15143 8
3120 #NS 3008 _proof_2
15144 #EA 1355 14992
15145 #EP #BD 857 14998 1352
15146 #EP #BD 188 15144 15145
15147 #EP #BD 28 589 15146
15148 #EP #BD 4 519 15147
15149 #EP #BI 41 0 15148
15150 #EC 3119 0
15151 #EA 15150 1352
15152 #EA 15151 121
15153 #EA 7017 121
15154 #EA 15153 82
15155 #EA 15152 15154
15156 #EA 15155 121
15157 #EA 15153 10
15158 #EA 15156 15157
15159 #EA 4911 121
15160 #EA 15158 15159
15161 #EC 2891 1
15162 #EA 15161 14521
15163 #EA 15162 15154
15164 #EA 15163 15157
15165 #EA 15164 5
15166 #EA 15160 15165
15167 #EA 15037 14506
15168 #EA 15167 82
15169 #EA 15168 14506
15170 #EA 15169 10
15171 #EA 1665 14535
15172 #EA 15171 121
15173 #EA 15172 82
15174 #EA 3683 15173
15175 #EA 15174 1352
15176 #EA 15124 14535
15177 #EA 15176 121
15178 #EA 15177 82
15179 #EA 15178 5
15180 #EA 15175 15179
15181 #EA 15180 10
15182 #EL #BD 857 15170 15181
15183 #EA 15166 15182
15184 #EL #BD 857 14998 15183
15185 #EL #BD 188 15144 15184
15186 #EL #BD 28 589 15185
15187 #EL #BD 4 519 15186
15188 #EL #BI 41 0 15187
#DEF 3120 15149 15188 
15189 #EA 1665 14504
15190 #EA 15189 8
15191 #EA 15190 5
15192 #EA 1357 15191
15193 #EP #BD 1021 521 15192
15194 #EP #BD 86 587 15193
15195 #EP #BI 41 0 15194
15196 #EC 3009 1
15197 #EA 15196 10
15198 #EA 1665 14521
15199 #EA 15198 8
15200 #EA 15199 5
15201 #EA 1357 15200
15202 #EL #BD 3018 14993 15201
15203 #EL #BD 3013 14504 15202
15204 #EA 15197 15203
15205 #EA 15204 8
15206 #EA 15205 5
15207 #EA 15153 8
15208 #EA 15198 15207
15209 #EA 15153 5
15210 #EA 15208 15209
15211 #EA 1357 15210
15212 #EA 3702 15211
15213 #EA 15005 8
15214 #EA 15213 5
15215 #EA 15212 15214
15216 #EC 3027 
15217 #EA 15216 14505
15218 #EA 15217 8
15219 #EA 15218 5
15220 #EA 15215 15219
15221 #EA 14507 10
15222 #EA 15008 15221
15223 #EA 15222 14508
15224 #EA 1372 15223
15225 #EC 3106 
15226 #EA 15225 366
15227 #EA 15226 10
15228 #EA 15227 8
15229 #EA 15228 5
15230 #EA 15224 15229
15231 #EL #BD 188 15214 15230
15232 #EA 15220 15231
15233 #EA 1355 15214
15234 #EA 1367 15223
15235 #EC 3120 
15236 #EA 15235 366
15237 #EA 15236 10
15238 #EA 15237 8
15239 #EA 15238 5
15240 #EA 15234 15239
15241 #EL #BD 188 15233 15240
15242 #EA 15232 15241
15243 #EL #BD 28 14494 15242
15244 #EL #BD 4 14481 15243
15245 #EA 15206 15244
15246 #EL #BD 1021 521 15245
15247 #EL #BD 86 587 15246
15248 #EL #BI 41 0 15247
#DEF 3008 15195 15248 
3121 #NS 0 instDecidableEqBitVec
15249 #EA 1748 587
15250 #EP #BI 41 0 15249
15251 #EC 3008 
15252 #EA 15251 5
15253 #EL #BI 41 0 15252
#DEF 3121 15250 15253 
3122 #NS 2987 _proof_1
15254 #EA 1665 528
15255 #EA 15254 8
15256 #EA 15255 5
15257 #EA 1665 529
15258 #EA 7029 10
15259 #EA 15257 15258
15260 #EA 15259 14453
15261 #EP #BD 188 15256 15260
15262 #EP #BD 28 528 15261
15263 #EP #BD 4 528 15262
15264 #EA 1969 528
15265 #EA 15264 10
3123 #NI 89 18944138
3124 #NS 3123 _hygCtx
3125 #NS 3124 _hyg
3126 #NI 3125 44
3127 #NI 574 18944138
3128 #NS 3127 _hygCtx
3129 #NS 3128 _hyg
3130 #NI 3129 45
15266 #EA 15254 82
15267 #EA 15266 5
15268 #EA 7029 121
15269 #EA 15257 15268
15270 #EA 15269 14453
15271 #EL #BD 3130 15267 15270
15272 #EL #BD 3126 528 15271
15273 #EA 15265 15272
15274 #EA 1713 529
15275 #EA 15274 15258
15276 #EA 15273 15275
15277 #EA 15276 8
15278 #EA 15277 5
15279 #EL #BD 188 15256 15278
15280 #EL #BD 28 528 15279
15281 #EL #BD 4 528 15280
#DEF 3122 15263 15281 
3131 #NS 178 noConfusionType
15282 #EP #BD 76 529 14437
15283 #EP #BD 484 72 15282
15284 #EC 2984 3
15285 #EL #BD 76 529 72
15286 #EA 15284 15285
15287 #EA 15286 8
3132 #NI 89 1212219024
3133 #NS 3132 _hygCtx
3134 #NS 3133 _hyg
3135 #NI 3134 6
3136 #NS 0 toBitVec_eq
15288 #EP #BD 3136 15256 366
15289 #EP #BD 3135 15288 366
15290 #EL #BD 180 528 15289
15291 #EA 15287 15290
15292 #EL #BD 180 528 15291
15293 #EA 15287 15292
15294 #EL #BD 485 529 15293
15295 #EL #BD 76 529 15294
15296 #EL #BD 484 72 15295
#DEF 3131 15283 15296 8
3137 #NS 178 noConfusion
15297 #EA 15257 8
15298 #EA 15297 5
15299 #EC 3131 2
15300 #EA 15299 82
15301 #EA 15300 10
15302 #EA 15301 8
15303 #EP #BD 500 15298 15302
15304 #EP #BI 485 529 15303
15305 #EP #BI 76 529 15304
15306 #EP #BI 484 72 15305
15307 #EA 1677 529
15308 #EA 15307 10
15309 #EA 15299 121
15310 #EA 15309 82
15311 #EA 15310 5
15312 #EL #BI 485 529 15311
15313 #EA 15308 15312
15314 #EC 2984 2
15315 #EA 15309 5
15316 #EA 15315 5
15317 #EL #BI 76 529 15316
15318 #EA 15314 15317
15319 #EA 15318 10
15320 #EA 15254 5
15321 #EA 15320 5
15322 #EP #BD 3136 15321 366
15323 #EA 2117 528
15324 #EA 15323 8
15325 #EA 5 15324
15326 #EL #BD 501 15322 15325
15327 #EL #BD 180 528 15326
15328 #EA 15319 15327
15329 #EA 15313 15328
15330 #EA 15329 8
15331 #EA 15330 5
15332 #EL #BD 500 15298 15331
15333 #EL #BI 485 529 15332
15334 #EL #BI 76 529 15333
15335 #EL #BI 484 72 15334
#DEF 3137 15306 15335 8
3138 #NS 2987 _proof_2
15336 #EA 1355 15256
15337 #EP #BD 857 15260 1352
15338 #EP #BD 188 15336 15337
15339 #EP #BD 28 528 15338
15340 #EP #BD 4 528 15339
15341 #EC 3137 0
15342 #EA 15341 1352
15343 #EA 7029 82
15344 #EA 15342 15343
15345 #EA 15344 15258
15346 #EA 15345 5
15347 #EA 15266 10
15348 #EA 15254 121
15349 #EA 15348 82
15350 #EA 3683 15349
15351 #EA 15350 1352
15352 #EA 15351 5
15353 #EA 15352 10
15354 #EL #BD 857 15347 15353
15355 #EA 15346 15354
15356 #EL #BD 857 15260 15355
15357 #EL #BD 188 15336 15356
15358 #EL #BD 28 528 15357
15359 #EL #BD 4 528 15358
#DEF 3138 15340 15359 
15360 #EA 1357 15298
15361 #EP #BD 59 529 15360
15362 #EP #BD 18 529 15361
15363 #EC 2988 1
15364 #EL #BD 2996 529 15360
15365 #EL #BD 2992 529 15364
15366 #EA 15363 15365
15367 #EA 15366 8
15368 #EA 15367 5
15369 #EA 15257 14453
15370 #EA 15369 14438
15371 #EA 1357 15370
15372 #EA 3702 15371
15373 #EA 15372 15256
15374 #EC 3121 
15375 #EA 15374 527
15376 #EA 15375 8
15377 #EA 15376 5
15378 #EA 15373 15377
15379 #EA 1372 15260
15380 #EC 3122 
15381 #EA 15380 10
15382 #EA 15381 8
15383 #EA 15382 5
15384 #EA 15379 15383
15385 #EL #BD 188 15256 15384
15386 #EA 15378 15385
15387 #EA 1367 15260
15388 #EC 3138 
15389 #EA 15388 10
15390 #EA 15389 8
15391 #EA 15390 5
15392 #EA 15387 15391
15393 #EL #BD 188 15336 15392
15394 #EA 15386 15393
15395 #EL #BD 28 528 15394
15396 #EL #BD 4 528 15395
15397 #EA 15368 15396
15398 #EL #BD 59 529 15397
15399 #EL #BD 18 529 15398
#DEF 2987 15362 15399 
3139 #NS 0 instDecidableEqUInt8
15400 #EA 1748 529
15401 #EC 2987 
#DEF 3139 15400 15401 
3140 #NS 2827 match_1
3141 #NI 2835 65
3142 #NI 2843 67
3143 #NI 574 18944143
3144 #NS 3143 _hygCtx
3145 #NS 3144 _hyg
3146 #NI 3145 69
15402 #EA 1665 768
15403 #EA 15402 8
15404 #EA 15403 5
15405 #EA 7271 13460
15406 #EP #BD 2852 15405 335
15407 #EP #BD 2851 15405 15406
15408 #EP #BD 3146 15404 15407
15409 #EP #BD 3142 768 15408
15410 #EP #BD 3141 768 15409
3147 #NI 469 18944143
3148 #NS 3147 _hygCtx
3149 #NS 3148 _hyg
3150 #NI 3149 87
15411 #EA 7271 13426
15412 #EA 2301 10
15413 #EA 2117 768
15414 #EA 15413 10
15415 #EA 15412 15414
15416 #EA 15415 8
15417 #EA 15416 5
15418 #EP #BD 2852 15411 15417
15419 #EP #BD 2851 13419 15418
15420 #EP #BD 3150 768 15419
15421 #EA 4147 8
15422 #EP #BD 112 15420 15421
15423 #EP #BD 2852 15405 15422
15424 #EP #BD 2851 15405 15423
15425 #EP #BD 3146 15404 15424
15426 #EP #BD 3142 768 15425
15427 #EP #BD 3141 768 15426
15428 #EP #BD 75 15410 15427
15429 #EA 15402 366
15430 #EA 15429 121
15431 #EC 510 11 1
15432 #EA 15431 768
15433 #EA 15432 698
15434 #EA 15402 860
15435 #EA 15434 5
15436 #EA 15434 8
15437 #EA 15402 911
15438 #EA 15437 910
15439 #EA 2093 15438
15440 #EA 15439 860
15441 #EA 15437 10
15442 #EA 15440 15441
15443 #EA 15442 8
15444 #EA 4957 860
15445 #EA 15444 698
15446 #EP #BD 188 15443 15445
15447 #EP #BD 188 15436 15446
15448 #EL #BD 86 15435 15447
15449 #EL #BD 22 768 15448
15450 #EA 15433 15449
15451 #EA 15450 366
15452 #EA 15451 5
3151 #NI 3145 95
15453 #EA 15429 698
15454 #EC 490 11 1
15455 #EA 15454 768
15456 #EA 15455 860
15457 #EA 15402 910
15458 #EA 15457 5
15459 #EA 15402 939
15460 #EA 15459 10
15461 #EA 2093 15460
15462 #EA 15461 8
15463 #EA 15459 939
15464 #EA 15462 15463
15465 #EA 15413 939
15466 #EA 15464 15465
15467 #EA 2609 82
15468 #EA 15467 10
15469 #EA 15468 910
15470 #EA 15469 8
15471 #EP #BD 188 15466 15470
15472 #EP #BD 2852 15411 15471
15473 #EP #BD 3146 15458 15472
15474 #EL #BD 3142 768 15473
15475 #EA 15456 15474
15476 #EA 15434 860
15477 #EA 13416 910
15478 #EA 809 15477
15479 #EA 7271 15478
3152 #NI 3145 96
15480 #EA 15437 911
15481 #EA 2093 15480
15482 #EA 15481 8
15483 #EA 15482 15480
15484 #EA 15413 911
15485 #EA 15483 15484
15486 #EC 490 11 0
15487 #EA 15486 15463
15488 #EA 15487 15465
15489 #EA 2609 2536
15490 #EA 15489 5
15491 #EA 15490 910
15492 #EA 15491 10
15493 #EL #BD 3146 15463 15492
15494 #EA 15488 15493
15495 #EA 366 939
15496 #EA 15495 860
15497 #EA 15496 8
15498 #EA 15494 15497
15499 #EA 15498 10
15500 #EA 2731 15463
15501 #EA 15500 10
15502 #EA 15501 15465
15503 #EA 2735 15463
15504 #EA 15503 10
15505 #EA 15504 15465
15506 #EA 15505 5
15507 #EA 15502 15506
15508 #EA 15499 15507
15509 #EL #BD 3152 15485 15508
15510 #EL #BD 2852 15479 15509
15511 #EL #BD 3146 15476 15510
15512 #EA 15475 15511
15513 #EA 15512 698
15514 #EA 2761 768
15515 #EA 15514 698
15516 #EA 15515 860
15517 #EA 15516 5
15518 #EA 15513 15517
15519 #EA 15518 366
15520 #EA 15519 82
15521 #EL #BD 3151 15453 15520
15522 #EA 15452 15521
15523 #EL #BD 3146 15430 15522
15524 #EA 15523 82
15525 #EA 15413 121
15526 #EA 15524 15525
15527 #EA 2135 15430
15528 #EA 15527 82
15529 #EA 15526 15528
15530 #EL #BD 112 15420 15529
15531 #EL #BD 2852 15405 15530
15532 #EL #BD 2851 15405 15531
15533 #EL #BD 3146 15404 15532
15534 #EL #BD 3142 768 15533
15535 #EL #BD 3141 768 15534
15536 #EL #BD 75 15410 15535
#DEF 3140 15428 15536 49
3153 #NS 2827 _proof_1
15537 #EA 1665 7278
15538 #EA 15537 13428
15539 #EA 15538 13428
15540 #EP #BD 2851 13419 15539
15541 #EP #BD 3150 768 15540
15542 #EA 1713 7278
15543 #EA 15542 13428
15544 #EL #BD 2851 13419 15543
15545 #EL #BD 3150 768 15544
#DEF 3153 15541 15545 
3154 #NS 181 data
15546 #EP #BD 24 533 532
15547 #EJ 181 0 5
15548 #EL #BD 24 533 15547
#DEF 3154 15546 15548 
3155 #NS 1593 toByteArray
15549 #EP #BD 24 7278 533
15550 #EJ 1593 0 5
15551 #EL #BD 24 7278 15550
#DEF 3155 15549 15551 
3156 #NS 2827 _proof_2
15552 #EA 15402 82
15553 #EA 15552 8
15554 #EA 1355 15553
15555 #EA 13416 121
15556 #EA 809 15555
15557 #EA 13376 15556
15558 #EA 15557 82
15559 #EA 15537 15558
15560 #EA 15559 13462
15561 #EP #BD 857 15560 1352
15562 #EP #BD 188 15554 15561
15563 #EP #BD 2852 13419 15562
15564 #EP #BD 2837 768 15563
15565 #EP #BD 2851 13419 15564
15566 #EP #BD 2829 768 15565
15567 #EA 5302 7278
15568 #EA 15567 768
15569 #EA 15568 13471
15570 #EA 15569 13423
15571 #EC 307 0
15572 #EA 15571 529
15573 #EC 3154 
15574 #EC 3155 
15575 #EA 15574 5
15576 #EA 15573 15575
15577 #EA 15572 15576
15578 #EL #BD 1613 7278 15577
15579 #EA 15570 15578
15580 #EA 15579 5
15581 #EA 8 15580
15582 #EL #BD 857 15560 15581
15583 #EL #BD 188 15554 15582
15584 #EL #BD 2852 13419 15583
15585 #EL #BD 2837 768 15584
15586 #EL #BD 2851 13419 15585
15587 #EL #BD 2829 768 15586
#DEF 3156 15566 15587 
15588 #EA 15537 8
15589 #EA 15588 5
15590 #EA 1357 15589
15591 #EP #BD 2837 7278 15590
15592 #EP #BD 2829 7278 15591
15593 #EC 2828 1
15594 #EL #BD 2844 7278 15590
15595 #EL #BD 2836 7278 15594
15596 #EA 15593 15595
15597 #EA 15596 8
15598 #EA 15597 5
15599 #EA 15537 13423
15600 #EA 15599 13428
15601 #EA 1357 15600
15602 #EA 3702 15601
15603 #EA 15602 15553
15604 #EC 370 0
15605 #EA 15604 529
15606 #EC 3139 
15607 #EA 15605 15606
15608 #EA 15607 82
15609 #EA 15608 8
15610 #EA 15603 15609
15611 #EC 3140 1
15612 #EA 15557 8
15613 #EA 15537 15612
15614 #EA 13422 5
15615 #EA 15613 15614
15616 #EA 1357 15615
15617 #EL #BD 2852 15405 15616
15618 #EL #BD 2851 15405 15617
15619 #EL #BD 3146 15404 15618
15620 #EL #BD 3142 768 15619
15621 #EL #BD 3141 768 15620
15622 #EA 15611 15621
15623 #EA 15622 121
15624 #EA 15623 10
15625 #EA 15624 5
15626 #EA 15625 82
15627 #EA 15626 8
15628 #EA 15537 13462
15629 #EA 13461 5
15630 #EA 15628 15629
15631 #EA 1372 15630
15632 #EC 3153 
15633 #EA 15632 10
15634 #EA 15633 8
15635 #EA 15631 15634
15636 #EL #BD 2852 15411 15635
15637 #EL #BD 2851 13419 15636
15638 #EL #BD 3150 768 15637
15639 #EA 15627 15638
15640 #EL #BD 188 15553 15639
15641 #EA 15610 15640
15642 #EA 1367 15560
15643 #EC 3156 
15644 #EA 15643 121
15645 #EA 15644 82
15646 #EA 15645 10
15647 #EA 15646 8
15648 #EA 15647 5
15649 #EA 15642 15648
15650 #EL #BD 188 15554 15649
15651 #EA 15641 15650
15652 #EL #BD 2852 13419 15651
15653 #EL #BD 2837 768 15652
15654 #EL #BD 2851 13419 15653
15655 #EL #BD 2829 768 15654
15656 #EA 15598 15655
15657 #EL #BD 2837 7278 15656
15658 #EL #BD 2829 7278 15657
#DEF 2827 15592 15658 
3157 #NS 0 instDecidableEqString
15659 #EA 1748 7278
15660 #EC 2827 
#DEF 3157 15659 15660 
15661 #EP #BD 22 7292 1446
15662 #EP #BD 22 7292 15661
3158 #NI 2716 7
3159 #NI 2716 8
15663 #EC 1696 1
15664 #EL #BD 3158 7292 15661
15665 #EA 15663 15664
15666 #EA 15665 8
15667 #EC 1693 1
15668 #EA 15667 15664
15669 #EA 15668 5
15670 #EC 2689 1
3160 #NI 2716 97
15671 #EA 15668 8
15672 #EP #BD 3160 15671 1446
15673 #EL #BD 2709 7292 15672
15674 #EL #BD 2701 7292 15673
15675 #EA 15670 15674
15676 #EA 15675 10
15677 #EA 15676 5
15678 #EA 15668 13063
15679 #EC 2756 0
15680 #EA 15679 7291
15681 #EC 2812 0
15682 #EA 15681 7278
15683 #EC 2817 0
15684 #EA 15683 7278
15685 #EC 3157 
15686 #EA 15684 15685
15687 #EA 15682 15686
15688 #EA 15680 15687
15689 #EA 15688 10
15690 #EA 15689 8
15691 #EL #BD 3160 15678 15690
15692 #EL #BD 2711 7291 15691
15693 #EL #BD 2710 7291 15692
15694 #EA 15677 15693
15695 #EA 15668 13074
15696 #EA 13001 426
15697 #EA 15679 7294
15698 #EA 15683 7294
15699 #EA 15698 15685
15700 #EA 15697 15699
15701 #EA 15700 82
15702 #EA 15701 8
15703 #EA 15696 15702
15704 #EL #BD 3160 15695 15703
15705 #EL #BD 2715 7294 15704
15706 #EL #BD 2714 7292 15705
15707 #EL #BD 2713 7294 15706
15708 #EL #BD 2712 7292 15707
15709 #EA 15694 15708
15710 #EL #BD 3160 15671 1509
15711 #EL #BD 2718 7292 15710
15712 #EL #BD 2717 7292 15711
15713 #EA 15709 15712
15714 #EA 15713 8
15715 #EL #BD 3159 7292 15714
15716 #EL #BD 82 15669 15715
15717 #EL #BD 3158 7292 15716
15718 #EA 15666 15717
15719 #EA 15718 5
15720 #EL #BD 3159 7292 15719
15721 #EL #BD 3158 7292 15720
#DEF 2676 15662 15721 
3161 #NS 1622 mp
15722 #EP #BD 24 7297 7292
15723 #EJ 1622 0 5
15724 #EL #BD 24 7297 15723
#DEF 3161 15722 15724 
3162 #NS 1622 id
15725 #EP #BD 24 7297 7294
15726 #EJ 1622 1 5
15727 #EL #BD 24 7297 15726
#DEF 3162 15725 15727 
3163 #NS 1622 beq
3164 #NS 0 k1
3165 #NS 0 k2
15728 #EP #BD 3165 7297 1446
15729 #EP #BD 3164 7297 15728
15730 #EC 2676 
15731 #EC 3161 
15732 #EA 15731 8
15733 #EA 15730 15732
15734 #EA 15731 5
15735 #EA 15733 15734
15736 #EA 13001 15735
15737 #EC 3162 
15738 #EA 15737 8
15739 #EA 15700 15738
15740 #EA 15737 5
15741 #EA 15739 15740
15742 #EA 15736 15741
15743 #EL #BD 3165 7297 15742
15744 #EL #BD 3164 7297 15743
#DEF 3163 15729 15744 
3166 #NS 0 Option
3167 #NS 3166 none
15745 #EC 3166 2
15746 #EA 15745 5
15747 #EP #BI 7 3 15746
3168 #NS 3166 some
15748 #EA 15745 8
15749 #EP #BD 33 5 15748
15750 #EP #BI 7 3 15749
#IND 1 3166 15 2 3167 15747 3168 15750 8
3169 #NS 0 ConstantBody
3170 #NS 3169 mk
3171 #NS 0 cst_body
15751 #EC 3166 0
15752 #EA 15751 7378
15753 #EC 3169 
15754 #EP #BD 3171 15752 15753
#IND 0 3169 2 1 3170 15754 
3172 #NS 0 RecursivityKind
3173 #NS 3172 finite
15755 #EC 3172 
3174 #NS 3172 cofinite
3175 #NS 3172 bifinite
#IND 0 3172 2 3 3173 15755 3174 15755 3175 15755 
3176 #NS 0 AllowedEliminations
3177 #NS 3176 IntoSProp
15756 #EC 3176 
3178 #NS 3176 IntoPropSProp
3179 #NS 3176 IntoSetPropSProp
3180 #NS 3176 IntoAny
#IND 0 3176 2 4 3177 15756 3178 15756 3179 15756 3180 15756 
3181 #NS 0 ConstructorBody
3182 #NS 3181 mk
3183 #NS 0 nargs
15757 #EC 3181 
15758 #EP #BD 3183 0 15757
15759 #EP #BD 1610 7294 15758
#IND 0 3181 2 1 3182 15759 
3184 #NS 0 ProjectionBody
3185 #NS 3184 mk
15760 #EC 3184 
15761 #EP #BD 1610 7294 15760
#IND 0 3184 2 1 3185 15761 
3186 #NS 0 OneInductiveBody
3187 #NS 3186 mk
3188 #NS 0 propositional
3189 #NS 0 kelim
3190 #NS 0 ctors
15762 #EA 767 15757
3191 #NS 0 projs
15763 #EA 767 15760
15764 #EC 3186 
15765 #EP #BD 3191 15763 15764
15766 #EP #BD 3190 15762 15765
15767 #EP #BD 3189 15756 15766
15768 #EP #BD 3188 1446 15767
15769 #EP #BD 1610 7294 15768
#IND 0 3186 2 1 3187 15769 
3192 #NS 0 MutualInductiveBody
3193 #NS 3192 mk
3194 #NS 0 finite
3195 #NS 0 npars
3196 #NS 0 bodies
15770 #EA 767 15764
15771 #EC 3192 
15772 #EP #BD 3196 15770 15771
15773 #EP #BD 3195 0 15772
15774 #EP #BD 3194 15755 15773
#IND 0 3192 2 1 3193 15774 
3197 #NS 0 GlobalDecl
3198 #NS 3197 constantDecl
15775 #EC 3197 
15776 #EP #BD 1638 15753 15775
3199 #NS 3197 inductiveDecl
15777 #EP #BD 1638 15771 15775
#IND 0 3197 2 2 3198 15776 3199 15777 
3200 #NS 0 GlobalDeclarations
15778 #EA 7390 7297
15779 #EA 15778 15775
15780 #EA 767 15779
#DEF 3200 2 15780 
3201 #NS 1628 casesOn
15781 #EA 7303 8
15782 #EA 15781 5
15783 #EP #BD 76 15782 335
15784 #EA 7303 10
15785 #EA 15784 8
15786 #EC 1629 2 4
15787 #EA 15786 366
15788 #EA 15787 121
15789 #EA 15788 8
15790 #EA 15789 5
15791 #EA 82 15790
15792 #EP #BD 73 82 15791
15793 #EP #BD 72 82 15792
15794 #EP #BD 249 15793 229
15795 #EP #BD 76 15785 15794
15796 #EP #BI 75 15783 15795
15797 #EP #BI 38 75 15796
15798 #EP #BI 7 3 15797
3202 #NS 1628 rec
15799 #EC 3202 11 2 4
15800 #EA 15799 121
15801 #EA 15800 82
15802 #EA 15801 10
15803 #EA 15802 4674
15804 #EA 15803 8
15805 #EL #BD 249 15793 15804
15806 #EL #BD 76 15785 15805
15807 #EL #BI 75 15783 15806
15808 #EL #BI 38 75 15807
15809 #EL #BI 7 3 15808
#DEF 3201 15798 15809 49 8 39
3203 #NS 1674 envLookup
3204 #NS 3203 match_1
3205 #NI 2691 1508100718
3206 #NS 3205 _hygCtx
3207 #NI 3206 8
3208 #NS 3207 LeanToLambdaBox
3209 #NS 3208 Semantics
3210 #NS 3209 Substitution
3211 #NI 3210 1508100718
3212 #NS 3211 _hygCtx
3213 #NS 3212 _hyg
3214 #NI 3213 27
15810 #EC 3200 
3215 #NI 3206 9
3216 #NS 3215 LeanToLambdaBox
3217 #NS 3216 Semantics
3218 #NS 3217 Substitution
3219 #NI 3218 1508100718
3220 #NS 3219 _hygCtx
3221 #NS 3220 _hyg
3222 #NI 3221 30
15811 #EP #BD 3222 7297 335
15812 #EP #BD 3214 15810 15811
3223 #NS 3206 _hyg
3224 #NI 3223 40
15813 #EA 771 15779
15814 #EA 82 15813
15815 #EA 15814 5
15816 #EP #BD 3224 7297 15815
3225 #NS 0 rest
3226 #NS 0 kn
15817 #EA 776 15779
15818 #EC 1629 0 0
15819 #EA 15818 7297
15820 #EA 15819 15775
15821 #EA 15820 82
15822 #EA 15821 10
15823 #EA 15817 15822
15824 #EA 15823 8
15825 #EA 860 15824
15826 #EA 15825 5
15827 #EP #BD 3226 7297 15826
15828 #EP #BD 3225 15780 15827
15829 #EP #BD 1738 15775 15828
15830 #EP #BD 501 7297 15829
15831 #EP #BD 113 15830 372
15832 #EP #BD 112 15816 15831
15833 #EP #BD 3222 7297 15832
15834 #EP #BD 3214 15810 15833
15835 #EP #BD 75 15812 15834
15836 #EA 790 15779
15837 #EL #BD 86 15810 792
15838 #EA 15836 15837
15839 #EA 15838 82
15840 #EA 15839 796
3227 #NS 234 LeanToLambdaBox
3228 #NS 3227 Semantics
3229 #NS 3228 Substitution
3230 #NI 3229 1508100718
3231 #NS 3230 _hygCtx
3232 #NS 3231 _hyg
3233 #NI 3232 79
3234 #NS 241 LeanToLambdaBox
3235 #NS 3234 Semantics
3236 #NS 3235 Substitution
3237 #NI 3236 1508100718
3238 #NS 3237 _hygCtx
3239 #NS 3238 _hyg
3240 #NI 3239 80
15841 #EC 3201 11 0 0
15842 #EA 15841 7297
15843 #EA 15842 15775
15844 #EA 15817 5
15845 #EA 15844 8
15846 #EA 860 15845
15847 #EA 15846 366
15848 #EL #BD 86 15779 15847
15849 #EA 15843 15848
15850 #EA 15849 8
3241 #NS 72 _@
3242 #NS 3241 LeanToLambdaBox
3243 #NS 3242 Semantics
3244 #NS 3243 Substitution
3245 #NI 3244 1508100718
3246 #NS 3245 _hygCtx
3247 #NS 3246 _hyg
3248 #NI 3247 81
3249 #NS 73 _@
3250 #NS 3249 LeanToLambdaBox
3251 #NS 3250 Semantics
3252 #NS 3251 Substitution
3253 #NI 3252 1508100718
3254 #NS 3253 _hygCtx
3255 #NS 3254 _hyg
3256 #NI 3255 82
15851 #EA 2494 10
15852 #EA 15851 698
15853 #EL #BD 3256 15775 15852
15854 #EL #BD 3248 7297 15853
15855 #EA 15850 15854
15856 #EL #BD 3240 15780 15855
15857 #EL #BD 3233 15779 15856
15858 #EA 15840 15857
15859 #EL #BD 113 15830 15858
15860 #EL #BD 112 15816 15859
15861 #EL #BD 3222 7297 15860
15862 #EL #BD 3214 15810 15861
15863 #EL #BD 75 15812 15862
#DEF 3204 15835 15863 49
15864 #EA 15751 15775
15865 #EP #BD 22 7297 15864
15866 #EP #BD 22 15810 15865
3257 #NI 3223 8
3258 #NI 3223 9
15867 #EA 1009 15779
15868 #EL #BD 3257 15810 15865
15869 #EA 15867 15868
15870 #EA 15869 8
15871 #EA 1014 15779
15872 #EA 15871 15868
15873 #EA 15872 5
15874 #EC 3204 1
3259 #NI 3223 83
15875 #EA 15872 8
15876 #EP #BD 3259 15875 15864
15877 #EL #BD 3222 7297 15876
15878 #EL #BD 3214 15810 15877
15879 #EA 15874 15878
15880 #EA 15879 10
15881 #EA 15880 5
15882 #EA 15872 15813
15883 #EC 3167 0
15884 #EA 15883 15775
15885 #EL #BD 3259 15882 15884
15886 #EL #BD 3224 7297 15885
15887 #EA 15881 15886
15888 #EA 15872 15824
15889 #EA 5567 15864
15890 #EC 3163 
15891 #EA 15890 121
15892 #EA 15891 8
15893 #EA 1666 15892
15894 #EA 15893 1504
15895 #EA 15889 15894
15896 #EA 3705 15892
15897 #EA 15896 1504
15898 #EA 15895 15897
15899 #EC 3168 0
15900 #EA 15899 15775
15901 #EA 15900 82
15902 #EA 15898 15901
15903 #EA 15902 950
15904 #EL #BD 3259 15888 15903
15905 #EL #BD 3226 7297 15904
15906 #EL #BD 3225 15780 15905
15907 #EL #BD 1738 15775 15906
15908 #EL #BD 501 7297 15907
15909 #EA 15887 15908
15910 #EA 15909 8
15911 #EL #BD 3258 7297 15910
15912 #EL #BD 82 15873 15911
15913 #EL #BD 3257 15810 15912
15914 #EA 15870 15913
15915 #EA 15914 5
15916 #EL #BD 3258 7297 15915
15917 #EL #BD 3257 15810 15916
#DEF 3203 15866 15917 
3260 #NS 1674 below
3261 #NS 0 motive_1
15918 #EP #BD 76 7378 72
3262 #NS 0 motive_2
15919 #EP #BD 76 7386 72
3263 #NS 0 motive_3
15920 #EP #BD 76 7396 72
3264 #NS 0 motive_4
15921 #EP #BD 76 7402 72
3265 #NS 0 motive_5
15922 #EP #BD 76 7395 72
3266 #NS 0 motive_6
15923 #EP #BD 76 7401 72
15924 #EP #BD 76 7378 206
15925 #EP #BI 3266 15923 15924
15926 #EP #BI 3265 15922 15925
15927 #EP #BI 3264 15921 15926
15928 #EP #BI 3263 15920 15927
15929 #EP #BI 3262 15919 15928
15930 #EP #BI 3261 15918 15929
3267 #NS 1674 rec
15931 #EC 3267 17
15932 #EL #BD 76 7378 206
15933 #EA 15931 15932
15934 #EL #BD 76 7386 206
15935 #EA 15933 15934
15936 #EL #BD 76 7396 206
15937 #EA 15935 15936
15938 #EL #BD 76 7402 206
15939 #EA 15937 15938
15940 #EL #BD 76 7395 206
15941 #EA 15939 15940
15942 #EL #BD 76 7401 206
15943 #EA 15941 15942
15944 #EA 15943 212
15945 #EL #BD 22 0 212
15946 #EA 15944 15945
15947 #EL #BD 22 7286 212
15948 #EA 15946 15947
15949 #EA 214 2527
15950 #EA 15949 5
15951 #EL #BD 649 206 15950
15952 #EL #BD 22 7378 15951
15953 #EL #BD 22 7288 15952
15954 #EA 15948 15953
15955 #EC 70 15 15
15956 #EA 214 4117
15957 #EA 15956 8
15958 #EA 15955 15957
15959 #EA 214 4168
15960 #EA 15959 5
15961 #EA 15958 15960
15962 #EL #BD 649 206 15961
15963 #EL #BD 649 206 15962
15964 #EL #BD 22 7378 15963
15965 #EL #BD 22 7378 15964
15966 #EL #BD 22 7288 15965
15967 #EA 15954 15966
15968 #EA 939 82
15969 #EA 214 15968
15970 #EA 15969 8
15971 #EA 15955 15970
15972 #EA 214 2771
15973 #EA 15972 5
15974 #EA 15971 15973
15975 #EL #BD 649 206 15974
15976 #EL #BD 649 206 15975
15977 #EL #BD 22 7378 15976
15978 #EL #BD 22 7378 15977
15979 #EA 15967 15978
15980 #EL #BD 22 7297 212
15981 #EA 15979 15980
15982 #EL #BD 22 7386 15951
15983 #EL #BD 22 0 15982
15984 #EL #BD 22 7300 15983
15985 #EA 15981 15984
15986 #EA 214 2338
15987 #EA 15986 5
15988 #EA 15958 15987
15989 #EL #BD 649 206 15988
15990 #EL #BD 649 206 15989
15991 #EL #BD 22 7396 15990
15992 #EL #BD 22 7378 15991
15993 #EL #BD 22 7392 15992
15994 #EA 15985 15993
15995 #EL #BD 22 7310 15952
15996 #EA 15994 15995
15997 #EA 214 1314
15998 #EA 15997 5
15999 #EL #BD 649 206 15998
16000 #EL #BD 22 0 15999
16001 #EL #BD 22 7402 16000
16002 #EA 15996 16001
16003 #EL #BD 22 7404 212
16004 #EA 16002 16003
16005 #EA 16004 212
3268 #NS 0 head_ih
16006 #EA 15971 15987
16007 #EL #BD 208 206 16006
16008 #EL #BD 3268 206 16007
16009 #EL #BD 11 7386 16008
16010 #EL #BD 10 7378 16009
16011 #EA 16005 16010
16012 #EA 16011 212
16013 #EA 698 82
16014 #EA 214 16013
16015 #EA 16014 8
16016 #EA 15955 16015
16017 #EA 214 2301
16018 #EA 16017 5
16019 #EA 16016 16018
16020 #EL #BD 208 206 16019
16021 #EL #BD 3268 206 16020
16022 #EL #BD 11 7396 16021
16023 #EL #BD 10 7395 16022
16024 #EA 16012 16023
16025 #EA 16024 212
16026 #EA 214 7605
16027 #EA 16026 8
16028 #EA 15955 16027
16029 #EA 214 4083
16030 #EA 16029 5
16031 #EA 16028 16030
16032 #EL #BD 208 206 16031
16033 #EL #BD 3268 206 16032
16034 #EL #BD 11 7402 16033
16035 #EL #BD 10 7401 16034
16036 #EA 16025 16035
16037 #EL #BD 72 7393 15952
16038 #EA 16036 16037
3269 #NS 0 body_ih
16039 #EL #BD 3269 206 15973
16040 #EL #BD 1639 0 16039
16041 #EL #BD 1638 7378 16040
16042 #EL #BD 1610 7288 16041
16043 #EA 16038 16042
16044 #EA 16043 5
16045 #EL #BD 76 7378 16044
16046 #EL #BI 3266 15923 16045
16047 #EL #BI 3265 15922 16046
16048 #EL #BI 3264 15921 16047
16049 #EL #BI 3263 15920 16048
16050 #EL #BI 3262 15919 16049
16051 #EL #BI 3261 15918 16050
#DEF 3260 15930 16051 8
3270 #NS 1674 below_1
16052 #EP #BD 76 7386 206
16053 #EP #BI 3266 15923 16052
16054 #EP #BI 3265 15922 16053
16055 #EP #BI 3264 15921 16054
16056 #EP #BI 3263 15920 16055
16057 #EP #BI 3262 15919 16056
16058 #EP #BI 3261 15918 16057
3271 #NS 1674 rec_1
16059 #EC 3271 17
16060 #EA 16059 15932
16061 #EA 16060 15934
16062 #EA 16061 15936
16063 #EA 16062 15938
16064 #EA 16063 15940
16065 #EA 16064 15942
16066 #EA 16065 212
16067 #EA 16066 15945
16068 #EA 16067 15947
16069 #EA 16068 15953
16070 #EA 16069 15966
16071 #EA 16070 15978
16072 #EA 16071 15980
16073 #EA 16072 15984
16074 #EA 16073 15993
16075 #EA 16074 15995
16076 #EA 16075 16001
16077 #EA 16076 16003
16078 #EA 16077 212
16079 #EA 16078 16010
16080 #EA 16079 212
16081 #EA 16080 16023
16082 #EA 16081 212
16083 #EA 16082 16035
16084 #EA 16083 16037
16085 #EA 16084 16042
16086 #EA 16085 5
16087 #EL #BD 76 7386 16086
16088 #EL #BI 3266 15923 16087
16089 #EL #BI 3265 15922 16088
16090 #EL #BI 3264 15921 16089
16091 #EL #BI 3263 15920 16090
16092 #EL #BI 3262 15919 16091
16093 #EL #BI 3261 15918 16092
#DEF 3270 16058 16093 8
3272 #NS 1674 below_2
16094 #EP #BD 76 7396 206
16095 #EP #BI 3266 15923 16094
16096 #EP #BI 3265 15922 16095
16097 #EP #BI 3264 15921 16096
16098 #EP #BI 3263 15920 16097
16099 #EP #BI 3262 15919 16098
16100 #EP #BI 3261 15918 16099
3273 #NS 1674 rec_2
16101 #EC 3273 17
16102 #EA 16101 15932
16103 #EA 16102 15934
16104 #EA 16103 15936
16105 #EA 16104 15938
16106 #EA 16105 15940
16107 #EA 16106 15942
16108 #EA 16107 212
16109 #EA 16108 15945
16110 #EA 16109 15947
16111 #EA 16110 15953
16112 #EA 16111 15966
16113 #EA 16112 15978
16114 #EA 16113 15980
16115 #EA 16114 15984
16116 #EA 16115 15993
16117 #EA 16116 15995
16118 #EA 16117 16001
16119 #EA 16118 16003
16120 #EA 16119 212
16121 #EA 16120 16010
16122 #EA 16121 212
16123 #EA 16122 16023
16124 #EA 16123 212
16125 #EA 16124 16035
16126 #EA 16125 16037
16127 #EA 16126 16042
16128 #EA 16127 5
16129 #EL #BD 76 7396 16128
16130 #EL #BI 3266 15923 16129
16131 #EL #BI 3265 15922 16130
16132 #EL #BI 3264 15921 16131
16133 #EL #BI 3263 15920 16132
16134 #EL #BI 3262 15919 16133
16135 #EL #BI 3261 15918 16134
#DEF 3272 16100 16135 8
3274 #NS 1674 below_3
16136 #EP #BD 76 7402 206
16137 #EP #BI 3266 15923 16136
16138 #EP #BI 3265 15922 16137
16139 #EP #BI 3264 15921 16138
16140 #EP #BI 3263 15920 16139
16141 #EP #BI 3262 15919 16140
16142 #EP #BI 3261 15918 16141
3275 #NS 1674 rec_3
16143 #EC 3275 17
16144 #EA 16143 15932
16145 #EA 16144 15934
16146 #EA 16145 15936
16147 #EA 16146 15938
16148 #EA 16147 15940
16149 #EA 16148 15942
16150 #EA 16149 212
16151 #EA 16150 15945
16152 #EA 16151 15947
16153 #EA 16152 15953
16154 #EA 16153 15966
16155 #EA 16154 15978
16156 #EA 16155 15980
16157 #EA 16156 15984
16158 #EA 16157 15993
16159 #EA 16158 15995
16160 #EA 16159 16001
16161 #EA 16160 16003
16162 #EA 16161 212
16163 #EA 16162 16010
16164 #EA 16163 212
16165 #EA 16164 16023
16166 #EA 16165 212
16167 #EA 16166 16035
16168 #EA 16167 16037
16169 #EA 16168 16042
16170 #EA 16169 5
16171 #EL #BD 76 7402 16170
16172 #EL #BI 3266 15923 16171
16173 #EL #BI 3265 15922 16172
16174 #EL #BI 3264 15921 16173
16175 #EL #BI 3263 15920 16174
16176 #EL #BI 3262 15919 16175
16177 #EL #BI 3261 15918 16176
#DEF 3274 16142 16177 8
3276 #NS 1674 below_4
16178 #EP #BD 76 7395 206
16179 #EP #BI 3266 15923 16178
16180 #EP #BI 3265 15922 16179
16181 #EP #BI 3264 15921 16180
16182 #EP #BI 3263 15920 16181
16183 #EP #BI 3262 15919 16182
16184 #EP #BI 3261 15918 16183
3277 #NS 1674 rec_4
16185 #EC 3277 17
16186 #EA 16185 15932
16187 #EA 16186 15934
16188 #EA 16187 15936
16189 #EA 16188 15938
16190 #EA 16189 15940
16191 #EA 16190 15942
16192 #EA 16191 212
16193 #EA 16192 15945
16194 #EA 16193 15947
16195 #EA 16194 15953
16196 #EA 16195 15966
16197 #EA 16196 15978
16198 #EA 16197 15980
16199 #EA 16198 15984
16200 #EA 16199 15993
16201 #EA 16200 15995
16202 #EA 16201 16001
16203 #EA 16202 16003
16204 #EA 16203 212
16205 #EA 16204 16010
16206 #EA 16205 212
16207 #EA 16206 16023
16208 #EA 16207 212
16209 #EA 16208 16035
16210 #EA 16209 16037
16211 #EA 16210 16042
16212 #EA 16211 5
16213 #EL #BD 76 7395 16212
16214 #EL #BI 3266 15923 16213
16215 #EL #BI 3265 15922 16214
16216 #EL #BI 3264 15921 16215
16217 #EL #BI 3263 15920 16216
16218 #EL #BI 3262 15919 16217
16219 #EL #BI 3261 15918 16218
#DEF 3276 16184 16219 8
3278 #NS 1674 below_5
16220 #EP #BD 76 7401 206
16221 #EP #BI 3266 15923 16220
16222 #EP #BI 3265 15922 16221
16223 #EP #BI 3264 15921 16222
16224 #EP #BI 3263 15920 16223
16225 #EP #BI 3262 15919 16224
16226 #EP #BI 3261 15918 16225
3279 #NS 1674 rec_5
16227 #EC 3279 17
16228 #EA 16227 15932
16229 #EA 16228 15934
16230 #EA 16229 15936
16231 #EA 16230 15938
16232 #EA 16231 15940
16233 #EA 16232 15942
16234 #EA 16233 212
16235 #EA 16234 15945
16236 #EA 16235 15947
16237 #EA 16236 15953
16238 #EA 16237 15966
16239 #EA 16238 15978
16240 #EA 16239 15980
16241 #EA 16240 15984
16242 #EA 16241 15993
16243 #EA 16242 15995
16244 #EA 16243 16001
16245 #EA 16244 16003
16246 #EA 16245 212
16247 #EA 16246 16010
16248 #EA 16247 212
16249 #EA 16248 16023
16250 #EA 16249 212
16251 #EA 16250 16035
16252 #EA 16251 16037
16253 #EA 16252 16042
16254 #EA 16253 5
16255 #EL #BD 76 7401 16254
16256 #EL #BI 3266 15923 16255
16257 #EL #BI 3265 15922 16256
16258 #EL #BI 3264 15921 16257
16259 #EL #BI 3263 15920 16258
16260 #EL #BI 3262 15919 16259
16261 #EL #BI 3261 15918 16260
#DEF 3278 16226 16261 8
3280 #NS 1674 brecOn
3281 #NS 3280 go
16262 #EC 3260 2
16263 #EA 16262 860
16264 #EA 16263 698
16265 #EA 16264 366
16266 #EA 16265 121
16267 #EA 16266 82
16268 #EA 16267 10
16269 #EA 16268 5
16270 #EP #BD 82 16269 2564
16271 #EP #BD 76 7378 16270
3282 #NS 0 F_2
16272 #EC 3270 2
16273 #EA 16272 910
16274 #EA 16273 860
16275 #EA 16274 698
16276 #EA 16275 366
16277 #EA 16276 121
16278 #EA 16277 82
16279 #EA 16278 5
16280 #EP #BD 82 16279 2564
16281 #EP #BD 76 7386 16280
3283 #NS 0 F_3
16282 #EC 3272 2
16283 #EA 16282 911
16284 #EA 16283 910
16285 #EA 16284 860
16286 #EA 16285 698
16287 #EA 16286 366
16288 #EA 16287 121
16289 #EA 16288 5
16290 #EP #BD 82 16289 2564
16291 #EP #BD 76 7396 16290
3284 #NS 0 F_4
16292 #EC 3274 2
16293 #EA 16292 939
16294 #EA 16293 911
16295 #EA 16294 910
16296 #EA 16295 860
16297 #EA 16296 698
16298 #EA 16297 366
16299 #EA 16298 5
16300 #EP #BD 82 16299 2564
16301 #EP #BD 76 7402 16300
3285 #NS 0 F_5
16302 #EC 3276 2
16303 #EA 16302 2536
16304 #EA 16303 939
16305 #EA 16304 911
16306 #EA 16305 910
16307 #EA 16306 860
16308 #EA 16307 698
16309 #EA 16308 5
16310 #EP #BD 82 16309 2564
16311 #EP #BD 76 7395 16310
3286 #NS 0 F_6
16312 #EC 3278 2
16313 #EA 16312 2582
16314 #EA 16313 2536
16315 #EA 16314 939
16316 #EA 16315 911
16317 #EA 16316 910
16318 #EA 16317 860
16319 #EA 16318 5
16320 #EP #BD 82 16319 2564
16321 #EP #BD 76 7401 16320
16322 #EA 2582 698
16323 #EA 214 16322
16324 #EA 16262 2582
16325 #EA 16324 2536
16326 #EA 16325 939
16327 #EA 16326 911
16328 #EA 16327 910
16329 #EA 16328 860
16330 #EA 16329 698
16331 #EA 16323 16330
16332 #EP #BD 3286 16321 16331
16333 #EP #BD 3285 16311 16332
16334 #EP #BD 3284 16301 16333
16335 #EP #BD 3283 16291 16334
16336 #EP #BD 3282 16281 16335
16337 #EP #BD 81 16271 16336
16338 #EP #BD 76 7378 16337
16339 #EP #BI 3266 15923 16338
16340 #EP #BI 3265 15922 16339
16341 #EP #BI 3264 15921 16340
16342 #EP #BI 3263 15920 16341
16343 #EP #BI 3262 15919 16342
16344 #EP #BI 3261 15918 16343
16345 #EC 3267 15
16346 #EA 2591 5
16347 #EA 214 16346
16348 #EA 16262 2591
16349 #EA 16348 2582
16350 #EA 16349 2536
16351 #EA 16350 939
16352 #EA 16351 911
16353 #EA 16352 910
16354 #EA 16353 5
16355 #EA 16347 16354
16356 #EL #BD 76 7378 16355
16357 #EA 16345 16356
16358 #EA 2582 5
16359 #EA 214 16358
16360 #EA 16272 2591
16361 #EA 16360 2582
16362 #EA 16361 2536
16363 #EA 16362 939
16364 #EA 16363 911
16365 #EA 16364 910
16366 #EA 16365 5
16367 #EA 16359 16366
16368 #EL #BD 76 7386 16367
16369 #EA 16357 16368
16370 #EA 2536 5
16371 #EA 214 16370
16372 #EA 16282 2591
16373 #EA 16372 2582
16374 #EA 16373 2536
16375 #EA 16374 939
16376 #EA 16375 911
16377 #EA 16376 910
16378 #EA 16377 5
16379 #EA 16371 16378
16380 #EL #BD 76 7396 16379
16381 #EA 16369 16380
16382 #EA 939 5
16383 #EA 214 16382
16384 #EA 16292 2591
16385 #EA 16384 2582
16386 #EA 16385 2536
16387 #EA 16386 939
16388 #EA 16387 911
16389 #EA 16388 910
16390 #EA 16389 5
16391 #EA 16383 16390
16392 #EL #BD 76 7402 16391
16393 #EA 16381 16392
16394 #EA 911 5
16395 #EA 214 16394
16396 #EA 16302 2591
16397 #EA 16396 2582
16398 #EA 16397 2536
16399 #EA 16398 939
16400 #EA 16399 911
16401 #EA 16400 910
16402 #EA 16401 5
16403 #EA 16395 16402
16404 #EL #BD 76 7395 16403
16405 #EA 16393 16404
16406 #EA 910 5
16407 #EA 214 16406
16408 #EA 16312 2591
16409 #EA 16408 2582
16410 #EA 16409 2536
16411 #EA 16410 939
16412 #EA 16411 911
16413 #EA 16412 910
16414 #EA 16413 5
16415 #EA 16407 16414
16416 #EL #BD 76 7401 16415
16417 #EA 16405 16416
16418 #EC 1675 
16419 #EA 2582 16418
16420 #EA 244 16419
16421 #EA 16420 212
16422 #EA 366 16418
16423 #EA 16422 250
16424 #EA 16421 16423
16425 #EA 16424 250
16426 #EA 16417 16425
16427 #EC 1676 
16428 #EA 16427 5
16429 #EA 2591 16428
16430 #EA 244 16429
16431 #EA 16430 212
16432 #EA 698 16428
16433 #EA 16432 250
16434 #EA 16431 16433
16435 #EA 16434 250
16436 #EL #BD 22 0 16435
16437 #EA 16426 16436
16438 #EC 1677 
16439 #EA 16438 5
16440 #EA 2591 16439
16441 #EA 244 16440
16442 #EA 16441 212
16443 #EA 698 16439
16444 #EA 16443 250
16445 #EA 16442 16444
16446 #EA 16445 250
16447 #EL #BD 22 7286 16446
16448 #EA 16437 16447
16449 #EA 2593 5
16450 #EA 214 16449
16451 #EA 16262 2593
16452 #EA 16451 2591
16453 #EA 16452 2582
16454 #EA 16453 2536
16455 #EA 16454 939
16456 #EA 16455 911
16457 #EA 16456 5
16458 #EA 16450 16457
16459 #EC 1678 
16460 #EA 16459 10
16461 #EA 16460 8
16462 #EA 2682 16461
16463 #EA 244 16462
16464 #EA 214 2685
16465 #EA 16262 2682
16466 #EA 16465 2593
16467 #EA 16466 2591
16468 #EA 16467 2582
16469 #EA 16468 2536
16470 #EA 16469 939
16471 #EA 16470 8
16472 #EA 16464 16471
16473 #EA 16463 16472
16474 #EA 910 16461
16475 #EA 16474 5
16476 #EA 16473 16475
16477 #EA 16476 5
16478 #EL #BD 649 16458 16477
16479 #EL #BD 22 7378 16478
16480 #EL #BD 22 7288 16479
16481 #EA 16448 16480
16482 #EA 214 2781
16483 #EA 16262 2778
16484 #EA 16483 2682
16485 #EA 16484 2593
16486 #EA 16485 2591
16487 #EA 16486 2582
16488 #EA 16487 2536
16489 #EA 16488 8
16490 #EA 16482 16489
16491 #EC 1679 
16492 #EA 16491 121
16493 #EA 16492 82
16494 #EA 16493 10
16495 #EA 2799 16494
16496 #EA 244 16495
16497 #EA 2799 82
16498 #EA 214 16497
16499 #EA 16262 2799
16500 #EA 16499 2778
16501 #EA 16500 2682
16502 #EA 16501 2593
16503 #EA 16502 2591
16504 #EA 16503 2582
16505 #EA 16504 82
16506 #EA 16498 16505
16507 #EA 15955 16506
16508 #EA 214 4268
16509 #EA 16504 10
16510 #EA 16508 16509
16511 #EA 16507 16510
16512 #EA 16496 16511
16513 #EA 939 16494
16514 #EC 71 15 15
16515 #EA 16514 16506
16516 #EA 16515 16510
16517 #EA 16516 8
16518 #EA 16517 5
16519 #EA 16513 16518
16520 #EA 16512 16519
16521 #EA 16520 16518
16522 #EL #BD 649 16490 16521
16523 #EL #BD 649 16472 16522
16524 #EL #BD 22 7378 16523
16525 #EL #BD 22 7378 16524
16526 #EL #BD 22 7288 16525
16527 #EA 16481 16526
16528 #EA 214 2596
16529 #EA 16456 8
16530 #EA 16528 16529
16531 #EC 1680 
16532 #EA 16531 82
16533 #EA 16532 10
16534 #EA 2778 16533
16535 #EA 244 16534
16536 #EA 2778 82
16537 #EA 214 16536
16538 #EA 16488 82
16539 #EA 16537 16538
16540 #EA 15955 16539
16541 #EA 214 4196
16542 #EA 16488 10
16543 #EA 16541 16542
16544 #EA 16540 16543
16545 #EA 16535 16544
16546 #EA 911 16533
16547 #EA 16514 16539
16548 #EA 16547 16543
16549 #EA 16548 8
16550 #EA 16549 5
16551 #EA 16546 16550
16552 #EA 16545 16551
16553 #EA 16552 16550
16554 #EL #BD 649 16472 16553
16555 #EL #BD 649 16530 16554
16556 #EL #BD 22 7378 16555
16557 #EL #BD 22 7378 16556
16558 #EA 16527 16557
16559 #EC 1681 
16560 #EA 16559 5
16561 #EA 2591 16560
16562 #EA 244 16561
16563 #EA 16562 212
16564 #EA 698 16560
16565 #EA 16564 250
16566 #EA 16563 16565
16567 #EA 16566 250
16568 #EL #BD 22 7297 16567
16569 #EA 16558 16568
16570 #EA 16272 2682
16571 #EA 16570 2593
16572 #EA 16571 2591
16573 #EA 16572 2582
16574 #EA 16573 2536
16575 #EA 16574 939
16576 #EA 16575 5
16577 #EA 16450 16576
16578 #EC 1682 
16579 #EA 16578 82
16580 #EA 16579 10
16581 #EA 16580 8
16582 #EA 2778 16581
16583 #EA 244 16582
16584 #EA 16272 2778
16585 #EA 16584 2682
16586 #EA 16585 2593
16587 #EA 16586 2591
16588 #EA 16587 2582
16589 #EA 16588 2536
16590 #EA 16589 8
16591 #EA 16464 16590
16592 #EA 16583 16591
16593 #EA 911 16581
16594 #EA 16593 5
16595 #EA 16592 16594
16596 #EA 16595 5
16597 #EL #BD 649 16577 16596
16598 #EL #BD 22 7386 16597
16599 #EL #BD 22 0 16598
16600 #EL #BD 22 7300 16599
16601 #EA 16569 16600
16602 #EA 16282 2778
16603 #EA 16602 2682
16604 #EA 16603 2593
16605 #EA 16604 2591
16606 #EA 16605 2582
16607 #EA 16606 2536
16608 #EA 16607 8
16609 #EA 16528 16608
16610 #EC 1683 
16611 #EA 16610 121
16612 #EA 16611 82
16613 #EA 16612 10
16614 #EA 2799 16613
16615 #EA 244 16614
16616 #EA 214 4293
16617 #EA 16282 2799
16618 #EA 16617 2778
16619 #EA 16618 2682
16620 #EA 16619 2593
16621 #EA 16620 2591
16622 #EA 16621 2582
16623 #EA 16622 10
16624 #EA 16616 16623
16625 #EA 16507 16624
16626 #EA 16615 16625
16627 #EA 939 16613
16628 #EA 16515 16624
16629 #EA 16628 8
16630 #EA 16629 5
16631 #EA 16627 16630
16632 #EA 16626 16631
16633 #EA 16632 16630
16634 #EL #BD 649 16609 16633
16635 #EL #BD 649 16472 16634
16636 #EL #BD 22 7396 16635
16637 #EL #BD 22 7378 16636
16638 #EL #BD 22 7392 16637
16639 #EA 16601 16638
16640 #EC 1684 
16641 #EA 16640 10
16642 #EA 16641 8
16643 #EA 2682 16642
16644 #EA 244 16643
16645 #EA 16644 16472
16646 #EA 910 16642
16647 #EA 16646 5
16648 #EA 16645 16647
16649 #EA 16648 5
16650 #EL #BD 649 16458 16649
16651 #EL #BD 22 7378 16650
16652 #EL #BD 22 7310 16651
16653 #EA 16639 16652
16654 #EA 214 2539
16655 #EA 16292 2593
16656 #EA 16655 2591
16657 #EA 16656 2582
16658 #EA 16657 2536
16659 #EA 16658 939
16660 #EA 16659 911
16661 #EA 16660 8
16662 #EA 16654 16661
16663 #EC 1685 
16664 #EA 16663 10
16665 #EA 16664 8
16666 #EA 2682 16665
16667 #EA 244 16666
16668 #EA 214 4107
16669 #EA 16292 2682
16670 #EA 16669 2593
16671 #EA 16670 2591
16672 #EA 16671 2582
16673 #EA 16672 2536
16674 #EA 16673 939
16675 #EA 16674 10
16676 #EA 16668 16675
16677 #EA 16667 16676
16678 #EA 910 16665
16679 #EA 16678 5
16680 #EA 16677 16679
16681 #EA 16680 5
16682 #EL #BD 649 16662 16681
16683 #EL #BD 22 0 16682
16684 #EL #BD 22 7402 16683
16685 #EA 16653 16684
16686 #EC 1686 
16687 #EA 16686 5
16688 #EA 2591 16687
16689 #EA 244 16688
16690 #EA 16689 212
16691 #EA 698 16687
16692 #EA 16691 250
16693 #EA 16690 16692
16694 #EA 16693 250
16695 #EL #BD 22 7404 16694
16696 #EA 16685 16695
16697 #EA 771 7378
16698 #EA 2536 16697
16699 #EA 244 16698
16700 #EA 16699 212
16701 #EA 121 16697
16702 #EA 16701 250
16703 #EA 16700 16702
16704 #EA 16703 250
16705 #EA 16696 16704
16706 #EA 16575 8
16707 #EA 16528 16706
16708 #EA 776 7378
16709 #EA 16708 82
16710 #EA 16709 10
16711 #EA 2682 16710
16712 #EA 244 16711
16713 #EA 16589 10
16714 #EA 16616 16713
16715 #EA 16540 16714
16716 #EA 16712 16715
16717 #EA 910 16710
16718 #EA 16547 16714
16719 #EA 16718 8
16720 #EA 16719 5
16721 #EA 16717 16720
16722 #EA 16716 16721
16723 #EA 16722 16720
16724 #EL #BD 208 16707 16723
16725 #EL #BD 3268 16530 16724
16726 #EL #BD 11 7386 16725
16727 #EL #BD 10 7378 16726
16728 #EA 16705 16727
16729 #EA 771 7395
16730 #EA 939 16729
16731 #EA 244 16730
16732 #EA 16731 212
16733 #EA 82 16729
16734 #EA 16733 250
16735 #EA 16732 16734
16736 #EA 16735 250
16737 #EA 16728 16736
16738 #EA 939 8
16739 #EA 214 16738
16740 #EA 16302 2593
16741 #EA 16740 2591
16742 #EA 16741 2582
16743 #EA 16742 2536
16744 #EA 16743 939
16745 #EA 16744 911
16746 #EA 16745 8
16747 #EA 16739 16746
16748 #EA 214 2710
16749 #EA 16282 2682
16750 #EA 16749 2593
16751 #EA 16750 2591
16752 #EA 16751 2582
16753 #EA 16752 2536
16754 #EA 16753 939
16755 #EA 16754 8
16756 #EA 16748 16755
16757 #EA 776 7395
16758 #EA 16757 82
16759 #EA 16758 10
16760 #EA 2593 16759
16761 #EA 244 16760
16762 #EA 214 4352
16763 #EA 16302 2778
16764 #EA 16763 2682
16765 #EA 16764 2593
16766 #EA 16765 2591
16767 #EA 16766 2582
16768 #EA 16767 2536
16769 #EA 16768 82
16770 #EA 16762 16769
16771 #EA 15955 16770
16772 #EA 214 4129
16773 #EA 16607 10
16774 #EA 16772 16773
16775 #EA 16771 16774
16776 #EA 16761 16775
16777 #EA 860 16759
16778 #EA 16514 16770
16779 #EA 16778 16774
16780 #EA 16779 8
16781 #EA 16780 5
16782 #EA 16777 16781
16783 #EA 16776 16782
16784 #EA 16783 16781
16785 #EL #BD 208 16756 16784
16786 #EL #BD 3268 16747 16785
16787 #EL #BD 11 7396 16786
16788 #EL #BD 10 7395 16787
16789 #EA 16737 16788
16790 #EA 771 7401
16791 #EA 911 16790
16792 #EA 244 16791
16793 #EA 16792 212
16794 #EA 10 16790
16795 #EA 16794 250
16796 #EA 16793 16795
16797 #EA 16796 250
16798 #EA 16789 16797
16799 #EA 16312 2593
16800 #EA 16799 2591
16801 #EA 16800 2582
16802 #EA 16801 2536
16803 #EA 16802 939
16804 #EA 16803 911
16805 #EA 16804 8
16806 #EA 15949 16805
16807 #EA 214 2631
16808 #EA 16674 8
16809 #EA 16807 16808
16810 #EA 776 7401
16811 #EA 16810 82
16812 #EA 16811 10
16813 #EA 2591 16812
16814 #EA 244 16813
16815 #EA 16312 2778
16816 #EA 16815 2682
16817 #EA 16816 2593
16818 #EA 16817 2591
16819 #EA 16818 2582
16820 #EA 16819 2536
16821 #EA 16820 82
16822 #EA 15956 16821
16823 #EA 15955 16822
16824 #EA 214 4178
16825 #EA 16292 2778
16826 #EA 16825 2682
16827 #EA 16826 2593
16828 #EA 16827 2591
16829 #EA 16828 2582
16830 #EA 16829 2536
16831 #EA 16830 10
16832 #EA 16824 16831
16833 #EA 16823 16832
16834 #EA 16814 16833
16835 #EA 698 16812
16836 #EA 16514 16822
16837 #EA 16836 16832
16838 #EA 16837 8
16839 #EA 16838 5
16840 #EA 16835 16839
16841 #EA 16834 16840
16842 #EA 16841 16839
16843 #EL #BD 208 16809 16842
16844 #EL #BD 3268 16806 16843
16845 #EL #BD 11 7402 16844
16846 #EL #BD 10 7401 16845
16847 #EA 16798 16846
3287 #NS 0 snd_ih
16848 #EA 15818 7393
16849 #EA 16848 7378
16850 #EA 16849 10
16851 #EA 16850 8
16852 #EA 2536 16851
16853 #EA 244 16852
16854 #EA 16853 16472
16855 #EA 121 16851
16856 #EA 16855 5
16857 #EA 16854 16856
16858 #EA 16857 5
16859 #EL #BD 3287 16458 16858
16860 #EL #BD 73 7378 16859
16861 #EL #BD 72 7393 16860
16862 #EA 16847 16861
16863 #EC 1636 
16864 #EA 16863 7378
16865 #EA 16864 82
16866 #EA 16865 10
16867 #EA 16866 8
16868 #EA 2536 16867
16869 #EA 244 16868
16870 #EA 16869 16543
16871 #EA 121 16867
16872 #EA 16871 5
16873 #EA 16870 16872
16874 #EA 16873 5
16875 #EL #BD 3269 16472 16874
16876 #EL #BD 1639 0 16875
16877 #EL #BD 1638 7378 16876
16878 #EL #BD 1610 7288 16877
16879 #EA 16862 16878
16880 #EA 16879 698
16881 #EL #BD 3286 16321 16880
16882 #EL #BD 3285 16311 16881
16883 #EL #BD 3284 16301 16882
16884 #EL #BD 3283 16291 16883
16885 #EL #BD 3282 16281 16884
16886 #EL #BD 81 16271 16885
16887 #EL #BD 76 7378 16886
16888 #EL #BI 3266 15923 16887
16889 #EL #BI 3265 15922 16888
16890 #EL #BI 3264 15921 16889
16891 #EL #BI 3263 15920 16890
16892 #EL #BI 3262 15919 16891
16893 #EL #BI 3261 15918 16892
#DEF 3281 16344 16893 8
16894 #EP #BD 3286 16321 16322
16895 #EP #BD 3285 16311 16894
16896 #EP #BD 3284 16301 16895
16897 #EP #BD 3283 16291 16896
16898 #EP #BD 3282 16281 16897
16899 #EP #BD 81 16271 16898
16900 #EP #BD 76 7378 16899
16901 #EP #BI 3266 15923 16900
16902 #EP #BI 3265 15922 16901
16903 #EP #BI 3264 15921 16902
16904 #EP #BI 3263 15920 16903
16905 #EP #BI 3262 15919 16904
16906 #EP #BI 3261 15918 16905
16907 #EC 3281 2
16908 #EA 16907 2582
16909 #EA 16908 2536
16910 #EA 16909 939
16911 #EA 16910 911
16912 #EA 16911 910
16913 #EA 16912 860
16914 #EA 16913 698
16915 #EA 16914 366
16916 #EA 16915 121
16917 #EA 16916 82
16918 #EA 16917 10
16919 #EA 16918 8
16920 #EA 16919 5
16921 #EJ 70 0 16920
16922 #EL #BD 3286 16321 16921
16923 #EL #BD 3285 16311 16922
16924 #EL #BD 3284 16301 16923
16925 #EL #BD 3283 16291 16924
16926 #EL #BD 3282 16281 16925
16927 #EL #BD 81 16271 16926
16928 #EL #BD 76 7378 16927
16929 #EL #BI 3266 15923 16928
16930 #EL #BI 3265 15922 16929
16931 #EL #BI 3264 15921 16930
16932 #EL #BI 3263 15920 16931
16933 #EL #BI 3262 15919 16932
16934 #EL #BI 3261 15918 16933
#DEF 3280 16906 16934 8
3288 #NS 1674 casesOn
3289 #NS 0 box
16935 #EA 8 16418
3290 #NS 0 bvar
16936 #EA 82 16428
16937 #EP #BD 22 0 16936
3291 #NS 0 fvar
16938 #EA 121 16439
16939 #EP #BD 22 7286 16938
3292 #NS 0 lambda
16940 #EA 16459 8
16941 #EA 16940 5
16942 #EA 698 16941
16943 #EP #BD 22 7378 16942
16944 #EP #BD 22 7288 16943
3293 #NS 0 letIn
16945 #EA 16491 10
16946 #EA 16945 8
16947 #EA 16946 5
16948 #EA 910 16947
16949 #EP #BD 22 7378 16948
16950 #EP #BD 22 7378 16949
16951 #EP #BD 22 7288 16950
3294 #NS 0 app
16952 #EA 16531 8
16953 #EA 16952 5
16954 #EA 910 16953
16955 #EP #BD 22 7378 16954
16956 #EP #BD 22 7378 16955
3295 #NS 0 const
16957 #EA 910 16560
16958 #EP #BD 22 7297 16957
3296 #NS 0 construct
16959 #EA 16578 10
16960 #EA 16959 8
16961 #EA 16960 5
16962 #EA 2536 16961
16963 #EP #BD 22 7386 16962
16964 #EP #BD 22 0 16963
16965 #EP #BD 22 7300 16964
3297 #NS 0 case
16966 #EA 16610 10
16967 #EA 16966 8
16968 #EA 16967 5
16969 #EA 2582 16968
16970 #EP #BD 22 7396 16969
16971 #EP #BD 22 7378 16970
16972 #EP #BD 22 7392 16971
3298 #NS 0 proj
16973 #EA 16640 8
16974 #EA 16973 5
16975 #EA 2582 16974
16976 #EP #BD 22 7378 16975
16977 #EP #BD 22 7310 16976
3299 #NS 0 fix
16978 #EA 16663 8
16979 #EA 16978 5
16980 #EA 2591 16979
16981 #EP #BD 22 0 16980
16982 #EP #BD 22 7402 16981
3300 #NS 0 prim
16983 #EP #BD 22 7404 16688
16984 #EP #BD 3300 16983 4211
16985 #EP #BD 3299 16982 16984
16986 #EP #BD 3298 16977 16985
16987 #EP #BD 3297 16972 16986
16988 #EP #BD 3296 16965 16987
16989 #EP #BD 3295 16958 16988
16990 #EP #BD 3294 16956 16989
16991 #EP #BD 3293 16951 16990
16992 #EP #BD 3292 16944 16991
16993 #EP #BD 3291 16939 16992
16994 #EP #BD 3290 16937 16993
16995 #EP #BD 3289 16935 16994
16996 #EP #BD 76 7378 16995
16997 #EP #BI 3261 15918 16996
16998 #EC 3267 2
16999 #EA 16998 2591
17000 #EL #BD 76 7386 193
17001 #EA 16999 17000
17002 #EL #BD 76 7396 193
17003 #EA 17001 17002
17004 #EL #BD 76 7402 193
17005 #EA 17003 17004
17006 #EL #BD 76 7395 193
17007 #EA 17005 17006
17008 #EL #BD 76 7401 193
17009 #EA 17007 17008
17010 #EA 17009 2536
17011 #EL #BD 22 0 16370
17012 #EA 17010 17011
17013 #EL #BD 22 7286 16382
17014 #EA 17012 17013
17015 #EA 2682 5
17016 #EA 4168 8
17017 #EL #BD 649 17015 17016
17018 #EL #BD 22 7378 17017
17019 #EL #BD 22 7288 17018
17020 #EA 17014 17019
17021 #EL #BD 649 2891 2658
17022 #EL #BD 649 2781 17021
17023 #EL #BD 22 7378 17022
17024 #EL #BD 22 7378 17023
17025 #EL #BD 22 7288 17024
17026 #EA 17020 17025
17027 #EA 15968 10
17028 #EL #BD 649 2781 17027
17029 #EL #BD 649 2685 17028
17030 #EL #BD 22 7378 17029
17031 #EL #BD 22 7378 17030
17032 #EA 17026 17031
17033 #EL #BD 22 7297 1464
17034 #EA 17032 17033
17035 #EA 910 82
17036 #EA 17035 10
17037 #EA 17036 8
17038 #EL #BD 649 193 17037
17039 #EL #BD 22 7386 17038
17040 #EL #BD 22 0 17039
17041 #EL #BD 22 7300 17040
17042 #EA 17034 17041
17043 #EA 910 121
17044 #EA 17043 82
17045 #EA 17044 10
17046 #EL #BD 649 193 17045
17047 #EL #BD 649 2781 17046
17048 #EL #BD 22 7396 17047
17049 #EL #BD 22 7378 17048
17050 #EL #BD 22 7392 17049
17051 #EA 17042 17050
17052 #EL #BD 649 17015 2237
17053 #EL #BD 22 7378 17052
17054 #EL #BD 22 7310 17053
17055 #EA 17051 17054
17056 #EL #BD 649 193 4788
17057 #EL #BD 22 0 17056
17058 #EL #BD 22 7402 17057
17059 #EA 17055 17058
17060 #EL #BD 22 7404 356
17061 #EA 17059 17060
17062 #EC 69 2
17063 #EA 17061 17062
17064 #EL #BD 208 193 17062
17065 #EL #BD 3268 2685 17064
17066 #EL #BD 11 7386 17065
17067 #EL #BD 10 7378 17066
17068 #EA 17063 17067
17069 #EA 17068 17062
17070 #EL #BD 3268 193 17064
17071 #EL #BD 11 7396 17070
17072 #EL #BD 10 7395 17071
17073 #EA 17069 17072
17074 #EA 17073 17062
17075 #EL #BD 11 7402 17070
17076 #EL #BD 10 7401 17075
17077 #EA 17074 17076
17078 #EL #BD 3287 17015 17062
17079 #EL #BD 73 7378 17078
17080 #EL #BD 72 7393 17079
17081 #EA 17077 17080
17082 #EL #BD 3269 2781 17062
17083 #EL #BD 1639 0 17082
17084 #EL #BD 1638 7378 17083
17085 #EL #BD 1610 7288 17084
17086 #EA 17081 17085
17087 #EA 17086 2582
17088 #EL #BD 3300 16983 17087
17089 #EL #BD 3299 16982 17088
17090 #EL #BD 3298 16977 17089
17091 #EL #BD 3297 16972 17090
17092 #EL #BD 3296 16965 17091
17093 #EL #BD 3295 16958 17092
17094 #EL #BD 3294 16956 17093
17095 #EL #BD 3293 16951 17094
17096 #EL #BD 3292 16944 17095
17097 #EL #BD 3291 16939 17096
17098 #EL #BD 3290 16937 17097
17099 #EL #BD 3289 16935 17098
17100 #EL #BD 76 7378 17099
17101 #EL #BI 3261 15918 17100
#DEF 3288 16997 17101 8
3301 #NS 1674 shift
3302 #NS 3301 match_1
3303 #NI 2691 1545754302
3304 #NS 3303 _hygCtx
3305 #NI 3304 48
3306 #NS 3305 LeanToLambdaBox
3307 #NS 3306 Semantics
3308 #NS 3307 Substitution
3309 #NI 3308 1545754302
3310 #NS 3309 _hygCtx
3311 #NS 3310 _hyg
3312 #NI 3311 59
17102 #EP #BD 3312 7378 335
17103 #EA 10 16428
17104 #EP #BD 1571 0 17103
17105 #EA 121 16941
17106 #EP #BD 59 7378 17105
17107 #EP #BD 4 7288 17106
17108 #EA 698 16947
17109 #EP #BD 59 7378 17108
17110 #EP #BD 39 7378 17109
17111 #EP #BD 4 7288 17110
17112 #EA 698 16953
17113 #EP #BD 18 7378 17112
17114 #EP #BD 82 7378 17113
3313 #NS 0 h_5
3314 #NS 0 args
17115 #EA 910 16961
17116 #EP #BD 3314 7386 17115
17117 #EP #BD 501 0 17116
17118 #EP #BD 2211 7300 17117
3315 #NS 0 h_6
3316 #NS 0 info
3317 #NS 0 scr
3318 #NS 0 alts
17119 #EA 911 16968
17120 #EP #BD 3318 7396 17119
17121 #EP #BD 3317 7378 17120
17122 #EP #BD 3316 7392 17121
3319 #NS 0 h_7
17123 #EA 911 16974
17124 #EP #BD 415 7378 17123
17125 #EP #BD 408 7310 17124
3320 #NS 0 h_8
3321 #NS 0 defs
17126 #EA 939 16979
17127 #EP #BD 1571 0 17126
17128 #EP #BD 3321 7402 17127
3322 #NS 0 h_9
17129 #EA 939 16418
17130 #EP #BD 0 333 17129
3323 #NS 0 h_10
17131 #EA 2536 16439
17132 #EP #BD 86 7286 17131
3324 #NS 0 h_11
17133 #EA 2582 16560
17134 #EP #BD 501 7297 17133
17135 #EP #BD 3324 17134 16984
17136 #EP #BD 3323 17132 17135
17137 #EP #BD 3322 17130 17136
17138 #EP #BD 3320 17128 17137
17139 #EP #BD 3319 17125 17138
17140 #EP #BD 3315 17122 17139
17141 #EP #BD 3313 17118 17140
17142 #EP #BD 481 17114 17141
17143 #EP #BD 455 17111 17142
17144 #EP #BD 113 17107 17143
17145 #EP #BD 112 17104 17144
17146 #EP #BD 3312 7378 17145
17147 #EP #BD 75 17102 17146
3325 #NS 0 h_12
17148 #EC 3288 11
17149 #EL #BD 86 7378 16449
17150 #EA 17148 17149
17151 #EA 17150 2582
17152 #EA 17151 1585
3326 #NS 726 LeanToLambdaBox
3327 #NS 3326 Semantics
3328 #NS 3327 Substitution
3329 #NI 3328 1545754302
3330 #NS 3329 _hygCtx
3331 #NS 3330 _hyg
3332 #NI 3331 271
17153 #EL #BD 3332 0 16358
17154 #EA 17152 17153
3333 #NI 3331 272
17155 #EL #BD 3333 7286 237
17156 #EA 17154 17155
3334 #NI 3331 273
3335 #NI 3331 274
17157 #EL #BD 3335 7378 2632
17158 #EL #BD 3334 7288 17157
17159 #EA 17156 17158
3336 #NI 3331 275
3337 #NI 3331 276
3338 #NI 3331 277
17160 #EA 4107 8
17161 #EA 17160 5
17162 #EL #BD 3338 7378 17161
17163 #EL #BD 3337 7378 17162
17164 #EL #BD 3336 7288 17163
17165 #EA 17159 17164
3339 #NI 3331 278
3340 #NI 3331 279
17166 #EA 16738 5
17167 #EL #BD 3340 7378 17166
17168 #EL #BD 3339 7378 17167
17169 #EA 17165 17168
3341 #NI 3331 280
17170 #EL #BD 3341 7297 1386
17171 #EA 17169 17170
3342 #NI 3331 281
3343 #NI 3331 282
3344 #NI 3331 283
17172 #EA 2772 5
17173 #EL #BD 3344 7386 17172
17174 #EL #BD 3343 0 17173
17175 #EL #BD 3342 7300 17174
17176 #EA 17171 17175
3345 #NI 3331 284
3346 #NI 3331 285
3347 #NI 3331 286
17177 #EA 2339 5
17178 #EL #BD 3347 7396 17177
17179 #EL #BD 3346 7378 17178
17180 #EL #BD 3345 7392 17179
17181 #EA 17176 17180
3348 #NI 3331 287
3349 #NI 3331 288
17182 #EL #BD 3349 7378 2519
17183 #EL #BD 3348 7310 17182
17184 #EA 17181 17183
3350 #NI 3331 289
3351 #NI 3331 290
17185 #EL #BD 3351 0 3857
17186 #EL #BD 3350 7402 17185
17187 #EA 17184 17186
17188 #EA 17187 17060
17189 #EL #BD 3325 16983 17188
17190 #EL #BD 3324 17134 17189
17191 #EL #BD 3323 17132 17190
17192 #EL #BD 3322 17130 17191
17193 #EL #BD 3320 17128 17192
17194 #EL #BD 3319 17125 17193
17195 #EL #BD 3315 17122 17194
17196 #EL #BD 3313 17118 17195
17197 #EL #BD 481 17114 17196
17198 #EL #BD 455 17111 17197
17199 #EL #BD 113 17107 17198
17200 #EL #BD 112 17104 17199
17201 #EL #BD 3312 7378 17200
17202 #EL #BD 75 17102 17201
#DEF 3302 17147 17202 49
3352 #NS 5 length
17203 #EP #BD 22 848 0
17204 #EP #BI 7 131 17203
3353 #NI 89 210037673
3354 #NS 3353 _hygCtx
3355 #NS 3354 _hyg
3356 #NI 3355 9
17205 #EC 209 1 11
17206 #EA 17205 8
17207 #EL #BD 3356 852 0
17208 #EA 17206 17207
17209 #EA 17208 5
17210 #EC 206 1 11
17211 #EA 17210 10
17212 #EL #BD 3356 1112 0
17213 #EA 17211 17212
17214 #EA 17213 5
17215 #EC 371 11 12
17216 #EA 17215 82
3357 #NI 3354 9
3358 #NS 3357 Init
3359 #NS 3358 Prelude
3360 #NI 3359 210037673
3361 #NS 3360 _hygCtx
3362 #NS 3361 _hyg
3363 #NI 3362 20
3364 #NI 3355 46
17217 #EA 17210 121
17218 #EL #BD 3356 1083 0
17219 #EA 17217 17218
17220 #EA 17219 5
17221 #EP #BD 3364 17220 0
17222 #EL #BD 3363 1079 17221
17223 #EA 17216 17222
17224 #EA 17223 8
17225 #EA 17219 854
17226 #EL #BD 3364 17225 343
17227 #EL #BD 173 333 17226
17228 #EA 17224 17227
3365 #NI 236 210037673
3366 #NS 3365 _hygCtx
3367 #NS 3366 _hyg
3368 #NI 3367 34
17229 #EA 17210 366
17230 #EL #BD 3356 858 0
17231 #EA 17229 17230
17232 #EA 17231 1247
17233 #EA 3092 425
17234 #EA 17233 477
17235 #EL #BD 3364 17232 17234
17236 #EL #BD 294 1083 17235
17237 #EL #BD 3368 82 17236
17238 #EA 17228 17237
17239 #EA 17238 5
17240 #EL #BD 82 17214 17239
17241 #EL #BD 3356 852 17240
17242 #EA 17209 17241
17243 #EL #BD 3356 848 17242
17244 #EL #BI 7 131 17243
#DEF 3352 17204 17244 49
3369 #NS 1674 shiftArgs
3370 #NS 3369 match_1
3371 #NI 3304 292
3372 #NS 3371 LeanToLambdaBox
3373 #NS 3372 Semantics
3374 #NS 3373 Substitution
3375 #NI 3374 1545754302
3376 #NS 3375 _hygCtx
3377 #NS 3376 _hyg
3378 #NI 3377 303
17245 #EP #BD 3378 7386 335
17246 #EA 10 16697
17247 #EP #BD 0 333 17246
17248 #EA 16708 8
17249 #EA 17248 5
17250 #EA 121 17249
17251 #EP #BD 3225 7386 17250
17252 #EP #BD 76 7378 17251
17253 #EP #BD 113 17252 316
17254 #EP #BD 112 17247 17253
17255 #EP #BD 3378 7386 17254
17256 #EP #BD 75 17245 17255
17257 #EA 790 7378
17258 #EL #BD 86 7386 324
17259 #EA 17257 17258
17260 #EA 17259 10
17261 #EA 17260 354
3379 #NI 3229 1545754302
3380 #NS 3379 _hygCtx
3381 #NS 3380 _hyg
3382 #NI 3381 334
3383 #NI 3236 1545754302
3384 #NS 3383 _hygCtx
3385 #NS 3384 _hyg
3386 #NI 3385 335
17262 #EL #BD 3386 7386 798
17263 #EL #BD 3382 7378 17262
17264 #EA 17261 17263
17265 #EL #BD 113 17252 17264
17266 #EL #BD 112 17247 17265
17267 #EL #BD 3378 7386 17266
17268 #EL #BD 75 17245 17267
#DEF 3370 17256 17268 49
3387 #NS 1674 shiftAlts
3388 #NS 3387 match_1
3389 #NI 3304 336
3390 #NS 3389 LeanToLambdaBox
3391 #NS 3390 Semantics
3392 #NS 3391 Substitution
3393 #NI 3392 1545754302
3394 #NS 3393 _hygCtx
3395 #NS 3394 _hyg
3396 #NI 3395 347
17269 #EP #BD 3396 7396 335
17270 #EA 10 16729
17271 #EP #BD 0 333 17270
3397 #NS 0 ns
17272 #EA 16757 16851
17273 #EA 17272 5
17274 #EA 366 17273
17275 #EP #BD 3225 7396 17274
17276 #EP #BD 59 7378 17275
17277 #EP #BD 3397 7393 17276
17278 #EP #BD 113 17277 316
17279 #EP #BD 112 17271 17278
17280 #EP #BD 3396 7396 17279
17281 #EP #BD 75 17269 17280
17282 #EA 790 7395
17283 #EL #BD 86 7396 324
17284 #EA 17282 17283
17285 #EA 17284 10
17286 #EA 17285 354
3398 #NI 3381 395
3399 #NI 3385 396
17287 #EA 15841 7393
17288 #EA 17287 7378
17289 #EA 16757 5
17290 #EA 17289 8
17291 #EA 698 17290
17292 #EL #BD 86 7395 17291
17293 #EA 17288 17292
17294 #EA 17293 8
3400 #NI 3244 1545754302
3401 #NS 3400 _hygCtx
3402 #NS 3401 _hyg
3403 #NI 3402 397
3404 #NI 3252 1545754302
3405 #NS 3404 _hygCtx
3406 #NS 3405 _hyg
3407 #NI 3406 398
17295 #EL #BD 3407 7378 15851
17296 #EL #BD 3403 7393 17295
17297 #EA 17294 17296
17298 #EL #BD 3399 7396 17297
17299 #EL #BD 3398 7395 17298
17300 #EA 17286 17299
17301 #EL #BD 113 17277 17300
17302 #EL #BD 112 17271 17301
17303 #EL #BD 3396 7396 17302
17304 #EL #BD 75 17269 17303
#DEF 3388 17281 17304 49
3408 #NS 1674 shiftDefs
3409 #NS 3408 match_1
3410 #NI 3304 399
3411 #NS 3410 LeanToLambdaBox
3412 #NS 3411 Semantics
3413 #NS 3412 Substitution
3414 #NI 3413 1545754302
3415 #NS 3414 _hygCtx
3416 #NS 3415 _hyg
3417 #NI 3416 410
17305 #EP #BD 3417 7402 335
17306 #EP #BD 0 333 16794
3418 #NS 0 fd
17307 #EA 16810 8
17308 #EA 17307 5
17309 #EA 121 17308
17310 #EP #BD 3225 7402 17309
17311 #EP #BD 3418 7401 17310
17312 #EP #BD 113 17311 316
17313 #EP #BD 112 17306 17312
17314 #EP #BD 3417 7402 17313
17315 #EP #BD 75 17305 17314
17316 #EA 790 7401
17317 #EL #BD 86 7402 324
17318 #EA 17316 17317
17319 #EA 17318 10
17320 #EA 17319 354
3419 #NI 3381 444
3420 #NI 3385 445
17321 #EL #BD 3420 7402 798
17322 #EL #BD 3419 7401 17321
17323 #EA 17320 17322
17324 #EL #BD 113 17311 17323
17325 #EL #BD 112 17306 17324
17326 #EL #BD 3417 7402 17325
17327 #EL #BD 75 17305 17326
#DEF 3409 17315 17327 49
3421 #NS 1635 name
17328 #EA 7314 5
17329 #EP #BD 24 17328 7288
17330 #EP #BI 1637 2 17329
17331 #EJ 1635 0 5
17332 #EL #BD 24 17328 17331
17333 #EL #BD 1637 2 17332
#DEF 3421 17330 17333 
3422 #NS 1635 principalArgIdx
17334 #EP #BD 24 17328 0
17335 #EP #BI 1637 2 17334
17336 #EJ 1635 2 5
17337 #EL #BD 24 17328 17336
17338 #EL #BD 1637 2 17337
#DEF 3422 17335 17338 
3423 #NS 0 cutoff
17339 #EP #BD 3423 0 7381
17340 #EP #BD 1738 0 17339
3424 #NS 3304 _hyg
3425 #NI 3424 48
17341 #EC 3280 1
17342 #EL #BD 3425 7378 7379
17343 #EA 17341 17342
3426 #NI 3424 292
17344 #EP #BD 3423 0 7386
17345 #EL #BD 3426 7386 17344
17346 #EA 17343 17345
3427 #NI 3424 336
17347 #EP #BD 3423 0 7396
17348 #EL #BD 3427 7396 17347
17349 #EA 17346 17348
3428 #NI 3424 399
17350 #EP #BD 3423 0 7402
17351 #EL #BD 3428 7402 17350
17352 #EA 17349 17351
17353 #EL #BD 76 7395 285
17354 #EA 17352 17353
17355 #EL #BD 76 7401 285
17356 #EA 17354 17355
17357 #EA 17356 5
17358 #EC 3260 1
17359 #EA 17358 17342
17360 #EA 17359 17345
17361 #EA 17360 17348
17362 #EA 17361 17351
17363 #EA 17362 17353
17364 #EA 17363 17355
17365 #EA 17364 5
17366 #EC 3302 1
3429 #NI 3424 451
17367 #EP #BD 3429 17365 7378
17368 #EL #BD 3312 7378 17367
17369 #EA 17366 17368
17370 #EA 17369 10
17371 #EA 17364 16428
17372 #EA 5567 7378
17373 #EA 17372 6395
17374 #EA 17373 10791
17375 #EA 5306 860
17376 #EA 16427 17375
17377 #EA 17374 17376
17378 #EA 16427 8
17379 #EA 17377 17378
17380 #EL #BD 3429 17371 17379
17381 #EL #BD 1571 0 17380
17382 #EA 17370 17381
17383 #EA 17364 16941
17384 #EA 425 3094
17385 #EA 16460 17384
17386 #EL #BD 3429 17383 17385
17387 #EL #BD 59 7378 17386
17388 #EL #BD 4 7288 17387
17389 #EA 17382 17388
17390 #EA 17364 16947
17391 #EA 16491 82
17392 #EJ 70 0 425
17393 #EA 17392 121
17394 #EA 17391 17393
17395 #EJ 70 1 5
17396 #EJ 70 0 17395
17397 #EA 17396 11917
17398 #EA 17394 17397
17399 #EL #BD 3429 17390 17398
17400 #EL #BD 59 7378 17399
17401 #EL #BD 39 7378 17400
17402 #EL #BD 4 7288 17401
17403 #EA 17389 17402
17404 #EA 17364 16953
17405 #EA 17392 82
17406 #EA 16531 17405
17407 #EA 17396 82
17408 #EA 17406 17407
17409 #EL #BD 3429 17404 17408
17410 #EL #BD 18 7378 17409
17411 #EL #BD 82 7378 17410
17412 #EA 17403 17411
17413 #EA 17364 16961
17414 #EA 425 121
17415 #EA 16580 17414
17416 #EL #BD 3429 17413 17415
17417 #EL #BD 3314 7386 17416
17418 #EL #BD 501 0 17417
17419 #EL #BD 2211 7300 17418
17420 #EA 17412 17419
17421 #EA 17364 16968
17422 #EA 16610 82
17423 #EA 17422 17393
17424 #EA 17396 121
17425 #EA 17423 17424
17426 #EL #BD 3429 17421 17425
17427 #EL #BD 3318 7396 17426
17428 #EL #BD 3317 7378 17427
17429 #EL #BD 3316 7392 17428
17430 #EA 17420 17429
17431 #EA 17364 16974
17432 #EA 16641 12219
17433 #EL #BD 3429 17431 17432
17434 #EL #BD 415 7378 17433
17435 #EL #BD 408 7310 17434
17436 #EA 17430 17435
17437 #EA 17364 16979
17438 #EC 3352 0
17439 #EA 17438 7401
17440 #EA 17439 10
17441 #EA 3093 17440
17442 #EA 425 17441
17443 #EA 16663 17442
17444 #EA 17443 8
17445 #EL #BD 3429 17437 17444
17446 #EL #BD 1571 0 17445
17447 #EL #BD 3321 7402 17446
17448 #EA 17436 17447
17449 #EA 17364 16418
17450 #EL #BD 3429 17449 16418
17451 #EL #BD 173 333 17450
17452 #EA 17448 17451
17453 #EA 17364 16439
17454 #EA 16438 8
17455 #EL #BD 3429 17453 17454
17456 #EL #BD 86 7286 17455
17457 #EA 17452 17456
17458 #EA 17364 16560
17459 #EA 16559 8
17460 #EL #BD 3429 17458 17459
17461 #EL #BD 501 7297 17460
17462 #EA 17457 17461
17463 #EA 17364 16687
17464 #EA 16686 8
17465 #EL #BD 3429 17463 17464
17466 #EL #BD 408 7404 17465
17467 #EA 17462 17466
17468 #EA 17467 8
17469 #EL #BD 3423 0 17468
17470 #EL #BD 82 17365 17469
17471 #EL #BD 3425 7378 17470
17472 #EA 17357 17471
17473 #EC 3270 1
17474 #EA 17473 17342
17475 #EA 17474 17345
17476 #EA 17475 17348
17477 #EA 17476 17351
17478 #EA 17477 17353
17479 #EA 17478 17355
17480 #EA 17479 5
17481 #EC 3370 1
3430 #NI 3424 510
17482 #EP #BD 3430 17480 7386
17483 #EL #BD 3378 7386 17482
17484 #EA 17481 17483
17485 #EA 17484 10
17486 #EA 17479 16697
17487 #EL #BD 3430 17486 16697
17488 #EL #BD 173 333 17487
17489 #EA 17485 17488
17490 #EA 17479 17249
17491 #EA 16708 17405
17492 #EA 17491 17407
17493 #EL #BD 3430 17490 17492
17494 #EL #BD 3225 7386 17493
17495 #EL #BD 76 7378 17494
17496 #EA 17489 17495
17497 #EA 17496 8
17498 #EL #BD 3423 0 17497
17499 #EL #BD 82 17480 17498
17500 #EL #BD 3426 7386 17499
17501 #EA 17472 17500
17502 #EC 3272 1
17503 #EA 17502 17342
17504 #EA 17503 17345
17505 #EA 17504 17348
17506 #EA 17505 17351
17507 #EA 17506 17353
17508 #EA 17507 17355
17509 #EA 17508 5
17510 #EC 3388 1
3431 #NI 3424 501
17511 #EP #BD 3431 17509 7396
17512 #EL #BD 3396 7396 17511
17513 #EA 17510 17512
17514 #EA 17513 10
17515 #EA 17508 16729
17516 #EL #BD 3431 17515 16729
17517 #EL #BD 173 333 17516
17518 #EA 17514 17517
17519 #EA 17508 17273
17520 #EA 16849 82
17521 #EJ 70 1 425
17522 #EJ 70 0 17521
17523 #EA 17438 7288
17524 #EA 17523 82
17525 #EA 11062 17524
17526 #EA 17522 17525
17527 #EA 17520 17526
17528 #EA 16757 17527
17529 #EA 17528 17424
17530 #EL #BD 3431 17519 17529
17531 #EL #BD 3225 7396 17530
17532 #EL #BD 59 7378 17531
17533 #EL #BD 3397 7393 17532
17534 #EA 17518 17533
17535 #EA 17534 8
17536 #EL #BD 3423 0 17535
17537 #EL #BD 82 17509 17536
17538 #EL #BD 3427 7396 17537
17539 #EA 17501 17538
17540 #EC 3274 1
17541 #EA 17540 17342
17542 #EA 17541 17345
17543 #EA 17542 17348
17544 #EA 17543 17351
17545 #EA 17544 17353
17546 #EA 17545 17355
17547 #EA 17546 5
17548 #EC 3409 1
3432 #NI 3424 492
17549 #EP #BD 3432 17547 7402
17550 #EL #BD 3417 7402 17549
17551 #EA 17548 17550
17552 #EA 17551 10
17553 #EA 17546 16790
17554 #EL #BD 3432 17553 16790
17555 #EL #BD 173 333 17554
17556 #EA 17552 17555
17557 #EA 17546 17308
17558 #EC 3421 
17559 #EA 17558 7378
17560 #EA 17559 10
17561 #EA 16864 17560
17562 #EA 17522 82
17563 #EA 17561 17562
17564 #EC 3422 
17565 #EA 17564 7378
17566 #EA 17565 10
17567 #EA 17563 17566
17568 #EA 16810 17567
17569 #EA 17568 17407
17570 #EL #BD 3432 17557 17569
17571 #EL #BD 3225 7402 17570
17572 #EL #BD 3418 7401 17571
17573 #EA 17556 17572
17574 #EA 17573 8
17575 #EL #BD 3423 0 17574
17576 #EL #BD 82 17547 17575
17577 #EL #BD 3428 7402 17576
17578 #EA 17539 17577
17579 #EC 3276 1
17580 #EA 17579 17342
17581 #EA 17580 17345
17582 #EA 17581 17348
17583 #EA 17582 17351
17584 #EA 17583 17353
17585 #EA 17584 17355
17586 #EA 17585 5
17587 #EL #BD 82 17586 334
17588 #EL #BD 76 7395 17587
17589 #EA 17578 17588
17590 #EC 3278 1
17591 #EA 17590 17342
17592 #EA 17591 17345
17593 #EA 17592 17348
17594 #EA 17593 17351
17595 #EA 17594 17353
17596 #EA 17595 17355
17597 #EA 17596 5
17598 #EL #BD 82 17597 334
17599 #EL #BD 76 7401 17598
17600 #EA 17589 17599
17601 #EA 17600 8
17602 #EL #BD 3425 7378 17601
17603 #EL #BD 3423 0 17602
17604 #EL #BD 1738 0 17603
#DEF 3301 17340 17604 
3433 #NS 1674 subst
17605 #EP #BD 1613 7378 17339
3434 #NI 2691 4020090708
3435 #NS 3434 _hygCtx
3436 #NS 3435 _hyg
3437 #NI 3436 48
3438 #NI 3436 466
17606 #EA 17372 5991
17607 #EA 5541 8
17608 #EA 17607 10
17609 #EA 17606 17608
17610 #EA 17609 17378
17611 #EA 17372 5989
17612 #EA 12896 8
17613 #EA 17612 10
17614 #EA 17611 17613
17615 #EC 3301 
17616 #EA 17615 10
17617 #EA 17616 343
17618 #EA 17617 860
17619 #EA 17614 17618
17620 #EA 5252 477
17621 #EA 16427 17620
17622 #EA 17619 17621
17623 #EA 17610 17622
17624 #EL #BD 3438 17371 17623
17625 #EL #BD 1571 0 17624
17626 #EA 17370 17625
17627 #EA 17626 17388
17628 #EA 17627 17402
17629 #EA 17628 17411
17630 #EA 17629 17419
17631 #EA 17630 17429
17632 #EA 17631 17435
17633 #EA 17632 17447
17634 #EA 17633 17451
17635 #EA 17634 17456
17636 #EA 17635 17461
17637 #EA 17636 17466
17638 #EA 17637 8
17639 #EL #BD 1738 0 17638
17640 #EL #BD 82 17365 17639
17641 #EL #BD 3437 7378 17640
17642 #EA 17357 17641
17643 #EA 17642 17500
17644 #EA 17643 17538
17645 #EA 17644 17577
17646 #EA 17645 17588
17647 #EA 17646 17599
17648 #EA 17647 8
17649 #EL #BD 3437 7378 17648
17650 #EL #BD 1738 0 17649
17651 #EL #BD 1613 7378 17650
#DEF 3433 17605 17651 
3439 #NS 1674 subst1
17652 #EC 3433 
17653 #EA 17652 8
17654 #EA 17653 343
17655 #EA 17654 5
17656 #EL #BD 76 7378 17655
17657 #EL #BD 1613 7378 17656
#DEF 3439 7383 17657 
3440 #NS 5 foldl
3441 #NS 3440 match_1
3442 #NS 0 u_3
30 #UP 3442
31 #US 30
17658 #ES 31
3443 #NI 89 1478953397
3444 #NS 3443 _hygCtx
3445 #NI 3444 15
3446 #NS 3445 Init
3447 #NS 3446 Prelude
3448 #NI 3447 1478953397
3449 #NS 3448 _hygCtx
3450 #NS 3449 _hyg
3451 #NI 3450 34
17659 #EP #BD 3451 8 1110
3452 #NI 3444 16
3453 #NS 3452 Init
3454 #NS 3453 Prelude
3455 #NI 3454 1478953397
3456 #NS 3455 _hygCtx
3457 #NS 3456 _hyg
3458 #NI 3457 37
17660 #EA 237 854
17661 #EP #BD 18 121 17660
17662 #EA 1314 1310
17663 #EP #BD 333 881 17662
17664 #EP #BD 59 366 17663
17665 #EP #BD 18 366 17664
17666 #EP #BD 113 17665 372
17667 #EP #BD 112 17661 17666
17668 #EP #BD 3458 1112 17667
17669 #EP #BD 3451 10 17668
17670 #EP #BD 75 17659 17669
17671 #EP #BI 38 131 17670
17672 #EP #BI 7 17658 17671
17673 #EL #BD 86 858 379
17674 #EA 876 17673
17675 #EA 17674 10
17676 #EA 17675 383
3459 #NI 236 1478953397
3460 #NS 3459 _hygCtx
3461 #NS 3460 _hyg
3462 #NI 3461 69
3463 #NI 243 1478953397
3464 #NS 3463 _hygCtx
3465 #NS 3464 _hyg
3466 #NI 3465 70
17677 #EA 10 366
17678 #EA 17677 8
17679 #EA 17678 5
17680 #EL #BD 3466 881 17679
17681 #EL #BD 3462 366 17680
17682 #EA 17676 17681
17683 #EL #BD 113 17665 17682
17684 #EL #BD 112 17661 17683
17685 #EL #BD 3458 1112 17684
17686 #EL #BD 3451 10 17685
17687 #EL #BD 75 17659 17686
17688 #EL #BI 38 131 17687
17689 #EL #BI 7 17658 17688
#DEF 3441 17672 17689 49 50 3442
3467 #NS 0 init
17690 #EP #BD 22 1332 121
17691 #EP #BD 3467 10 17690
17692 #EP #BD 82 109 17691
17693 #EP #BI 38 75 17692
17694 #EP #BI 7 3 17693
3468 #NS 3444 _hyg
3469 #NI 3468 15
3470 #NI 3468 16
17695 #EC 209 3 4
17696 #EA 17695 82
17697 #EA 1329 82
17698 #EP #BD 3469 366 698
17699 #EL #BD 3470 17697 17698
17700 #EA 17696 17699
17701 #EA 17700 5
17702 #EC 206 3 4
17703 #EA 17702 121
17704 #EA 1329 121
17705 #EP #BD 3469 698 860
17706 #EL #BD 3470 17704 17705
17707 #EA 17703 17706
17708 #EA 17707 5
17709 #EC 3441 4 9 2
17710 #EA 17709 860
17711 #EA 17710 698
17712 #EA 1329 860
3471 #NI 3468 71
17713 #EA 17702 910
17714 #EA 1329 910
17715 #EP #BD 3469 939 2536
17716 #EL #BD 3470 17714 17715
17717 #EA 17713 17716
17718 #EA 17717 5
17719 #EP #BD 3471 17718 939
17720 #EL #BD 3458 17712 17719
17721 #EL #BD 3451 860 17720
17722 #EA 17711 17721
17723 #EA 17722 5
17724 #EA 17723 10
17725 #EA 17702 860
17726 #EP #BD 3469 911 939
17727 #EL #BD 3470 17712 17726
17728 #EA 17725 17727
17729 #EC 6 4
17730 #EA 17729 860
17731 #EA 17728 17730
17732 #EL #BD 3471 17731 8
17733 #EL #BD 18 860 17732
17734 #EA 17724 17733
17735 #EA 17702 911
17736 #EA 1329 911
17737 #EP #BD 3469 2536 2582
17738 #EL #BD 3470 17736 17737
17739 #EA 17735 17738
17740 #EC 9 4
17741 #EA 17740 911
17742 #EA 17741 8
17743 #EA 17742 5
17744 #EA 17739 17743
17745 #EA 425 2341
17746 #EL #BD 3471 17744 17745
17747 #EL #BD 333 17714 17746
17748 #EL #BD 59 860 17747
17749 #EL #BD 18 860 17748
17750 #EA 17734 17749
17751 #EA 17750 8
17752 #EL #BD 3469 698 17751
17753 #EL #BD 82 17708 17752
17754 #EL #BD 3470 17697 17753
17755 #EA 17701 17754
17756 #EA 17755 8
17757 #EL #BD 3470 1332 17756
17758 #EL #BD 3469 10 17757
17759 #EL #BD 82 109 17758
17760 #EL #BI 38 75 17759
17761 #EL #BI 7 3 17760
#DEF 3440 17694 17761 8 39
3472 #NS 1674 substList
3473 #NS 0 ss
17762 #EP #BD 3473 7386 7381
17763 #EC 3440 0 0
17764 #EA 17763 7378
17765 #EA 17764 7378
3474 #NS 0 acc
17766 #EC 3439 
17767 #EA 17766 5
17768 #EA 17767 8
17769 #EL #BD 1613 7378 17768
17770 #EL #BD 3474 7378 17769
17771 #EA 17765 17770
17772 #EA 17771 5
17773 #EA 17772 8
17774 #EL #BD 76 7378 17773
17775 #EL #BD 3473 7386 17774
#DEF 3472 17762 17775 
3475 #NS 1674 brecOn_1
3476 #NS 3475 go
17776 #EA 2536 698
17777 #EA 214 17776
17778 #EA 16272 2582
17779 #EA 17778 2536
17780 #EA 17779 939
17781 #EA 17780 911
17782 #EA 17781 910
17783 #EA 17782 860
17784 #EA 17783 698
17785 #EA 17777 17784
17786 #EP #BD 3286 16321 17785
17787 #EP #BD 3285 16311 17786
17788 #EP #BD 3284 16301 17787
17789 #EP #BD 3283 16291 17788
17790 #EP #BD 3282 16281 17789
17791 #EP #BD 81 16271 17790
17792 #EP #BD 76 7386 17791
17793 #EP #BI 3266 15923 17792
17794 #EP #BI 3265 15922 17793
17795 #EP #BI 3264 15921 17794
17796 #EP #BI 3263 15920 17795
17797 #EP #BI 3262 15919 17796
17798 #EP #BI 3261 15918 17797
17799 #EC 3271 15
17800 #EA 17799 16356
17801 #EA 17800 16368
17802 #EA 17801 16380
17803 #EA 17802 16392
17804 #EA 17803 16404
17805 #EA 17804 16416
17806 #EA 17805 16425
17807 #EA 17806 16436
17808 #EA 17807 16447
17809 #EA 17808 16480
17810 #EA 17809 16526
17811 #EA 17810 16557
17812 #EA 17811 16568
17813 #EA 17812 16600
17814 #EA 17813 16638
17815 #EA 17814 16652
17816 #EA 17815 16684
17817 #EA 17816 16695
17818 #EA 17817 16704
17819 #EA 17818 16727
17820 #EA 17819 16736
17821 #EA 17820 16788
17822 #EA 17821 16797
17823 #EA 17822 16846
17824 #EA 17823 16861
17825 #EA 17824 16878
17826 #EA 17825 698
17827 #EL #BD 3286 16321 17826
17828 #EL #BD 3285 16311 17827
17829 #EL #BD 3284 16301 17828
17830 #EL #BD 3283 16291 17829
17831 #EL #BD 3282 16281 17830
17832 #EL #BD 81 16271 17831
17833 #EL #BD 76 7386 17832
17834 #EL #BI 3266 15923 17833
17835 #EL #BI 3265 15922 17834
17836 #EL #BI 3264 15921 17835
17837 #EL #BI 3263 15920 17836
17838 #EL #BI 3262 15919 17837
17839 #EL #BI 3261 15918 17838
#DEF 3476 17798 17839 8
17840 #EP #BD 3286 16321 17776
17841 #EP #BD 3285 16311 17840
17842 #EP #BD 3284 16301 17841
17843 #EP #BD 3283 16291 17842
17844 #EP #BD 3282 16281 17843
17845 #EP #BD 81 16271 17844
17846 #EP #BD 76 7386 17845
17847 #EP #BI 3266 15923 17846
17848 #EP #BI 3265 15922 17847
17849 #EP #BI 3264 15921 17848
17850 #EP #BI 3263 15920 17849
17851 #EP #BI 3262 15919 17850
17852 #EP #BI 3261 15918 17851
17853 #EC 3476 2
17854 #EA 17853 2582
17855 #EA 17854 2536
17856 #EA 17855 939
17857 #EA 17856 911
17858 #EA 17857 910
17859 #EA 17858 860
17860 #EA 17859 698
17861 #EA 17860 366
17862 #EA 17861 121
17863 #EA 17862 82
17864 #EA 17863 10
17865 #EA 17864 8
17866 #EA 17865 5
17867 #EJ 70 0 17866
17868 #EL #BD 3286 16321 17867
17869 #EL #BD 3285 16311 17868
17870 #EL #BD 3284 16301 17869
17871 #EL #BD 3283 16291 17870
17872 #EL #BD 3282 16281 17871
17873 #EL #BD 81 16271 17872
17874 #EL #BD 76 7386 17873
17875 #EL #BI 3266 15923 17874
17876 #EL #BI 3265 15922 17875
17877 #EL #BI 3264 15921 17876
17878 #EL #BI 3263 15920 17877
17879 #EL #BI 3262 15919 17878
17880 #EL #BI 3261 15918 17879
#DEF 3475 17852 17880 8
3477 #NS 1674 mkApps
17881 #EP #BD 82 7378 7387
3478 #NI 2691 1800092417
3479 #NS 3478 _hygCtx
3480 #NS 3479 _hyg
3481 #NI 3480 7
17882 #EC 3475 1
17883 #EL #BD 76 7378 285
17884 #EA 17882 17883
17885 #EL #BD 3481 7386 7381
17886 #EA 17884 17885
17887 #EL #BD 76 7396 285
17888 #EA 17886 17887
17889 #EL #BD 76 7402 285
17890 #EA 17888 17889
17891 #EA 17890 17353
17892 #EA 17891 17355
17893 #EA 17892 5
17894 #EA 17358 17883
17895 #EA 17894 17885
17896 #EA 17895 17887
17897 #EA 17896 17889
17898 #EA 17897 17353
17899 #EA 17898 17355
17900 #EA 17899 5
17901 #EL #BD 82 17900 334
17902 #EL #BD 76 7378 17901
17903 #EA 17893 17902
17904 #EA 17473 17883
17905 #EA 17904 17885
17906 #EA 17905 17887
17907 #EA 17906 17889
17908 #EA 17907 17353
17909 #EA 17908 17355
17910 #EA 17909 5
3482 #NI 3479 7
3483 #NS 3482 LeanToLambdaBox
3484 #NS 3483 Semantics
3485 #NS 3484 Substitution
3486 #NI 3485 1800092417
3487 #NS 3486 _hygCtx
3488 #NS 3487 _hyg
3489 #NI 3488 18
3490 #NI 3480 47
17911 #EP #BD 3490 17910 7378
17912 #EL #BD 3489 7386 17911
17913 #EA 17481 17912
17914 #EA 17913 10
17915 #EA 17909 16697
17916 #EL #BD 3490 17915 10
17917 #EL #BD 173 333 17916
17918 #EA 17914 17917
17919 #EA 17909 17249
17920 #EA 17396 16533
17921 #EL #BD 3490 17919 17920
17922 #EL #BD 3225 7386 17921
17923 #EL #BD 18 7378 17922
17924 #EA 17918 17923
17925 #EA 17924 8
17926 #EL #BD 82 7378 17925
17927 #EL #BD 82 17910 17926
17928 #EL #BD 3481 7386 17927
17929 #EA 17903 17928
17930 #EA 17502 17883
17931 #EA 17930 17885
17932 #EA 17931 17887
17933 #EA 17932 17889
17934 #EA 17933 17353
17935 #EA 17934 17355
17936 #EA 17935 5
17937 #EL #BD 82 17936 334
17938 #EL #BD 76 7396 17937
17939 #EA 17929 17938
17940 #EA 17540 17883
17941 #EA 17940 17885
17942 #EA 17941 17887
17943 #EA 17942 17889
17944 #EA 17943 17353
17945 #EA 17944 17355
17946 #EA 17945 5
17947 #EL #BD 82 17946 334
17948 #EL #BD 76 7402 17947
17949 #EA 17939 17948
17950 #EA 17579 17883
17951 #EA 17950 17885
17952 #EA 17951 17887
17953 #EA 17952 17889
17954 #EA 17953 17353
17955 #EA 17954 17355
17956 #EA 17955 5
17957 #EL #BD 82 17956 334
17958 #EL #BD 76 7395 17957
17959 #EA 17949 17958
17960 #EA 17590 17883
17961 #EA 17960 17885
17962 #EA 17961 17887
17963 #EA 17962 17889
17964 #EA 17963 17353
17965 #EA 17964 17355
17966 #EA 17965 5
17967 #EL #BD 82 17966 334
17968 #EL #BD 76 7401 17967
17969 #EA 17959 17968
17970 #EA 17969 8
17971 #EL #BD 3481 7386 17970
17972 #EL #BD 82 7378 17971
#DEF 3477 17881 17972 
3491 #NS 5 reverseAux
3492 #NS 3491 match_1
#DEF 3492 1122 1128 49 50
17973 #EP #BD 22 6 12
17974 #EP #BI 7 3 17973
3493 #NI 2760 1090560813
3494 #NS 3493 _hygCtx
3495 #NS 3494 _hyg
3496 #NI 3495 13
3497 #NI 3495 14
17975 #EP #BD 3497 644 690
17976 #EL #BD 3496 11 17975
17977 #EA 895 17976
17978 #EA 17977 8
17979 #EP #BD 3497 690 754
17980 #EL #BD 3496 644 17979
17981 #EA 901 17980
17982 #EA 17981 5
17983 #EC 3492 2 3
17984 #EA 17983 366
3498 #NI 3494 13
3499 #NS 3498 Init
3500 #NS 3499 Data
3501 #NS 3500 List
3502 #NS 3501 Basic
3503 #NI 3502 1090560813
3504 #NS 3503 _hygCtx
3505 #NS 3504 _hyg
3506 #NI 3505 32
3507 #NI 3494 14
3508 #NS 3507 Init
3509 #NS 3508 Data
3510 #NS 3509 List
3511 #NS 3510 Basic
3512 #NI 3511 1090560813
3513 #NS 3512 _hygCtx
3514 #NS 3513 _hyg
3515 #NI 3514 35
3516 #NI 3495 72
17985 #EP #BD 3497 917 912
17986 #EL #BD 3496 909 17985
17987 #EA 908 17986
17988 #EA 17987 8
17989 #EP #BD 3516 17988 917
17990 #EL #BD 3515 925 17989
17991 #EL #BD 3506 754 17990
17992 #EA 17984 17991
17993 #EA 17992 10
17994 #EA 17993 5
17995 #EP #BD 3497 909 917
17996 #EL #BD 3496 925 17995
17997 #EA 924 17996
17998 #EA 17997 929
17999 #EL #BD 3516 17998 8
18000 #EL #BD 232 754 17999
18001 #EA 17994 18000
18002 #EP #BD 3497 912 940
18003 #EL #BD 3496 917 18002
18004 #EA 938 18003
18005 #EA 18004 946
18006 #EA 949 8
18007 #EA 425 18006
18008 #EL #BD 3516 18005 18007
18009 #EL #BD 232 909 18008
18010 #EL #BD 333 925 18009
18011 #EL #BD 18 366 18010
18012 #EA 18001 18011
18013 #EA 18012 8
18014 #EL #BD 3497 690 18013
18015 #EL #BD 82 17982 18014
18016 #EL #BD 3496 11 18015
18017 #EA 17978 18016
18018 #EA 18017 5
18019 #EL #BD 3497 9 18018
18020 #EL #BD 3496 6 18019
18021 #EL #BI 7 3 18020
#DEF 3491 17974 18021 8
3517 #NS 5 reverse
18022 #EP #BD 294 6 9
18023 #EP #BI 7 3 18022
18024 #EC 3491 2
18025 #EA 18024 8
18026 #EA 18025 5
18027 #EA 18026 1051
18028 #EL #BD 294 6 18027
18029 #EL #BI 7 3 18028
#DEF 3517 18023 18029 8
3518 #NS 5 range
3519 #NS 3518 loop
3520 #NS 3519 match_1
3521 #NI 2760 1780592896
3522 #NS 3521 _hygCtx
3523 #NI 3522 16
3524 #NS 3523 Init
3525 #NS 3524 Data
3526 #NS 3525 List
3527 #NS 3526 Basic
3528 #NI 3527 1780592896
3529 #NS 3528 _hygCtx
3530 #NS 3529 _hyg
3531 #NI 3530 35
3532 #NI 3522 17
3533 #NS 3532 Init
3534 #NS 3533 Data
3535 #NS 3534 List
3536 #NS 3535 Basic
3537 #NI 3536 1780592896
3538 #NS 3537 _hygCtx
3539 #NS 3538 _hyg
3540 #NI 3539 38
18030 #EA 767 0
18031 #EP #BD 3540 18030 335
18032 #EP #BD 3531 0 18031
18033 #EP #BD 3474 18030 3788
18034 #EP #BD 3474 18030 6695
18035 #EP #BD 4 0 18034
18036 #EP #BD 113 18035 372
18037 #EP #BD 112 18033 18036
18038 #EP #BD 3540 18030 18037
18039 #EP #BD 3531 0 18038
18040 #EP #BD 75 18032 18039
18041 #EA 3811 6708
18042 #EL #BD 113 18035 18041
18043 #EL #BD 112 18033 18042
18044 #EL #BD 3540 18030 18043
18045 #EL #BD 3531 0 18044
18046 #EL #BD 75 18032 18045
#DEF 3520 18040 18046 49
18047 #EP #BD 22 18030 18030
18048 #EP #BD 22 0 18047
3541 #NS 3522 _hyg
3542 #NI 3541 16
3543 #NI 3541 17
18049 #EL #BD 3542 0 18047
18050 #EA 406 18049
18051 #EA 18050 8
18052 #EA 410 18049
18053 #EA 18052 5
18054 #EC 3520 1
3544 #NI 3541 76
18055 #EA 18052 8
18056 #EP #BD 3544 18055 18030
18057 #EL #BD 3540 18030 18056
18058 #EL #BD 3531 0 18057
18059 #EA 18054 18058
18060 #EA 18059 10
18061 #EA 18060 5
18062 #EA 18052 343
18063 #EL #BD 3544 18062 8
18064 #EL #BD 3474 18030 18063
18065 #EA 18061 18064
18066 #EA 18052 43
18067 #EA 776 0
18068 #EA 18067 10
18069 #EA 18068 8
18070 #EA 425 18069
18071 #EL #BD 3544 18066 18070
18072 #EL #BD 3474 18030 18071
18073 #EL #BD 4 0 18072
18074 #EA 18065 18073
18075 #EA 18074 8
18076 #EL #BD 3543 18030 18075
18077 #EL #BD 82 18053 18076
18078 #EL #BD 3542 0 18077
18079 #EA 18051 18078
18080 #EA 18079 5
18081 #EL #BD 3543 18030 18080
18082 #EL #BD 3542 0 18081
#DEF 3519 18048 18082 
18083 #EP #BD 4 0 18030
18084 #EC 3519 
18085 #EA 18084 5
18086 #EA 771 0
18087 #EA 18085 18086
18088 #EL #BD 4 0 18087
#DEF 3518 18083 18088 
3545 #NS 1674 fixSubst
18089 #EP #BD 3321 7402 7386
18090 #EC 389 0 0
18091 #EA 18090 0
18092 #EA 18091 7378
18093 #EL #BD 3029 0 16979
18094 #EA 18092 18093
18095 #EC 3517 0
18096 #EA 18095 0
18097 #EC 3518 
18098 #EA 17439 5
18099 #EA 18097 18098
18100 #EA 18096 18099
18101 #EA 18094 18100
18102 #EL #BD 3321 7402 18101
#DEF 3545 18089 18102 
3546 #NS 3166 casesOn
18103 #EP #BD 76 15746 335
3547 #NS 0 none
18104 #EC 3167 2
18105 #EA 18104 10
18106 #EA 8 18105
3548 #NS 0 some
18107 #EC 3168 2
18108 #EA 18107 121
18109 #EA 18108 5
18110 #EA 82 18109
18111 #EP #BD 33 82 18110
18112 #EP #BD 3548 18111 316
18113 #EP #BD 3547 18106 18112
18114 #EP #BD 76 15748 18113
18115 #EP #BI 75 18103 18114
18116 #EP #BI 7 3 18115
3549 #NS 3166 rec
18117 #EC 3549 11 2
18118 #EA 18117 121
18119 #EA 18118 82
18120 #EA 18119 8
18121 #EA 18120 1389
18122 #EA 18121 10
18123 #EL #BD 3548 18111 18122
18124 #EL #BD 3547 18106 18123
18125 #EL #BD 76 15748 18124
18126 #EL #BI 75 18103 18125
18127 #EL #BI 7 3 18126
#DEF 3546 18116 18127 49 8
3550 #NS 3166 ctorIdx
3551 #NI 89 3165776479
3552 #NS 3551 _hygCtx
3553 #NS 3552 _hyg
3554 #NI 3553 9
18128 #EP #BD 3554 15746 0
18129 #EP #BI 7 3 18128
18130 #EC 3546 1 2
18131 #EA 18130 8
18132 #EL #BD 86 15748 0
18133 #EA 18131 18132
18134 #EA 18133 5
18135 #EA 18134 339
18136 #EL #BD 33 8 474
18137 #EA 18135 18136
18138 #EL #BD 86 15746 18137
18139 #EL #BI 7 3 18138
#DEF 3550 18129 18139 8
3555 #NS 0 LeanToLambdaBox
3556 #NS 3555 isPropositionalInductive
3557 #NS 3556 _sparseCasesOn_3
18140 #EA 18107 82
18141 #EA 18140 5
18142 #EA 10 18141
18143 #EP #BD 33 10 18142
3558 #NS 2681 Env
3559 #NI 3558 3699053034
3560 #NS 3559 _hygCtx
3561 #NS 3560 _hyg
3562 #NI 3561 55
18144 #EC 3550 2
18145 #EA 18144 82
18146 #EA 18145 8
18147 #EA 13097 18146
18148 #EP #BD 188 18147 316
18149 #EP #BD 3562 18148 316
18150 #EP #BD 3548 18143 18149
18151 #EP #BD 76 15748 18150
18152 #EP #BI 75 18103 18151
18153 #EP #BI 7 3 18152
18154 #EA 18117 82
18155 #EA 15745 82
18156 #EA 18144 121
18157 #EA 18156 5
18158 #EA 13097 18157
18159 #EP #BD 188 18158 257
18160 #EP #BD 3562 18159 257
18161 #EL #BD 76 18155 18160
18162 #EA 18154 18161
18163 #EA 18104 82
18164 #EA 18145 18163
18165 #EA 13097 18164
18166 #EA 18104 121
18167 #EA 82 18166
18168 #EP #BD 188 18165 18167
18169 #EL #BD 3562 18168 13117
18170 #EA 18162 18169
18171 #EA 18156 18109
18172 #EA 13097 18171
18173 #EA 18107 366
18174 #EA 18173 8
18175 #EA 121 18174
18176 #EP #BD 188 18172 18175
18177 #EL #BD 3562 18176 229
18178 #EL #BD 33 82 18177
18179 #EA 18170 18178
18180 #EA 18179 8
18181 #EL #BD 3548 18143 18180
18182 #EL #BD 76 15748 18181
18183 #EL #BI 75 18103 18182
18184 #EL #BI 7 3 18183
#DEF 3557 18153 18184 49 8
3563 #NS 3197 casesOn
18185 #EP #BD 76 15775 72
3564 #NS 0 constantDecl
18186 #EC 3198 
18187 #EA 18186 5
18188 #EA 10 18187
18189 #EP #BD 1638 15753 18188
3565 #NS 0 inductiveDecl
18190 #EC 3199 
18191 #EA 18190 5
18192 #EA 82 18191
18193 #EP #BD 1638 15771 18192
18194 #EP #BD 3565 18193 316
18195 #EP #BD 3564 18189 18194
18196 #EP #BD 76 15775 18195
18197 #EP #BI 75 18185 18196
3566 #NS 3197 rec
18198 #EC 3566 2
18199 #EA 18198 82
18200 #EL #BD 1638 15753 1386
18201 #EA 18199 18200
18202 #EL #BD 1638 15771 356
18203 #EA 18201 18202
18204 #EA 18203 10
18205 #EL #BD 3565 18193 18204
18206 #EL #BD 3564 18189 18205
18207 #EL #BD 76 15775 18206
18208 #EL #BI 75 18185 18207
#DEF 3563 18197 18208 8
3567 #NS 3197 ctorIdx
3568 #NI 1651 2861774028
3569 #NS 3568 _hygCtx
3570 #NS 3569 _hyg
3571 #NI 3570 5
18209 #EP #BD 3571 15775 0
18210 #EC 3563 1
18211 #EL #BD 86 15775 0
18212 #EA 18210 18211
18213 #EA 18212 5
18214 #EL #BD 1638 15753 339
18215 #EA 18213 18214
18216 #EL #BD 1638 15771 474
18217 #EA 18215 18216
18218 #EL #BD 86 15775 18217
#DEF 3567 18209 18218 
3572 #NS 3556 _sparseCasesOn_4
18219 #EA 10 18191
18220 #EP #BD 1638 15771 18219
3573 #NI 3561 58
18221 #EC 3567 
18222 #EA 18221 8
18223 #EA 13097 18222
18224 #EP #BD 188 18223 316
18225 #EP #BD 3573 18224 316
18226 #EP #BD 3565 18220 18225
18227 #EP #BD 76 15775 18226
18228 #EP #BI 75 18185 18227
18229 #EA 18221 5
18230 #EA 13097 18229
18231 #EP #BD 188 18230 257
18232 #EP #BD 3573 18231 257
18233 #EL #BD 76 15775 18232
18234 #EA 18198 18233
18235 #EA 18221 18187
18236 #EA 13097 18235
18237 #EA 18186 8
18238 #EA 121 18237
18239 #EP #BD 188 18236 18238
18240 #EL #BD 3573 18239 13117
18241 #EL #BD 1638 15753 18240
18242 #EA 18234 18241
18243 #EA 18221 18191
18244 #EA 13097 18243
18245 #EA 18190 8
18246 #EA 121 18245
18247 #EP #BD 188 18244 18246
18248 #EL #BD 3573 18247 229
18249 #EL #BD 1638 15771 18248
18250 #EA 18242 18249
18251 #EA 18250 8
18252 #EL #BD 3565 18220 18251
18253 #EL #BD 76 15775 18252
18254 #EL #BI 75 18185 18253
#DEF 3572 18228 18254 8
3574 #NS 3556 match_3
3575 #NS 2690 Env
3576 #NI 3575 3699053034
3577 #NS 3576 _hygCtx
3578 #NS 3577 _hyg
3579 #NI 3578 14
18255 #EP #BD 3579 15864 335
18256 #EA 15900 18191
18257 #EA 10 18256
18258 #EP #BD 1638 15771 18257
3580 #NI 3578 51
18259 #EP #BD 3580 15864 237
18260 #EP #BD 113 18259 316
18261 #EP #BD 112 18258 18260
18262 #EP #BD 3579 15864 18261
18263 #EP #BD 75 18255 18262
18264 #EC 3557 11 0
18265 #EA 18264 15775
18266 #EL #BD 86 15864 324
18267 #EA 18265 18266
18268 #EA 18267 10
3581 #NS 3067 LeanToLambdaBox
3582 #NS 3581 Semantics
3583 #NS 3582 Env
3584 #NI 3583 3699053034
3585 #NS 3584 _hygCtx
3586 #NS 3585 _hyg
3587 #NI 3586 56
18269 #EC 3572 11
18270 #EA 15900 5
18271 #EA 366 18270
18272 #EL #BD 86 15775 18271
18273 #EA 18269 18272
18274 #EA 18273 5
3588 #NS 1638 _@
3589 #NS 3588 LeanToLambdaBox
3590 #NS 3589 Semantics
3591 #NS 3590 Env
3592 #NI 3591 3699053034
3593 #NS 3592 _hygCtx
3594 #NS 3593 _hyg
3595 #NI 3594 59
18275 #EL #BD 3595 15771 237
18276 #EA 18274 18275
3596 #NS 2728 Env
3597 #NI 3596 3699053034
3598 #NS 3597 _hygCtx
3599 #NS 3598 _hyg
3600 #NI 3599 60
18277 #EA 15900 8
18278 #EA 10 18277
18279 #EL #BD 3600 18230 18278
18280 #EA 18276 18279
18281 #EL #BD 3587 15775 18280
18282 #EA 18268 18281
3601 #NI 3599 57
18283 #EC 3550 0
18284 #EA 18283 15775
18285 #EA 18284 10
18286 #EA 13097 18285
18287 #EL #BD 3601 18286 383
18288 #EA 18282 18287
18289 #EL #BD 113 18259 18288
18290 #EL #BD 112 18258 18289
18291 #EL #BD 3579 15864 18290
18292 #EL #BD 75 18255 18291
#DEF 3574 18263 18292 49
3602 #NS 1624 mutualBlockName
18293 #EP #BD 24 7300 7297
18294 #EJ 1624 0 5
18295 #EL #BD 24 7300 18294
#DEF 3602 18293 18295 
3603 #NS 3556 match_1
3604 #NI 3578 34
18296 #EA 15751 15764
18297 #EP #BD 3604 18296 335
3605 #NS 0 oib
18298 #EA 15899 15764
18299 #EA 18298 5
18300 #EA 10 18299
18301 #EP #BD 3605 15764 18300
18302 #EA 15883 15764
18303 #EA 82 18302
18304 #EP #BD 0 333 18303
18305 #EP #BD 113 18304 316
18306 #EP #BD 112 18301 18305
18307 #EP #BD 3604 18296 18306
18308 #EP #BD 75 18297 18307
18309 #EC 3546 11 0
18310 #EA 18309 15764
18311 #EL #BD 86 18296 324
18312 #EA 18310 18311
18313 #EA 18312 10
18314 #EA 18313 1596
3606 #NI 3586 47
18315 #EL #BD 3606 15764 1386
18316 #EA 18314 18315
18317 #EL #BD 113 18304 18316
18318 #EL #BD 112 18301 18317
18319 #EL #BD 3604 18296 18318
18320 #EL #BD 75 18297 18319
#DEF 3603 18308 18320 49
3607 #NS 0 GetElem
3608 #NS 3607 mk
3609 #NS 0 coll
3610 #NS 0 elem
18321 #EC 35 9
18322 #EP #BD 22 10 28
18323 #EA 18321 18322
3611 #NS 0 getElem
18324 #EP #BD 188 798 121
18325 #EP #BD 1571 82 18324
18326 #EP #BD 361 82 18325
18327 #EC 3607 2 4 6
18328 #EA 18327 121
18329 #EA 18328 82
18330 #EA 18329 10
18331 #EA 18330 8
18332 #EP #BD 3611 18326 18331
18333 #EP #BI 203 18323 18332
18334 #EP #BI 3610 78 18333
18335 #EP #BI 1627 75 18334
18336 #EP #BI 3609 3 18335
18337 #EP #BD 203 18323 90
18338 #EP #BD 3610 78 18337
18339 #EP #BD 1627 75 18338
18340 #EP #BD 3609 3 18339
#IND 4 3607 18340 1 3608 18336 8 39 41
3612 #NS 0 Inhabited
3613 #NS 3612 mk
3614 #NS 0 default
18341 #EC 3612 2
18342 #EA 18341 8
18343 #EP #BD 3614 5 18342
18344 #EP #BI 7 72 18343
#IND 1 3612 1526 1 3613 18344 8
3615 #NS 0 GetElem?
3616 #NS 3615 mk
3617 #NS 0 toGetElem
18345 #EA 18327 82
18346 #EA 18345 10
18347 #EA 18346 8
18348 #EA 18347 5
3618 #NS 0 getElem?
18349 #EC 3166 6
18350 #EA 18349 121
18351 #EP #BD 22 121 18350
18352 #EP #BD 22 121 18351
3619 #NS 0 getElem!
3620 #NS 53 GetElem
3621 #NI 3620 365082188
3622 #NS 3621 _hygCtx
3623 #NS 3622 _hyg
3624 #NI 3623 28
18353 #EC 3612 7
18354 #EA 18353 82
18355 #EP #BD 361 698 8949
18356 #EP #BC 3624 18354 18355
18357 #EC 3615 2 4 6
18358 #EA 18357 698
18359 #EA 18358 366
18360 #EA 18359 121
18361 #EA 18360 82
18362 #EP #BD 3619 18356 18361
18363 #EP #BD 3618 18352 18362
18364 #EP #BC 3617 18348 18363
18365 #EP #BI 203 18323 18364
18366 #EP #BI 3610 78 18365
18367 #EP #BI 1627 75 18366
18368 #EP #BI 3609 3 18367
#IND 4 3615 18340 1 3616 18368 8 39 41
3625 #NS 3615 getElem?
18369 #EA 18357 82
18370 #EA 18369 10
18371 #EA 18370 8
18372 #EA 18371 5
18373 #EP #BC 24 18372 18352
18374 #EP #BI 203 18323 18373
18375 #EP #BI 3610 78 18374
18376 #EP #BI 1627 75 18375
18377 #EP #BI 3609 3 18376
18378 #EJ 3615 1 5
18379 #EL #BC 24 18372 18378
18380 #EL #BI 203 18323 18379
18381 #EL #BI 3610 78 18380
18382 #EL #BD 1627 75 18381
18383 #EL #BD 3609 3 18382
#DEF 3625 18377 18383 8 39 41
3626 #NS 5 get
3627 #NS 3626 match_1
3628 #NI 89 1017806716
3629 #NS 3628 _hygCtx
3630 #NI 3629 10
3631 #NS 3630 Init
3632 #NS 3631 Prelude
3633 #NI 3632 1017806716
3634 #NS 3633 _hygCtx
3635 #NS 3634 _hyg
3636 #NI 3635 29
3637 #NI 3629 11
3638 #NS 3637 Init
3639 #NS 3638 Prelude
3640 #NI 3639 1017806716
3641 #NS 3640 _hygCtx
3642 #NS 3641 _hyg
3643 #NI 3642 32
18384 #EC 3352 11
18385 #EA 18384 8
18386 #EA 18385 5
18387 #EA 66 18386
18388 #EP #BD 3643 18387 849
18389 #EP #BD 3636 848 18388
18390 #EA 18384 10
18391 #EA 18390 5
18392 #EA 66 18391
3644 #NI 243 1017806716
3645 #NS 3644 _hygCtx
3646 #NS 3645 _hyg
3647 #NI 3646 50
3648 #NI 3076 1017806716
3649 #NS 3648 _hygCtx
3650 #NS 3649 _hyg
3651 #NI 3650 49
18393 #EA 18384 366
18394 #EA 18393 1247
18395 #EA 4682 18394
18396 #EA 13886 10
18397 #EA 18396 8
18398 #EA 366 18397
18399 #EA 18384 698
18400 #EA 18396 8
18401 #EA 18399 18400
18402 #EA 6679 18401
18403 #EA 18402 343
18404 #EA 18403 5
18405 #EA 18398 18404
18406 #EP #BD 3651 18395 18405
18407 #EP #BD 3647 1083 18406
18408 #EP #BD 18 82 18407
3652 #NI 236 1017806716
3653 #NS 3652 _hygCtx
3654 #NS 3653 _hyg
3655 #NI 3654 71
18409 #EA 18384 860
18410 #EA 18409 863
18411 #EA 11570 18410
18412 #EA 18384 910
18413 #EA 1174 82
18414 #EA 18413 10
18415 #EA 18412 18414
18416 #EA 6679 18415
18417 #EA 18416 43
18418 #EA 18417 5
18419 #EA 13217 18418
18420 #EP #BD 188 18411 18419
18421 #EP #BD 1571 0 18420
18422 #EP #BD 294 858 18421
18423 #EP #BD 3655 121 18422
18424 #EP #BD 113 18423 372
18425 #EP #BD 112 18408 18424
18426 #EP #BD 3643 18392 18425
18427 #EP #BD 3636 852 18426
18428 #EP #BD 75 18389 18427
18429 #EP #BI 7 131 18428
18430 #EA 18399 5
18431 #EA 66 18430
18432 #EP #BD 3643 18431 3857
18433 #EL #BD 86 858 18432
18434 #EA 876 18433
18435 #EA 18434 82
18436 #EA 18393 1219
18437 #EA 66 18436
18438 #EC 503 13
18439 #EA 366 1164
18440 #EA 18439 5
18441 #EA 18438 18440
18442 #EA 18399 1164
18443 #EA 14658 18442
18444 #EA 66 18442
18445 #EL #BD 86 18444 1352
18446 #EA 18443 18445
18447 #EA 18446 5
3656 #NI 3069 1017806716
3657 #NS 3656 _hygCtx
3658 #NS 3657 _hyg
3659 #NI 3658 87
3660 #NI 3650 88
18448 #EA 18409 13238
18449 #EA 64 18448
18450 #EA 3903 43
18451 #EA 35 2027
18452 #EA 18451 5
18453 #EA 18384 939
18454 #EA 853 939
18455 #EA 18453 18454
18456 #EA 1972 18455
18457 #EA 18456 8
18458 #EA 18384 2536
18459 #EA 853 2536
18460 #EA 18458 18459
18461 #EA 3883 18460
18462 #EA 2093 18461
18463 #EA 18462 82
18464 #EA 4879 10
18465 #EA 18463 18464
18466 #EA 18465 8
18467 #EP #BD 188 18466 1352
18468 #EP #BD 188 18457 18467
18469 #EL #BD 86 18452 18468
18470 #EL #BD 22 0 18469
18471 #EA 18450 18470
18472 #EA 18412 13245
18473 #EA 18471 18472
18474 #EA 18473 5
3661 #NI 574 1017806716
3662 #NS 3661 _hygCtx
3663 #NS 3662 _hyg
3664 #NI 3663 92
18475 #EA 1972 18472
18476 #EA 18475 43
18477 #EA 18384 911
18478 #EA 853 911
18479 #EA 18477 18478
18480 #EA 3881 18479
18481 #EA 2093 18480
18482 #EA 18481 8
18483 #EA 18451 2027
18484 #EA 18482 18483
18485 #EA 2182 2027
18486 #EA 18484 18485
18487 #EP #BD 188 18486 1352
18488 #EA 2079 18487
18489 #EA 3937 339
18490 #EA 18489 2027
18491 #EA 18490 5
18492 #EA 18488 18491
18493 #EL #BD 3664 18476 18492
18494 #EA 18474 18493
3665 #NI 602 1017806716
3666 #NS 3665 _hygCtx
3667 #NS 3666 _hyg
3668 #NI 3667 90
3669 #NI 728 1017806716
3670 #NS 3669 _hygCtx
3671 #NS 3670 _hyg
3672 #NI 3671 91
3673 #NI 3663 94
18495 #EA 18456 43
18496 #EA 4879 2027
18497 #EA 18463 18496
18498 #EA 2188 2775
18499 #EA 18498 10
18500 #EA 18499 8
18501 #EA 18497 18500
18502 #EP #BD 188 18501 1352
18503 #EA 2079 18502
18504 #EA 18503 18491
18505 #EL #BD 3673 18495 18504
18506 #EL #BD 3672 18452 18505
18507 #EL #BI 3668 0 18506
18508 #EA 18494 18507
18509 #EA 2959 18472
18510 #EA 18508 18509
18511 #EA 3877 18472
18512 #EA 2135 18511
18513 #EA 18512 5
18514 #EA 18510 18513
18515 #EL #BD 3660 18449 18514
18516 #EL #BD 3659 0 18515
18517 #EA 18447 18516
18518 #EA 18441 18517
18519 #EL #BD 3643 18437 18518
18520 #EA 18435 18519
3674 #NI 3654 85
3675 #NI 3646 86
18521 #EA 18409 1310
18522 #EA 66 18521
18523 #EC 3039 13
18524 #EA 18412 1176
18525 #EA 18523 18524
18526 #EA 66 18524
18527 #EA 1179 10
18528 #EA 910 18527
18529 #EA 18528 5
18530 #EL #BD 86 18526 18529
18531 #EA 18525 18530
18532 #EA 18531 5
3676 #NI 3658 96
3677 #NI 3650 97
18533 #EA 18477 18527
18534 #EA 64 18533
18535 #EC 97 13
18536 #EA 859 2536
18537 #EA 18536 366
18538 #EA 18537 121
18539 #EA 18458 18538
18540 #EA 64 18539
18541 #EA 859 2582
18542 #EA 18541 698
18543 #EA 18542 366
18544 #EA 2536 18543
18545 #EA 18384 2582
18546 #EA 18545 18543
18547 #EA 6679 18546
18548 #EA 18547 8
18549 #EA 18548 5
18550 #EA 18544 18549
18551 #EP #BD 3677 18540 18550
18552 #EL #BD 86 0 18551
18553 #EA 18535 18552
18554 #EA 18553 8
18555 #EA 13896 121
18556 #EA 18555 82
18557 #EA 18453 18556
18558 #EA 6178 18557
18559 #EA 8492 121
18560 #EA 18559 5
18561 #EL #BD 3677 18558 18560
18562 #EA 18554 18561
3678 #NI 116 1017806716
3679 #NS 3678 _hygCtx
3680 #NS 3679 _hyg
3681 #NI 3680 98
18563 #EA 11570 18539
18564 #EA 4755 8
18565 #EA 18564 5
18566 #EL #BD 3677 18563 18565
18567 #EL #BD 3681 0 18566
18568 #EA 18562 18567
18569 #EA 18568 5
18570 #EL #BD 3677 18534 18569
18571 #EL #BD 3676 0 18570
18572 #EA 18532 18571
18573 #EL #BD 3643 18522 18572
18574 #EL #BD 3675 881 18573
18575 #EL #BD 3674 366 18574
18576 #EA 18520 18575
18577 #EA 18576 10
18578 #EL #BD 113 18423 18577
18579 #EL #BD 112 18408 18578
18580 #EL #BD 3643 18392 18579
18581 #EL #BD 3636 852 18580
18582 #EL #BD 75 18389 18581
18583 #EL #BI 7 131 18582
#DEF 3627 18429 18583 49 50
3682 #NS 3626 _proof_1
18584 #EA 18384 82
18585 #EA 18584 13727
18586 #EA 11570 18585
18587 #EA 18384 121
18588 #EA 18587 10
18589 #EA 5153 18588
18590 #EP #BD 188 18586 18589
18591 #EP #BD 1571 0 18590
18592 #EP #BD 294 852 18591
18593 #EP #BD 3655 5 18592
18594 #EP #BI 7 131 18593
18595 #EA 5194 43
18596 #EA 18595 18588
18597 #EA 18596 5
18598 #EL #BD 188 18586 18597
18599 #EL #BD 1571 0 18598
18600 #EL #BD 294 852 18599
18601 #EL #BD 3655 5 18600
18602 #EL #BI 7 131 18601
#DEF 3682 18594 18602 49
18603 #EC 3352 2
18604 #EA 18603 8
18605 #EA 18604 5
18606 #EA 66 18605
18607 #EP #BD 22 18606 10
18608 #EP #BD 294 6 18607
18609 #EP #BI 7 3 18608
3683 #NS 3629 _hyg
3684 #NI 3683 10
3685 #NI 3683 11
18610 #EA 18603 82
18611 #EA 18610 5
18612 #EA 66 18611
18613 #EP #BD 3685 18612 121
18614 #EL #BD 3684 11 18613
18615 #EA 895 18614
18616 #EA 18615 8
18617 #EA 18603 121
18618 #EA 18617 5
18619 #EA 66 18618
18620 #EP #BD 3685 18619 366
18621 #EL #BD 3684 644 18620
18622 #EA 901 18621
18623 #EA 18622 5
18624 #EA 18617 8
18625 #EA 66 18624
18626 #EC 3627 2 3
18627 #EA 18626 366
18628 #EA 18603 698
18629 #EA 18628 5
18630 #EA 66 18629
3686 #NI 3683 99
18631 #EA 18603 910
18632 #EA 18631 5
18633 #EA 66 18632
18634 #EP #BD 3685 18633 911
18635 #EL #BD 3684 909 18634
18636 #EA 908 18635
18637 #EA 18636 8
18638 #EP #BD 3686 18637 910
18639 #EL #BD 3643 18630 18638
18640 #EL #BD 3636 754 18639
18641 #EA 18627 18640
18642 #EA 18641 10
18643 #EA 18642 5
18644 #EA 18603 860
18645 #EA 932 5
18646 #EA 18644 18645
18647 #EA 4682 18646
18648 #EA 18603 911
18649 #EA 18648 5
18650 #EA 66 18649
18651 #EP #BD 3685 18650 939
18652 #EL #BD 3684 917 18651
18653 #EA 938 18652
18654 #EA 18653 946
18655 #EL #BD 3686 18654 82
18656 #EL #BD 3651 18647 18655
18657 #EL #BD 3647 925 18656
18658 #EL #BD 18 366 18657
18659 #EA 18643 18658
18660 #EA 18631 946
18661 #EA 11570 18660
18662 #EA 900 911
18663 #EA 18603 939
18664 #EA 18663 5
18665 #EA 66 18664
18666 #EP #BD 3685 18665 2536
18667 #EL #BD 3684 912 18666
18668 #EA 18662 18667
18669 #EA 18668 14381
18670 #EA 18663 82
18671 #EA 6679 18670
18672 #EA 18671 10
18673 #EC 3682 2
18674 #EA 18673 939
18675 #EA 18674 121
18676 #EA 18675 82
18677 #EA 18676 10
18678 #EA 18677 8
18679 #EA 18672 18678
18680 #EA 425 18679
18681 #EL #BD 3686 18669 18680
18682 #EL #BD 188 18661 18681
18683 #EL #BD 1571 0 18682
18684 #EL #BD 294 925 18683
18685 #EL #BD 3655 366 18684
18686 #EA 18659 18685
18687 #EA 18686 8
18688 #EL #BD 3685 18625 18687
18689 #EL #BD 82 18623 18688
18690 #EL #BD 3684 11 18689
18691 #EA 18616 18690
18692 #EA 18691 5
18693 #EL #BD 3685 18606 18692
18694 #EL #BD 3684 6 18693
18695 #EL #BI 7 3 18694
#DEF 3626 18609 18695 8
3687 #NS 5 instGetElemNatLtLength
18696 #EC 3607 11 0 11
18697 #EA 18696 848
18698 #EA 18697 0
18699 #EA 18698 5
18700 #EA 18390 8
18701 #EA 64 18700
18702 #EL #BD 1571 0 18701
18703 #EL #BD 294 848 18702
18704 #EA 18699 18703
18705 #EP #BI 7 131 18704
18706 #EC 3608 11 0 11
18707 #EA 18706 848
18708 #EA 18707 0
18709 #EA 18708 5
18710 #EA 18709 18703
18711 #EC 3626 11
18712 #EA 18711 82
18713 #EA 18712 10
18714 #EA 18584 10
18715 #EA 6679 18714
18716 #EA 18715 8
18717 #EA 18716 5
18718 #EA 18713 18717
18719 #EL #BD 188 18701 18718
18720 #EL #BD 1571 0 18719
18721 #EL #BD 294 848 18720
18722 #EA 18710 18721
18723 #EL #BI 7 131 18722
#DEF 3687 18705 18723 49
3688 #NS 5 ctorIdx
3689 #NI 2882 11
18724 #EP #BD 3689 6 0
18725 #EP #BI 7 3 18724
18726 #EC 211 1 2
18727 #EA 18726 8
18728 #EL #BD 86 9 0
18729 #EA 18727 18728
18730 #EA 18729 5
18731 #EA 18730 339
18732 #EL #BD 11 11 474
18733 #EL #BD 10 8 18732
18734 #EA 18731 18733
18735 #EL #BD 86 6 18734
18736 #EL #BI 7 3 18735
#DEF 3688 18725 18736 8
3690 #NS 5 get?Internal
3691 #NS 3690 _sparseCasesOn_1
18737 #EA 697 121
18738 #EA 18737 8
18739 #EA 18738 5
18740 #EA 82 18739
18741 #EP #BD 11 644 18740
18742 #EP #BD 10 10 18741
3692 #NS 2679 Init
3693 #NS 3692 GetElem
3694 #NI 3693 4136898559
3695 #NS 3694 _hygCtx
3696 #NS 3695 _hyg
3697 #NI 3696 90
18743 #EC 3688 2
18744 #EA 18743 82
18745 #EA 18744 8
18746 #EA 13097 18745
18747 #EP #BD 188 18746 316
18748 #EP #BD 3697 18747 316
18749 #EP #BD 213 18742 18748
18750 #EP #BD 76 9 18749
18751 #EP #BI 75 633 18750
18752 #EP #BI 7 3 18751
18753 #EA 750 82
18754 #EA 18743 121
18755 #EA 18754 5
18756 #EA 13097 18755
18757 #EP #BD 188 18756 257
18758 #EP #BD 3697 18757 257
18759 #EL #BD 76 644 18758
18760 #EA 18753 18759
18761 #EA 18744 680
18762 #EA 13097 18761
18763 #EA 679 121
18764 #EA 82 18763
18765 #EP #BD 188 18762 18764
18766 #EL #BD 3697 18765 13117
18767 #EA 18760 18766
18768 #EA 18743 366
18769 #EA 18768 5
18770 #EA 13097 18769
18771 #EP #BD 188 18770 367
18772 #EP #BD 3697 18771 367
18773 #EA 18743 698
18774 #EA 18773 701
18775 #EA 13097 18774
18776 #EA 931 82
18777 #EA 18776 10
18778 #EA 698 18777
18779 #EP #BD 188 18775 18778
18780 #EL #BD 3697 18779 372
18781 #EL #BD 208 18772 18780
18782 #EL #BD 11 690 18781
18783 #EL #BD 10 82 18782
18784 #EA 18767 18783
18785 #EA 18784 8
18786 #EL #BD 213 18742 18785
18787 #EL #BD 76 9 18786
18788 #EL #BI 75 633 18787
18789 #EL #BI 7 3 18788
#DEF 3691 18752 18789 49 8
3698 #NS 3690 match_1
3699 #NS 88 GetElem
3700 #NI 3699 4136898559
3701 #NS 3700 _hygCtx
3702 #NI 3701 12
3703 #NS 3702 Init
3704 #NS 3703 GetElem
3705 #NI 3704 4136898559
3706 #NS 3705 _hygCtx
3707 #NS 3706 _hyg
3708 #NI 3707 31
3709 #NI 3701 13
3710 #NS 3709 Init
3711 #NS 3710 GetElem
3712 #NI 3711 4136898559
3713 #NS 3712 _hygCtx
3714 #NS 3713 _hyg
3715 #NI 3714 34
18790 #EP #BD 3715 0 849
18791 #EP #BD 3708 848 18790
3716 #NS 242 GetElem
3717 #NI 3716 4136898559
3718 #NS 3717 _hygCtx
3719 #NS 3718 _hyg
3720 #NI 3719 48
18792 #EA 1248 343
18793 #EP #BD 3720 1083 18792
18794 #EP #BD 18 82 18793
3721 #NS 235 GetElem
3722 #NI 3721 4136898559
3723 #NS 3722 _hygCtx
3724 #NS 3723 _hyg
3725 #NI 3724 67
18795 #EA 864 313
18796 #EP #BD 4 0 18795
18797 #EP #BD 294 858 18796
18798 #EP #BD 3725 121 18797
3726 #NS 3701 _hyg
3727 #NI 3726 80
3728 #NI 3726 79
18799 #EP #BD 3728 0 3857
18800 #EP #BD 3727 858 18799
18801 #EP #BD 455 18800 1457
18802 #EP #BD 113 18798 18801
18803 #EP #BD 112 18794 18802
18804 #EP #BD 3715 0 18803
18805 #EP #BD 3708 852 18804
18806 #EP #BD 75 18791 18805
18807 #EP #BI 7 131 18806
18808 #EC 3691 13 11
18809 #EA 18808 698
18810 #EA 18809 13235
18811 #EA 18810 121
3729 #NI 3724 91
3730 #NI 3719 92
18812 #EL #BD 86 0 13256
18813 #EA 18535 18812
18814 #EA 18813 366
18815 #EA 18814 2494
3731 #NS 115 GetElem
3732 #NI 3731 4136898559
3733 #NS 3732 _hygCtx
3734 #NS 3733 _hyg
3735 #NI 3734 94
18816 #EL #BD 3735 0 4789
18817 #EA 18815 18816
18818 #EL #BD 3730 1147 18817
18819 #EL #BD 3729 698 18818
18820 #EA 18811 18819
3736 #NS 573 GetElem
3737 #NI 3736 4136898559
3738 #NS 3737 _hygCtx
3739 #NS 3738 _hyg
3740 #NI 3739 93
18821 #EC 3688 11
18822 #EA 18821 698
18823 #EA 18822 121
18824 #EA 13097 18823
18825 #EL #BD 3740 18824 12158
18826 #EA 18820 18825
18827 #EL #BD 455 18800 18826
18828 #EL #BD 113 18798 18827
18829 #EL #BD 112 18794 18828
18830 #EL #BD 3715 0 18829
18831 #EL #BD 3708 852 18830
18832 #EL #BD 75 18791 18831
18833 #EL #BI 7 131 18832
#DEF 3698 18807 18833 49 50
18834 #EC 3166 11
18835 #EA 18834 10
18836 #EP #BD 1571 0 18835
18837 #EP #BD 294 848 18836
18838 #EP #BI 7 131 18837
3741 #NI 3726 12
3742 #NI 3726 13
18839 #EA 18834 121
18840 #EP #BD 3742 0 18839
18841 #EL #BD 3741 1112 18840
18842 #EA 1133 18841
18843 #EA 18842 8
18844 #EA 18834 366
18845 #EP #BD 3742 0 18844
18846 #EL #BD 3741 1079 18845
18847 #EA 1139 18846
18848 #EA 18847 5
18849 #EC 3698 11 12
18850 #EA 18849 366
3743 #NI 3726 95
18851 #EA 18834 911
18852 #EP #BD 3742 0 18851
18853 #EL #BD 3741 1147 18852
18854 #EA 1146 18853
18855 #EA 18854 8
18856 #EA 18834 910
18857 #EP #BD 3743 18855 18856
18858 #EL #BD 3715 0 18857
18859 #EL #BD 3708 858 18858
18860 #EA 18850 18859
18861 #EA 18860 10
18862 #EA 18861 5
18863 #EA 18854 1310
18864 #EC 3168 11
18865 #EA 18864 910
18866 #EA 18865 10
18867 #EL #BD 3743 18863 18866
18868 #EL #BD 3720 881 18867
18869 #EL #BD 18 366 18868
18870 #EA 18862 18869
18871 #EA 18834 939
18872 #EP #BD 3742 0 18871
18873 #EL #BD 3741 1148 18872
18874 #EA 1169 18873
18875 #EA 18874 1176
18876 #EL #BD 3743 18875 950
18877 #EL #BD 4 0 18876
18878 #EL #BD 294 881 18877
18879 #EL #BD 3725 366 18878
18880 #EA 18870 18879
18881 #EC 3167 11
18882 #EA 18881 910
18883 #EL #BD 3743 18855 18882
18884 #EL #BD 3728 0 18883
18885 #EL #BD 3727 858 18884
18886 #EA 18880 18885
18887 #EA 18886 8
18888 #EL #BD 3742 0 18887
18889 #EL #BD 82 18848 18888
18890 #EL #BD 3741 1112 18889
18891 #EA 18843 18890
18892 #EA 18891 5
18893 #EL #BD 3742 0 18892
18894 #EL #BD 3741 848 18893
18895 #EL #BI 7 131 18894
#DEF 3690 18838 18895 49
3744 #NS 3612 default
18896 #EA 18341 5
18897 #EP #BC 24 18896 8
18898 #EP #BI 7 72 18897
18899 #EJ 3612 0 5
18900 #EL #BC 24 18896 18899
18901 #EL #BD 7 72 18900
#DEF 3744 18898 18901 8
3745 #NS 0 panicCore
3746 #NI 54 4048948229
3747 #NS 3746 _hygCtx
3748 #NS 3747 _hyg
3749 #NI 3748 3
3750 #NS 0 msg
18902 #EP #BD 3750 7278 10
18903 #EP #BC 3749 18896 18902
18904 #EP #BI 7 72 18903
18905 #EC 3744 2
18906 #EA 18905 10
18907 #EA 18906 8
18908 #EL #BD 3750 7278 18907
18909 #EL #BC 3749 18896 18908
18910 #EL #BI 7 72 18909
#DEF 3745 18904 18910 8
3751 #NS 0 panic
3752 #NI 54 2928479692
3753 #NS 3752 _hygCtx
3754 #NS 3753 _hyg
3755 #NI 3754 3
18911 #EC 3745 2
18912 #EA 18911 10
18913 #EA 18912 8
18914 #EA 18913 5
18915 #EL #BD 3750 7278 18914
18916 #EL #BC 3755 18896 18915
18917 #EL #BI 7 72 18916
#DEF 3751 18904 18917 8
3756 #NS 0 Pi
3757 #NS 3756 instInhabited
3758 #NI 54 4037808124
3759 #NS 3758 _hygCtx
3760 #NS 3759 _hyg
3761 #NI 3760 6
18918 #EC 3612 4
18919 #EA 18918 356
18920 #EP #BD 18 8 18919
18921 #EC 3612 26
18922 #EP #BD 18 10 1386
18923 #EA 18921 18922
18924 #EP #BC 3761 18920 18923
18925 #EP #BI 38 7544 18924
18926 #EP #BI 7 72 18925
18927 #EC 3613 26
18928 #EA 18927 18922
3762 #NI 89 4037808124
3763 #NS 3762 _hygCtx
3764 #NS 3763 _hyg
3765 #NI 3764 26
18929 #EC 3744 4
18930 #EA 18929 1386
18931 #EA 18930 356
18932 #EL #BD 3765 10 18931
18933 #EA 18928 18932
18934 #EL #BC 3761 18920 18933
18935 #EL #BI 38 7544 18934
18936 #EL #BI 7 72 18935
#DEF 3757 18926 18936 8 39
3766 #NS 1593 instInhabited
18937 #EC 3612 1
18938 #EA 18937 7278
18939 #EC 3613 1
18940 #EA 18939 7278
18941 #ELS 
18942 #EA 18940 18941
#DEF 3766 18938 18942 
3767 #NS 1593 Internal
3768 #NS 3767 append
18943 #EP #BD 22 7278 7278
18944 #EP #BD 22 7278 18943
18945 #EC 3744 1
18946 #EA 18945 18944
18947 #EC 3757 1 1
18948 #EA 18947 7278
18949 #EL #BD 22 7278 18943
18950 #EA 18948 18949
18951 #EA 18947 7278
18952 #EL #BD 22 7278 7278
18953 #EA 18951 18952
18954 #EC 3766 
18955 #EL #BD 18 7278 18954
18956 #EA 18953 18955
18957 #EL #BD 18 7278 18956
18958 #EA 18950 18957
18959 #EA 18946 18958
#DEF 3768 18944 18959 
3769 #NS 0 ToString
3770 #NS 3769 mk
3771 #NS 0 toString
18960 #EP #BD 22 5 7278
18961 #EC 3769 2
18962 #EA 18961 8
18963 #EP #BD 3771 18960 18962
18964 #EP #BI 7 3 18963
#IND 1 3769 15 1 3770 18964 8
3772 #NS 3769 toString
18965 #EA 18961 5
18966 #EP #BD 22 8 7278
18967 #EP #BC 24 18965 18966
18968 #EP #BI 7 3 18967
18969 #EJ 3769 0 5
18970 #EL #BC 24 18965 18969
18971 #EL #BD 7 3 18970
#DEF 3772 18968 18971 8
3773 #NS 1593 ofList
3774 #NS 3773 _proof_1
18972 #EA 7271 7269
18973 #EP #BD 183 7255 18972
18974 #EC 1597 
18975 #EA 18974 7269
18976 #EA 18975 5
18977 #EA 1713 533
18978 #EA 18977 7269
18979 #EA 18976 18978
18980 #EL #BD 183 7255 18979
#DEF 3774 18973 18980 
18981 #EP #BD 183 7255 7278
18982 #EA 13376 7269
18983 #EC 3774 
18984 #EA 18983 5
18985 #EA 18982 18984
18986 #EL #BD 183 7255 18985
#DEF 3773 18981 18986 
3775 #NS 2056 Repr
3776 #NI 3775 0
3777 #NS 3776 Nat
3778 #NS 3777 toDigitsCore
3779 #NS 3778 match_1
3780 #NS 2088 Repr
3781 #NI 3780 1969925621
3782 #NS 3781 _hygCtx
3783 #NI 3782 12
3784 #NS 3783 Init
3785 #NS 3784 Data
3786 #NS 3785 Repr
3787 #NI 3786 1969925621
3788 #NS 3787 _hygCtx
3789 #NS 3788 _hyg
3790 #NI 3789 39
3791 #NI 3782 13
3792 #NS 3791 Init
3793 #NS 3792 Data
3794 #NS 3793 Repr
3795 #NI 3794 1969925621
3796 #NS 3795 _hygCtx
3797 #NS 3796 _hyg
3798 #NI 3797 42
3799 #NI 3782 14
3800 #NS 3799 Init
3801 #NS 3800 Data
3802 #NS 3801 Repr
3803 #NI 3802 1969925621
3804 #NS 3803 _hygCtx
3805 #NS 3804 _hyg
3806 #NI 3805 45
18987 #EP #BD 3806 7255 335
18988 #EP #BD 3798 0 18987
18989 #EP #BD 3790 0 18988
3807 #NS 3782 _hyg
3808 #NI 3807 54
3809 #NS 0 ds
18990 #EP #BD 3809 7255 2020
18991 #EP #BD 3808 0 18990
18992 #EP #BD 3809 7255 5600
18993 #EP #BD 4 0 18992
18994 #EP #BD 908 0 18993
18995 #EP #BD 113 18994 2034
18996 #EP #BD 112 18991 18995
18997 #EP #BD 3806 7255 18996
18998 #EP #BD 3798 0 18997
18999 #EP #BD 3790 0 18998
19000 #EP #BD 75 18989 18999
19001 #EA 349 5611
19002 #EA 19001 121
19003 #EA 383 10
19004 #EA 19002 19003
19005 #EA 19004 5681
19006 #EL #BD 113 18994 19005
19007 #EL #BD 112 18991 19006
19008 #EL #BD 3806 7255 19007
19009 #EL #BD 3798 0 19008
19010 #EL #BD 3790 0 19009
19011 #EL #BD 75 18989 19010
#DEF 3779 19000 19011 49
3810 #NS 0 instDecidableOr
3811 #NS 3810 match_1
#DEF 3811 5834 5864 
3812 #NS 3810 _proof_1
19012 #EA 542 82
19013 #EA 19012 10
19014 #EP #BD 188 19013 1352
19015 #EP #BD 1883 5890 19014
19016 #EP #BD 1893 5890 19015
19017 #EP #BI 1874 20 19016
19018 #EP #BI 408 20 19017
19019 #EC 3811 
19020 #EA 19019 121
19021 #EA 19020 82
3813 #NI 574 1087427824
3814 #NS 3813 _hygCtx
3815 #NS 3814 _hyg
3816 #NI 3815 63
19022 #EA 542 121
19023 #EA 19022 82
19024 #EL #BD 3816 19023 1352
19025 #EA 19021 19024
19026 #EA 19025 5
19027 #EL #BD 188 121 237
19028 #EA 19026 19027
19029 #EL #BD 188 82 1386
19030 #EA 19028 19029
19031 #EL #BD 188 19013 19030
19032 #EL #BD 1883 5890 19031
19033 #EL #BD 1893 5890 19032
19034 #EL #BI 1874 20 19033
19035 #EL #BI 408 20 19034
#DEF 3812 19018 19035 
19036 #EA 1357 19013
19037 #EP #BC 1875 1358 19036
19038 #EP #BC 1619 1358 19037
19039 #EP #BI 1874 20 19038
19040 #EP #BI 408 20 19039
3817 #NI 1896 1087427824
3818 #NS 3817 _hygCtx
3819 #NS 3818 _hyg
3820 #NI 3819 21
19041 #EA 1357 19023
19042 #EL #BD 3820 1404 19041
19043 #EA 8427 19042
19044 #EA 19043 8
19045 #EA 1372 19023
19046 #EA 19045 5820
19047 #EL #BD 1893 82 19046
19048 #EA 19044 19047
3821 #NI 1878 1087427824
3822 #NS 3821 _hygCtx
3823 #NS 3822 _hyg
3824 #NI 3823 40
19049 #EA 1357 5853
19050 #EL #BD 3824 1404 19049
19051 #EA 8427 19050
19052 #EA 19051 8
19053 #EA 1372 5853
19054 #EA 19053 5826
19055 #EL #BD 1883 82 19054
19056 #EA 19052 19055
19057 #EA 1367 5853
19058 #EC 3812 
19059 #EA 19058 366
19060 #EA 19059 121
19061 #EA 19060 8
19062 #EA 19061 5
19063 #EA 19057 19062
19064 #EL #BD 1883 1408 19063
19065 #EA 19056 19064
19066 #EL #BD 1893 1408 19065
19067 #EA 19048 19066
19068 #EL #BC 1875 1358 19067
19069 #EL #BC 1619 1358 19068
19070 #EL #BI 1874 20 19069
19071 #EL #BI 408 20 19070
#DEF 3810 19040 19071 
3825 #NS 175 ofNatLT
19072 #EA 64 588
19073 #EP #BD 408 19072 14504
19074 #EP #BD 1571 0 19073
19075 #EP #BI 41 0 19074
19076 #EA 7017 10
19077 #EA 6679 14480
19078 #EA 19077 8
19079 #EA 19078 5
19080 #EA 19076 19079
19081 #EL #BD 408 19072 19080
19082 #EL #BD 1571 0 19081
19083 #EL #BI 41 0 19082
#DEF 3825 19075 19083 
3826 #NS 184 size
19084 #ELN 4294967296
19085 #EA 338 19084
19086 #EA 341 19084
19087 #EA 19085 19086
#DEF 3826 0 19087 
3827 #NS 548 isValidChar_UInt32
3828 #NS 3827 match_1_1
3829 #NI 574 792197888
3830 #NS 3829 _hygCtx
3831 #NS 3830 _hyg
3832 #NI 3831 10
19088 #EA 616 5
19089 #EP #BD 3832 19088 20
19090 #EA 616 8
19091 #EA 3881 563
19092 #EA 5934 563
19093 #EA 5817 19092
19094 #EA 570 82
19095 #EA 553 19094
19096 #EA 5934 576
19097 #EA 19095 19096
19098 #EA 19093 19097
19099 #EA 19098 5
19100 #EA 10 19099
19101 #EP #BD 188 19091 19100
3833 #NI 1035 792197888
3834 #NS 3833 _hygCtx
3835 #NS 3834 _hyg
3836 #NI 3835 35
19102 #EA 3883 576
19103 #EA 3893 563
19104 #EA 5823 19103
19105 #EA 570 366
19106 #EA 553 19105
19107 #EA 3893 576
19108 #EA 19106 19107
19109 #EA 19104 19108
19110 #EA 4656 19105
19111 #EA 19110 19107
19112 #EA 19111 8
19113 #EA 19112 5
19114 #EA 19109 19113
19115 #EA 121 19114
19116 #EP #BD 188 19102 19115
19117 #EP #BD 3836 19094 19116
19118 #EP #BD 113 19117 316
19119 #EP #BD 112 19101 19118
19120 #EP #BD 3832 19090 19119
19121 #EP #BD 75 19089 19120
19122 #EP #BI 4 0 19121
19123 #EA 3883 563
19124 #EA 5849 19123
19125 #EA 570 121
19126 #EA 553 19125
19127 #EA 19126 19102
19128 #EA 19124 19127
19129 #EA 616 121
19130 #EL #BD 86 19129 324
19131 #EA 19128 19130
19132 #EA 19131 10
3837 #NI 3831 44
19133 #EL #BD 3837 19123 1386
19134 #EA 19132 19133
3838 #NI 3831 45
19135 #EA 4709 19105
19136 #EA 19135 19107
19137 #EA 3925 563
19138 #EA 5823 19137
19139 #EA 570 698
19140 #EA 553 19139
19141 #EA 3925 576
19142 #EA 19140 19141
19143 #EA 19138 19142
19144 #EA 19143 5
19145 #EA 366 19144
19146 #EL #BD 86 19108 19145
19147 #EA 19136 19146
19148 #EA 19147 5
3839 #NI 3835 46
3840 #NI 1042 792197888
3841 #NS 3840 _hygCtx
3842 #NS 3841 _hyg
3843 #NI 3842 47
19149 #EL #BD 3843 19141 5673
19150 #EL #BD 3839 19105 19149
19151 #EA 19148 19150
19152 #EL #BD 3838 19127 19151
19153 #EA 19134 19152
19154 #EL #BD 113 19117 19153
19155 #EL #BD 112 19101 19154
19156 #EL #BD 3832 19090 19155
19157 #EL #BD 75 19089 19156
19158 #EL #BI 4 0 19157
#DEF 3828 19122 19158 
3844 #NS 1 lt_trans
19159 #EP #BD 693 4637 10750
19160 #EP #BI 501 0 19159
19161 #EP #BI 28 0 19160
19162 #EP #BI 4 0 19161
19163 #EA 4644 2068
19164 #EA 19163 2027
19165 #EA 19164 8
19166 #EA 6332 2068
19167 #EA 19166 10
19168 #EA 19167 5
19169 #EA 19165 19168
19170 #EL #BD 693 4637 19169
19171 #EL #BI 501 0 19170
19172 #EL #BI 28 0 19171
19173 #EL #BI 4 0 19172
#DEF 3844 19162 19173 
3845 #NS 548 of_decide_eq_true
3846 #NS 3845 match_1_1
#DEF 3846 8525 8535 
3847 #NS 548 ne_true_of_eq_false
3848 #NS 3847 match_1_1
3849 #NI 89 3968757478
3850 #NS 3849 _hygCtx
3851 #NI 3850 14
3852 #NS 3851 Init
3853 #NS 3852 Prelude
3854 #NI 3853 3968757478
3855 #NS 3854 _hygCtx
3856 #NS 3855 _hyg
3857 #NI 3856 33
3858 #NI 3850 15
3859 #NS 3858 Init
3860 #NS 3859 Prelude
3861 #NI 3860 3968757478
3862 #NS 3861 _hygCtx
3863 #NS 3862 _hyg
3864 #NI 3863 36
19174 #EA 7880 1509
19175 #EP #BD 3864 19174 20
19176 #EP #BD 3857 1446 19175
19177 #EA 7408 5
19178 #EP #BD 188 1731 19177
3865 #NS 3850 _hyg
3866 #NI 3865 52
19179 #EA 1556 5
19180 #EP #BD 3866 1711 19179
19181 #EP #BD 113 19180 372
19182 #EP #BD 112 19178 19181
19183 #EP #BD 3864 19174 19182
19184 #EP #BD 3857 1446 19183
19185 #EP #BD 75 19176 19184
19186 #EC 462 0
19187 #EP #BD 3864 19174 3857
19188 #EL #BD 86 1446 19187
19189 #EA 19186 19188
19190 #EA 19189 82
19191 #EL #BD 3864 1711 356
19192 #EA 19190 19191
19193 #EL #BD 3864 1731 1386
19194 #EA 19192 19193
19195 #EA 19194 10
19196 #EL #BD 113 19180 19195
19197 #EL #BD 112 19178 19196
19198 #EL #BD 3864 19174 19197
19199 #EL #BD 3857 1446 19198
19200 #EL #BD 75 19176 19199
#DEF 3848 19185 19200 
3867 #NS 0 ne_true_of_eq_false
19201 #EA 1667 1504
19202 #EA 1355 19201
19203 #EP #BD 22 19174 19202
19204 #EP #BI 59 1446 19203
3868 #NI 3865 14
3869 #NI 3865 15
19205 #EC 3848 
19206 #EL #BD 3864 19174 19202
19207 #EL #BD 3857 1446 19206
19208 #EA 19205 19207
19209 #EA 19208 8
19210 #EA 19209 5
19211 #EA 1355 1740
19212 #EA 1721 19211
19213 #EA 19212 1504
19214 #EA 19213 1509
19215 #EA 19214 5
19216 #EL #BD 188 1731 19215
19217 #EA 19210 19216
19218 #EL #BD 3866 1711 1726
19219 #EA 19217 19218
19220 #EL #BD 3869 19174 19219
19221 #EL #BD 3868 1446 19220
#DEF 3867 19204 19221 
3870 #NS 548 decide_eq_false
3871 #NS 3870 match_1_1
3872 #NI 89 973251453
3873 #NS 3872 _hygCtx
3874 #NI 3873 19
3875 #NS 3874 Init
3876 #NS 3875 Prelude
3877 #NI 3876 973251453
3878 #NS 3877 _hygCtx
3879 #NS 3878 _hyg
3880 #NI 3879 38
3881 #NI 3873 20
3882 #NS 3881 Init
3883 #NS 3882 Prelude
3884 #NI 3883 973251453
3885 #NS 3884 _hygCtx
3886 #NS 3885 _hyg
3887 #NI 3886 41
19222 #EP #BD 3887 5890 20
19223 #EP #BD 3880 1364 19222
19224 #EA 1372 366
19225 #EA 19224 8
19226 #EA 121 19225
19227 #EA 19226 5
19228 #EP #BD 768 1385 19227
19229 #EP #BD 693 82 19228
3888 #NI 574 973251453
3889 #NS 3888 _hygCtx
3890 #NS 3889 _hyg
3891 #NI 3890 63
3892 #NS 3873 _hyg
3893 #NI 3892 64
19230 #EA 8580 8
19231 #EA 366 19230
19232 #EA 19231 5
19233 #EP #BD 3893 8579 19232
19234 #EP #BD 3891 1385 19233
19235 #EP #BD 113 19234 372
19236 #EP #BD 112 19229 19235
19237 #EP #BD 3887 1366 19236
19238 #EP #BD 3880 1358 19237
19239 #EP #BD 75 19223 19238
19240 #EP #BI 408 20 19239
19241 #EA 5719 366
19242 #EL #BD 86 8555 792
19243 #EA 19241 19242
19244 #EA 19243 82
3894 #NI 3890 72
19245 #EL #BD 3894 8579 6707
19246 #EA 19244 19245
3895 #NI 3890 73
19247 #EA 1386 82
19248 #EL #BD 3895 366 19247
19249 #EA 19246 19248
19250 #EL #BD 113 19234 19249
19251 #EL #BD 112 19229 19250
19252 #EL #BD 3887 1366 19251
19253 #EL #BD 3880 1358 19252
19254 #EL #BD 75 19223 19253
19255 #EL #BI 408 20 19254
#DEF 3871 19240 19255 
3896 #NS 0 decide_eq_false
3897 #NI 54 973251453
3898 #NS 3897 _hygCtx
3899 #NS 3898 _hyg
3900 #NI 3899 7
19256 #EA 12945 8
19257 #EA 1666 19256
19258 #EA 19257 1509
19259 #EP #BD 22 5890 19258
19260 #EP #BC 3900 1364 19259
19261 #EP #BI 408 20 19260
3901 #NI 3892 19
3902 #NI 3892 20
19262 #EC 3871 
19263 #EA 19262 10
19264 #EA 12944 121
19265 #EA 19264 8
19266 #EA 1666 19265
19267 #EA 19266 1509
19268 #EL #BD 3887 1408 19267
19269 #EL #BD 3880 7714 19268
19270 #EA 19263 19269
19271 #EA 19270 8
19272 #EA 19271 5
19273 #EA 3683 121
19274 #EA 19264 7762
19275 #EA 1666 19274
19276 #EA 19275 1509
19277 #EA 19273 19276
19278 #EA 19277 8
19279 #EA 19278 5
19280 #EL #BD 768 1408 19279
19281 #EL #BD 693 10 19280
19282 #EA 19272 19281
19283 #EA 19264 7733
19284 #EA 1714 19283
19285 #EL #BD 3893 1408 19284
19286 #EL #BD 3891 1366 19285
19287 #EA 19282 19286
19288 #EL #BD 3902 5890 19287
19289 #EL #BD 3901 1364 19288
19290 #EL #BI 408 20 19289
#DEF 3896 19261 19290 
3903 #NS 0 of_decide_eq_true
19291 #EA 12952 5
19292 #EA 1666 19291
19293 #EA 19292 1504
19294 #EP #BD 22 19293 10
19295 #EP #BC 51 1364 19294
19296 #EP #BI 408 20 19295
19297 #EC 3846 
19298 #EA 19297 10
3904 #NI 54 1224138662
3905 #NS 3904 _hygCtx
3906 #NS 3905 _hyg
3907 #NI 3906 20
19299 #EL #BD 3907 7714 82
19300 #EA 19298 19299
19301 #EA 19300 8
19302 #EL #BD 693 10 5
19303 #EA 19301 19302
19304 #EA 12944 82
19305 #EA 19304 10
19306 #EA 1666 19305
19307 #EA 19306 1504
19308 #EA 3683 19307
19309 #EA 19308 82
19310 #EA 19309 8
19311 #EC 3867 
19312 #EA 19311 19305
19313 #EC 3896 
19314 #EA 19313 82
19315 #EA 19314 10
19316 #EA 19315 5
19317 #EA 19312 19316
19318 #EA 19310 19317
19319 #EL #BD 693 1366 19318
19320 #EA 19303 19319
19321 #EL #BD 188 19293 19320
19322 #EL #BC 51 1364 19321
19323 #EL #BI 408 20 19322
#DEF 3903 19296 19323 
19324 #EC 3826 
19325 #EA 3877 19324
19326 #EP #BD 188 19088 19325
19327 #EP #BI 4 0 19326
19328 #EC 3828 
19329 #EA 19328 8
19330 #EA 3881 19324
19331 #EL #BD 3832 19090 19330
19332 #EA 19329 19331
19333 #EA 19332 5
19334 #EA 3877 563
19335 #EC 3844 
19336 #EA 19335 10
19337 #EA 19336 563
19338 #EA 19337 19324
19339 #EA 19338 5
19340 #EC 3903 
19341 #EA 63 563
19342 #EA 19341 19324
19343 #EA 19340 19342
19344 #EA 5541 563
19345 #EA 19344 19324
19346 #EA 19343 19345
19347 #EA 12944 19342
19348 #EA 19347 19345
19349 #EA 1714 19348
19350 #EA 19346 19349
19351 #EA 19339 19350
19352 #EL #BD 188 19334 19351
19353 #EA 19333 19352
19354 #EA 570 8
19355 #EA 3881 576
19356 #EA 19335 82
19357 #EA 19356 576
19358 #EA 19357 19324
19359 #EA 19358 5
19360 #EA 63 576
19361 #EA 19360 19324
19362 #EA 19340 19361
19363 #EA 5541 576
19364 #EA 19363 19324
19365 #EA 19362 19364
19366 #EA 12944 19361
19367 #EA 19366 19364
19368 #EA 1714 19367
19369 #EA 19365 19368
19370 #EA 19359 19369
19371 #EL #BD 188 19355 19370
19372 #EL #BD 3836 19354 19371
19373 #EA 19353 19372
19374 #EL #BD 188 19088 19373
19375 #EL #BI 4 0 19374
#DEF 3827 19327 19375 
3908 #NS 201 ofNatAux
3909 #NS 3908 _private_1
3910 #NS 0 _x_1
19376 #EC 3827 
19377 #EA 19376 5
19378 #EL #BD 3910 0 19377
#DEF 3909 19327 19378 
19379 #EP #BD 188 19088 623
19380 #EP #BD 4 0 19379
19381 #EC 202 
19382 #EC 185 
19383 #EC 3825 
19384 #EA 19383 538
19385 #EA 19384 8
19386 #EC 3909 
19387 #EA 19386 8
19388 #EA 19387 5
19389 #EA 19385 19388
19390 #EA 19382 19389
19391 #EA 19381 19390
19392 #EA 19391 5
19393 #EL #BD 188 19088 19392
19394 #EL #BD 4 0 19393
#DEF 3908 19380 19394 
3911 #NS 201 ofNat
3912 #NS 3911 _proof_1
19395 #EA 517 538
19396 #EA 4682 19395
19397 #EA 19340 19396
19398 #EA 5542 19395
19399 #EA 19397 19398
19400 #EA 12944 19396
19401 #EA 19400 19398
19402 #EA 1714 19401
19403 #EA 19399 19402
#DEF 3912 19396 19403 
3913 #NS 3911 _proof_2
19404 #EA 19384 343
19405 #EC 3912 
19406 #EA 19404 19405
19407 #EA 19382 19406
19408 #EA 617 19407
19409 #EA 63 19408
19410 #EA 19409 563
19411 #EA 542 19410
19412 #EA 570 19408
19413 #EA 553 19412
19414 #EA 19409 576
19415 #EA 19413 19414
19416 #EA 19411 19415
19417 #EA 19404 19403
19418 #EA 19382 19417
19419 #EA 617 19418
19420 #EA 63 19419
19421 #EA 19420 563
19422 #EA 5817 19421
19423 #EA 570 19419
19424 #EA 553 19423
19425 #EA 19420 576
19426 #EA 19424 19425
19427 #EA 19422 19426
19428 #EA 19340 19421
19429 #EA 5541 19419
19430 #EA 19429 563
19431 #EA 19428 19430
19432 #EA 12944 19421
19433 #EA 19432 19430
19434 #EA 1714 19433
19435 #EA 19431 19434
19436 #EA 19427 19435
#DEF 3913 19416 19436 
19437 #EP #BD 4 0 623
19438 #EA 3702 623
19439 #EA 19438 19088
19440 #EC 3810 
19441 #EA 19440 564
19442 #EA 19441 578
19443 #EA 5541 5
19444 #EA 19443 563
19445 #EA 19442 19444
19446 #EA 9808 571
19447 #EA 19446 577
19448 #EA 5541 569
19449 #EA 19448 5
19450 #EA 19447 19449
19451 #EA 19443 576
19452 #EA 19450 19451
19453 #EA 19445 19452
19454 #EA 19439 19453
19455 #EC 3908 
19456 #EA 19455 8
19457 #EA 19456 5
19458 #EL #BD 188 19088 19457
19459 #EA 19454 19458
3914 #NI 89 197636209
3915 #NS 3914 _hygCtx
3916 #NS 3915 _hyg
3917 #NI 3916 20
19460 #EA 1355 19088
19461 #EA 19381 19407
19462 #EC 3913 
19463 #EA 19461 19462
19464 #EL #BD 3917 19460 19463
19465 #EA 19459 19464
19466 #EL #BD 4 0 19465
#DEF 3911 19437 19466 
3918 #NS 1 digitChar
19467 #EA 5567 623
19468 #EA 19467 4873
19469 #EA 12896 5
19470 #EA 19469 343
19471 #EA 19468 19470
19472 #EC 3911 
19473 #ELN 48
19474 #EA 19472 19473
19475 #EA 19471 19474
19476 #EA 4854 477
19477 #EA 19467 19476
19478 #EA 19469 477
19479 #EA 19477 19478
19480 #ELN 49
19481 #EA 19472 19480
19482 #EA 19479 19481
19483 #EA 4854 516
19484 #EA 19467 19483
19485 #EA 19469 516
19486 #EA 19484 19485
19487 #ELN 50
19488 #EA 19472 19487
19489 #EA 19486 19488
19490 #ELN 3
19491 #EA 338 19490
19492 #EA 341 19490
19493 #EA 19491 19492
19494 #EA 4854 19493
19495 #EA 19467 19494
19496 #EA 19469 19493
19497 #EA 19495 19496
19498 #ELN 51
19499 #EA 19472 19498
19500 #EA 19497 19499
19501 #ELN 4
19502 #EA 338 19501
19503 #EA 341 19501
19504 #EA 19502 19503
19505 #EA 4854 19504
19506 #EA 19467 19505
19507 #EA 19469 19504
19508 #EA 19506 19507
19509 #ELN 52
19510 #EA 19472 19509
19511 #EA 19508 19510
19512 #ELN 5
19513 #EA 338 19512
19514 #EA 341 19512
19515 #EA 19513 19514
19516 #EA 4854 19515
19517 #EA 19467 19516
19518 #EA 19469 19515
19519 #EA 19517 19518
19520 #ELN 53
19521 #EA 19472 19520
19522 #EA 19519 19521
19523 #ELN 6
19524 #EA 338 19523
19525 #EA 341 19523
19526 #EA 19524 19525
19527 #EA 4854 19526
19528 #EA 19467 19527
19529 #EA 19469 19526
19530 #EA 19528 19529
19531 #ELN 54
19532 #EA 19472 19531
19533 #EA 19530 19532
19534 #ELN 7
19535 #EA 338 19534
19536 #EA 341 19534
19537 #EA 19535 19536
19538 #EA 4854 19537
19539 #EA 19467 19538
19540 #EA 19469 19537
19541 #EA 19539 19540
19542 #ELN 55
19543 #EA 19472 19542
19544 #EA 19541 19543
19545 #EA 4854 527
19546 #EA 19467 19545
19547 #EA 19469 527
19548 #EA 19546 19547
19549 #ELN 56
19550 #EA 19472 19549
19551 #EA 19548 19550
19552 #ELN 9
19553 #EA 338 19552
19554 #EA 341 19552
19555 #EA 19553 19554
19556 #EA 4854 19555
19557 #EA 19467 19556
19558 #EA 19469 19555
19559 #EA 19557 19558
19560 #ELN 57
19561 #EA 19472 19560
19562 #EA 19559 19561
19563 #ELN 10
19564 #EA 338 19563
19565 #EA 341 19563
19566 #EA 19564 19565
19567 #EA 4854 19566
19568 #EA 19467 19567
19569 #EA 19469 19566
19570 #EA 19568 19569
19571 #ELN 97
19572 #EA 19472 19571
19573 #EA 19570 19572
19574 #ELN 11
19575 #EA 338 19574
19576 #EA 341 19574
19577 #EA 19575 19576
19578 #EA 4854 19577
19579 #EA 19467 19578
19580 #EA 19469 19577
19581 #EA 19579 19580
19582 #ELN 98
19583 #EA 19472 19582
19584 #EA 19581 19583
19585 #ELN 12
19586 #EA 338 19585
19587 #EA 341 19585
19588 #EA 19586 19587
19589 #EA 4854 19588
19590 #EA 19467 19589
19591 #EA 19469 19588
19592 #EA 19590 19591
19593 #ELN 99
19594 #EA 19472 19593
19595 #EA 19592 19594
19596 #ELN 13
19597 #EA 338 19596
19598 #EA 341 19596
19599 #EA 19597 19598
19600 #EA 4854 19599
19601 #EA 19467 19600
19602 #EA 19469 19599
19603 #EA 19601 19602
19604 #ELN 100
19605 #EA 19472 19604
19606 #EA 19603 19605
19607 #ELN 14
19608 #EA 338 19607
19609 #EA 341 19607
19610 #EA 19608 19609
19611 #EA 4854 19610
19612 #EA 19467 19611
19613 #EA 19469 19610
19614 #EA 19612 19613
19615 #ELN 101
19616 #EA 19472 19615
19617 #EA 19614 19616
19618 #ELN 15
19619 #EA 338 19618
19620 #EA 341 19618
19621 #EA 19619 19620
19622 #EA 4854 19621
19623 #EA 19467 19622
19624 #EA 19469 19621
19625 #EA 19623 19624
19626 #ELN 102
19627 #EA 19472 19626
19628 #EA 19625 19627
19629 #ELN 42
19630 #EA 19472 19629
19631 #EA 19628 19630
19632 #EA 19617 19631
19633 #EA 19606 19632
19634 #EA 19595 19633
19635 #EA 19584 19634
19636 #EA 19573 19635
19637 #EA 19562 19636
19638 #EA 19551 19637
19639 #EA 19544 19638
19640 #EA 19533 19639
19641 #EA 19522 19640
19642 #EA 19511 19641
19643 #EA 19500 19642
19644 #EA 19489 19643
19645 #EA 19482 19644
19646 #EA 19475 19645
19647 #EL #BD 4 0 19646
#DEF 3918 19437 19647 
3919 #NS 1 toDigitsCore
3920 #NS 0 base
19648 #EP #BD 22 7255 7255
19649 #EP #BD 22 0 19648
19650 #EP #BD 22 0 19649
19651 #EP #BD 3920 0 19650
3921 #NI 3807 12
3922 #NI 3807 13
3923 #NI 3807 14
19652 #EL #BD 3921 0 19649
19653 #EA 406 19652
19654 #EA 19653 10
19655 #EA 410 19652
19656 #EA 19655 5
19657 #EC 3779 1
3924 #NI 3807 123
19658 #EA 19655 10
19659 #EP #BD 3924 19658 7255
19660 #EL #BD 3806 7255 19659
19661 #EL #BD 3798 0 19660
19662 #EL #BD 3790 0 19661
19663 #EA 19657 19662
19664 #EA 19663 82
19665 #EA 19664 8
19666 #EA 19665 5
19667 #EA 19655 343
19668 #EL #BD 3924 19667 8
19669 #EL #BD 3809 7255 19668
19670 #EL #BD 3808 0 19669
19671 #EA 19666 19670
19672 #EA 19655 2027
19673 #EC 3918 
19674 #EA 6605 2536
19675 #EA 19673 19674
19676 #EA 12548 2582
19677 #EA 5567 7255
19678 #EA 19677 4873
19679 #EA 19678 19470
19680 #EA 776 623
19681 #EA 19680 8
19682 #EA 19681 82
19683 #EA 19679 19682
19684 #EA 8276 5
19685 #EA 19684 19682
19686 #EA 19683 19685
19687 #EZ 2654 0 19676 19686
19688 #EZ 1738 623 19675 19687
19689 #EL #BD 3924 19672 19688
19690 #EL #BD 3809 7255 19689
19691 #EL #BD 4 0 19690
19692 #EL #BD 908 0 19691
19693 #EA 19671 19692
19694 #EA 19693 10
19695 #EL #BD 3923 7255 19694
19696 #EL #BD 3922 0 19695
19697 #EL #BD 82 19656 19696
19698 #EL #BD 3921 0 19697
19699 #EA 19654 19698
19700 #EA 19699 8
19701 #EA 19700 5
19702 #EL #BD 3923 7255 19701
19703 #EL #BD 3922 0 19702
19704 #EL #BD 3921 0 19703
19705 #EL #BD 3920 0 19704
#DEF 3919 19651 19705 
3925 #NS 1 toDigits
19706 #EP #BD 4 0 7255
19707 #EP #BD 3920 0 19706
19708 #EC 3919 
19709 #EA 19708 8
19710 #EA 19709 5529
19711 #EA 19710 5
19712 #EA 771 623
19713 #EA 19711 19712
19714 #EL #BD 4 0 19713
19715 #EL #BD 3920 0 19714
#DEF 3925 19707 19715 
3926 #NS 1 repr
19716 #EP #BD 4 0 7278
19717 #EC 3773 
19718 #EC 3925 
19719 #EA 19718 19566
19720 #EA 19719 5
19721 #EA 19717 19720
19722 #EL #BD 4 0 19721
#DEF 3926 19716 19722 
3927 #NS 0 instToStringNat
19723 #EC 3769 0
19724 #EA 19723 0
19725 #EC 3770 0
19726 #EA 19725 0
19727 #EC 3926 
19728 #EA 19727 5
19729 #EL #BD 4 0 19728
19730 #EA 19726 19729
#DEF 3927 19724 19730 
3928 #NS 0 mkPanicMessageWithDecl
3929 #NS 0 modName
3930 #NS 0 declName
3931 #NS 0 line
3932 #NS 0 col
19731 #EP #BD 3750 7278 7278
19732 #EP #BD 3932 0 19731
19733 #EP #BD 3931 0 19732
19734 #EP #BD 3930 7278 19733
19735 #EP #BD 3929 7278 19734
19736 #EC 3768 
19737 #ELS 50 41 4E 49 43 20 61 74 20
19738 #EA 19736 19737
19739 #EA 19738 82
19740 #EA 19736 19739
19741 #ELS 20
19742 #EA 19740 19741
19743 #EA 19736 19742
19744 #EA 19743 121
19745 #EA 19736 19744
19746 #ELS 3A
19747 #EA 19745 19746
19748 #EA 19736 19747
19749 #EC 3772 0
19750 #EA 19749 0
19751 #EC 3927 
19752 #EA 19750 19751
19753 #EA 19752 10
19754 #EA 19748 19753
19755 #EA 19736 19754
19756 #EA 19755 19746
19757 #EA 19736 19756
19758 #EA 19752 8
19759 #EA 19757 19758
19760 #EA 19736 19759
19761 #ELS 3A 20
19762 #EA 19760 19761
19763 #EA 19736 19762
19764 #EA 19763 5
19765 #EL #BD 3750 7278 19764
19766 #EL #BD 3932 0 19765
19767 #EL #BD 3931 0 19766
19768 #EL #BD 3930 7278 19767
19769 #EL #BD 3929 7278 19768
#DEF 3928 19735 19769 
3933 #NS 0 panicWithPosWithDecl
3934 #NS 53 Util
3935 #NI 3934 950093165
3936 #NS 3935 _hygCtx
3937 #NS 3936 _hyg
3938 #NI 3937 3
19770 #EP #BD 3750 7278 698
19771 #EP #BD 3932 0 19770
19772 #EP #BD 3931 0 19771
19773 #EP #BD 3930 7278 19772
19774 #EP #BD 3929 7278 19773
19775 #EP #BC 3938 18896 19774
19776 #EP #BI 7 72 19775
19777 #EC 3751 2
19778 #EA 19777 698
19779 #EA 19778 366
19780 #EC 3928 
19781 #EA 19780 121
19782 #EA 19781 82
19783 #EA 19782 10
19784 #EA 19783 8
19785 #EA 19784 5
19786 #EA 19779 19785
19787 #EL #BD 3750 7278 19786
19788 #EL #BD 3932 0 19787
19789 #EL #BD 3931 0 19788
19790 #EL #BD 3930 7278 19789
19791 #EL #BD 3929 7278 19790
19792 #EL #BC 3938 18896 19791
19793 #EL #BI 7 72 19792
#DEF 3933 19776 19793 8
3939 #NS 5 get!Internal
3940 #NI 3620 3471936409
3941 #NS 3940 _hygCtx
3942 #NS 3941 _hyg
3943 #NI 3942 5
19794 #EC 3612 12
19795 #EA 19794 5
19796 #EP #BD 294 852 166
19797 #EP #BC 3943 19795 19796
19798 #EP #BI 7 131 19797
3944 #NI 3699 3471936409
3945 #NS 3944 _hygCtx
3946 #NS 3945 _hyg
3947 #NI 3946 14
3948 #NI 3946 15
19799 #EA 1132 82
19800 #EP #BD 3948 0 366
19801 #EL #BD 3947 1079 19800
19802 #EA 19799 19801
19803 #EA 19802 8
19804 #EA 1138 121
19805 #EP #BD 3948 0 698
19806 #EL #BD 3947 1083 19805
19807 #EA 19804 19806
19808 #EA 19807 5
19809 #EA 18849 698
3949 #NI 3945 14
3950 #NS 3949 Init
3951 #NS 3950 GetElem
3952 #NI 3951 3471936409
3953 #NS 3952 _hygCtx
3954 #NS 3953 _hyg
3955 #NI 3954 33
3956 #NI 3945 15
3957 #NS 3956 Init
3958 #NS 3957 GetElem
3959 #NI 3958 3471936409
3960 #NS 3959 _hygCtx
3961 #NS 3960 _hyg
3962 #NI 3961 36
3963 #NI 3946 101
19810 #EP #BD 3948 0 939
19811 #EL #BD 3947 1148 19810
19812 #EA 1169 19811
19813 #EA 19812 8
19814 #EP #BD 3963 19813 911
19815 #EL #BD 3962 0 19814
19816 #EL #BD 3955 881 19815
19817 #EA 19809 19816
19818 #EA 19817 10
19819 #EA 19818 5
3964 #NI 3716 3471936409
3965 #NS 3964 _hygCtx
3966 #NS 3965 _hyg
3967 #NI 3966 50
19820 #EA 19812 13219
19821 #EL #BD 3963 19820 10
19822 #EL #BD 3967 1147 19821
19823 #EL #BD 18 698 19822
19824 #EA 19819 19823
3968 #NI 3721 3471936409
3969 #NS 3968 _hygCtx
3970 #NS 3969 _hyg
3971 #NI 3970 68
19825 #EA 1138 911
19826 #EP #BD 3948 0 2536
19827 #EL #BD 3947 1149 19826
19828 #EA 19825 19827
19829 #EA 19828 13254
19830 #EL #BD 3963 19829 950
19831 #EL #BD 4 0 19830
19832 #EL #BD 294 1147 19831
19833 #EL #BD 3971 698 19832
19834 #EA 19824 19833
3972 #NI 3946 81
3973 #NI 3946 80
19835 #EC 3933 12
19836 #EA 19835 911
19837 #EA 19836 910
19838 #ELS 49 6E 69 74 2E 47 65 74 45 6C 65 6D
19839 #EA 19837 19838
19840 #ELS 4C 69 73 74 2E 67 65 74 21 49 6E 74 65 72 6E 61 6C
19841 #EA 19839 19840
19842 #ELN 335
19843 #EA 338 19842
19844 #EA 341 19842
19845 #EA 19843 19844
19846 #EA 19841 19845
19847 #ELN 18
19848 #EA 338 19847
19849 #EA 341 19847
19850 #EA 19848 19849
19851 #EA 19846 19850
19852 #ELS 69 6E 76 61 6C 69 64 20 69 6E 64 65 78
19853 #EA 19851 19852
19854 #EL #BD 3963 19813 19853
19855 #EL #BD 3973 0 19854
19856 #EL #BD 3972 881 19855
19857 #EA 19834 19856
19858 #EA 19857 8
19859 #EL #BD 3948 0 19858
19860 #EL #BD 82 19808 19859
19861 #EL #BD 3947 1079 19860
19862 #EA 19803 19861
19863 #EA 19862 5
19864 #EL #BD 3948 0 19863
19865 #EL #BD 3947 852 19864
19866 #EL #BC 3943 19795 19865
19867 #EL #BI 7 131 19866
#DEF 3939 19798 19867 49
3974 #NS 5 instGetElem?NatLtLength
19868 #EC 3615 11 0 11
19869 #EA 19868 848
19870 #EA 19869 0
19871 #EA 19870 5
19872 #EA 19871 18703
19873 #EP #BI 7 131 19872
19874 #EC 3616 11 0 11
19875 #EA 19874 848
19876 #EA 19875 0
19877 #EA 19876 5
19878 #EA 19877 18703
19879 #EC 3687 11
19880 #EA 19879 5
19881 #EA 19878 19880
19882 #EC 3690 11
19883 #EA 19882 10
19884 #EA 19883 8
19885 #EA 19884 5
19886 #EL #BD 1571 0 19885
19887 #EL #BD 294 848 19886
19888 #EA 19881 19887
3975 #NI 3622 28
3976 #NS 3975 Init
3977 #NS 3976 GetElem
3978 #NI 3977 2768352766
3979 #NS 3978 _hygCtx
3980 #NS 3979 _hyg
3981 #NI 3980 36
19889 #EC 3939 11
19890 #EA 19889 82
19891 #EA 19890 10
19892 #EA 19891 8
19893 #EA 19892 5
19894 #EL #BD 1571 0 19893
19895 #EL #BD 294 852 19894
19896 #EL #BC 3981 19795 19895
19897 #EA 19888 19896
19898 #EL #BI 7 131 19897
#DEF 3974 19873 19898 49
3982 #NS 3192 bodies
19899 #EP #BD 24 15771 15770
19900 #EJ 3192 2 5
19901 #EL #BD 24 15771 19900
#DEF 3982 19899 19901 
3983 #NS 1624 idx
19902 #EP #BD 24 7300 0
19903 #EJ 1624 1 5
19904 #EL #BD 24 7300 19903
#DEF 3983 19902 19904 
3984 #NS 3166 getD
3985 #NS 3984 match_1
3986 #NS 0 opt
3987 #NS 3986 _@
3988 #NS 3987 Init
3989 #NS 3988 Prelude
3990 #NI 3989 3502629364
3991 #NS 3990 _hygCtx
3992 #NS 3991 _hyg
3993 #NI 3992 11
19905 #EA 18834 5
19906 #EP #BD 3993 19905 849
19907 #EA 18834 8
19908 #EA 18864 82
19909 #EA 19908 5
19910 #EA 10 19909
19911 #EP #BD 86 10 19910
19912 #EA 18881 121
19913 #EA 82 19912
19914 #EP #BD 0 333 19913
19915 #EP #BD 113 19914 316
19916 #EP #BD 112 19911 19915
19917 #EP #BD 3993 19907 19916
19918 #EP #BD 75 19906 19917
19919 #EP #BI 7 131 19918
19920 #EC 3546 13 11
19921 #EA 19920 121
19922 #EL #BD 86 18839 324
19923 #EA 19921 19922
19924 #EA 19923 10
19925 #EA 19924 1596
19926 #EA 19925 8375
19927 #EL #BD 113 19914 19926
19928 #EL #BD 112 19911 19927
19929 #EL #BD 3993 19907 19928
19930 #EL #BD 75 19906 19929
19931 #EL #BI 7 131 19930
#DEF 3985 19919 19931 49 50
3994 #NS 3166 map
19932 #EC 3166 13
19933 #EA 19932 10
19934 #EP #BD 22 18835 19933
19935 #EP #BD 82 1269 19934
19936 #EP #BI 38 132 19935
19937 #EP #BI 7 131 19936
3995 #NI 89 3880878766
3996 #NS 3995 _hygCtx
3997 #NS 3996 _hyg
3998 #NI 3997 15
19938 #EC 3985 11 14
19939 #EA 19938 82
3999 #NI 3996 15
4000 #NS 3999 Init
4001 #NS 4000 Prelude
4002 #NI 4001 3880878766
4003 #NS 4002 _hygCtx
4004 #NS 4003 _hyg
4005 #NI 4004 26
19940 #EA 18834 82
19941 #EA 19932 82
19942 #EL #BD 4005 19940 19941
19943 #EA 19939 19942
19944 #EA 19943 5
19945 #EC 3168 13
19946 #EA 19945 82
19947 #EA 19946 1386
19948 #EL #BD 86 82 19947
19949 #EA 19944 19948
19950 #EC 3167 13
19951 #EA 19950 82
19952 #EL #BD 173 333 19951
19953 #EA 19949 19952
19954 #EL #BD 3998 18835 19953
19955 #EL #BD 82 1269 19954
19956 #EL #BI 38 132 19955
19957 #EL #BI 7 131 19956
#DEF 3994 19937 19957 49 50
4006 #NS 3192 npars
19958 #EP #BD 24 15771 0
19959 #EJ 3192 1 5
19960 #EL #BD 24 15771 19959
#DEF 4006 19958 19960 
4007 #NS 3181 nargs
19961 #EP #BD 24 15757 0
19962 #EJ 3181 1 5
19963 #EL #BD 24 15757 19962
#DEF 4007 19961 19963 
4008 #NS 3186 ctors
19964 #EP #BD 24 15764 15762
19965 #EJ 3186 3 5
19966 #EL #BD 24 15764 19965
#DEF 4008 19964 19966 
4009 #NS 3555 constructorArity
4010 #NS 0 Γ
4011 #NS 0 iid
19967 #EA 15751 0
19968 #EP #BD 318 0 19967
19969 #EP #BD 4011 7300 19968
19970 #EP #BD 4010 15810 19969
19971 #EC 3574 1
4012 #NI 3575 2903596956
4013 #NS 4012 _hygCtx
4014 #NS 4013 _hyg
4015 #NI 4014 16
19972 #EL #BD 4015 15864 19967
19973 #EA 19971 19972
19974 #EC 3203 
19975 #EA 19974 10
19976 #EC 3602 
19977 #EA 19976 8
19978 #EA 19975 19977
19979 #EA 19973 19978
19980 #EC 3603 1
4016 #NI 4014 36
19981 #EL #BD 4016 18296 19967
19982 #EA 19980 19981
19983 #EC 3625 0 0 0
19984 #EA 19983 15770
19985 #EA 19984 0
19986 #EA 19985 15764
19987 #EA 17438 15764
19988 #EA 19987 8
19989 #EA 64 19988
19990 #EL #BD 1571 0 19989
19991 #EL #BD 294 15770 19990
19992 #EA 19986 19991
19993 #EC 3974 0
19994 #EA 19993 15764
19995 #EA 19992 19994
19996 #EC 3982 
19997 #EA 19996 5
19998 #EA 19995 19997
19999 #EC 3983 
20000 #EA 19999 10
20001 #EA 19998 20000
20002 #EA 19982 20001
20003 #EC 3994 0 0
20004 #EA 20003 15757
20005 #EA 20004 0
4017 #NS 0 cb
20006 #EC 4006 
20007 #EA 20006 10
20008 #EA 3092 20007
20009 #EC 4007 
20010 #EA 20009 5
20011 #EA 20008 20010
20012 #EL #BD 4017 15757 20011
20013 #EA 20005 20012
20014 #EA 19983 15762
20015 #EA 20014 0
20016 #EA 20015 15757
20017 #EA 17438 15757
20018 #EA 20017 8
20019 #EA 64 20018
20020 #EL #BD 1571 0 20019
20021 #EL #BD 294 15762 20020
20022 #EA 20016 20021
20023 #EA 19993 15757
20024 #EA 20022 20023
20025 #EC 4008 
20026 #EA 20025 5
20027 #EA 20024 20026
20028 #EA 20027 10
20029 #EA 20013 20028
20030 #EL #BD 3605 15764 20029
20031 #EA 20002 20030
20032 #EA 15883 0
20033 #EL #BD 173 333 20032
20034 #EA 20031 20033
20035 #EL #BD 1638 15771 20034
20036 #EA 19979 20035
4018 #NI 4014 72
20037 #EL #BD 4018 15864 20032
20038 #EA 20036 20037
20039 #EL #BD 318 0 20038
20040 #EL #BD 4011 7300 20039
20041 #EL #BD 4010 15810 20040
#DEF 4009 19970 20041 
4019 #NS 3186 propositional
20042 #EP #BD 24 15764 1446
20043 #EJ 3186 1 5
20044 #EL #BD 24 15764 20043
#DEF 4019 20042 20044 
20045 #EP #BD 4011 7300 1446
20046 #EP #BD 4010 15810 20045
20047 #EL #BD 3579 15864 1446
20048 #EA 19971 20047
20049 #EA 19974 8
20050 #EA 19976 5
20051 #EA 20049 20050
20052 #EA 20048 20051
20053 #EL #BD 3604 18296 1446
20054 #EA 19980 20053
20055 #EA 19999 8
20056 #EA 19998 20055
20057 #EA 20054 20056
20058 #EC 4019 
20059 #EA 20058 5
20060 #EL #BD 3605 15764 20059
20061 #EA 20057 20060
20062 #EA 20061 7429
20063 #EL #BD 1638 15771 20062
20064 #EA 20052 20063
20065 #EL #BD 3580 15864 1509
20066 #EA 20064 20065
20067 #EL #BD 4011 7300 20066
20068 #EL #BD 4010 15810 20067
#DEF 3556 20046 20068 
4020 #NS 3555 WcbvFlags
4021 #NS 4020 mk
4022 #NS 0 with_prop_case
4023 #NS 0 with_guarded_fix
4024 #NS 0 with_constructor_as_block
20069 #EC 4020 
20070 #EP #BD 4024 1446 20069
20071 #EP #BD 4023 1446 20070
20072 #EP #BD 4022 1446 20071
#IND 0 4020 2 1 4021 20072 
4025 #NS 0 cond
4026 #NS 4025 match_1
4027 #NS 318 _@
4028 #NS 4027 Init
4029 #NS 4028 Prelude
4030 #NI 4029 3301329888
4031 #NS 4030 _hygCtx
4032 #NS 4031 _hyg
4033 #NI 4032 10
20073 #EP #BD 0 333 1537
20074 #EP #BD 0 333 1553
20075 #EP #BD 113 20074 316
20076 #EP #BD 112 20073 20075
20077 #EP #BD 4033 1446 20076
20078 #EP #BD 75 1551 20077
20079 #EA 7416 1596
20080 #EA 20079 354
20081 #EL #BD 113 20074 20080
20082 #EL #BD 112 20073 20081
20083 #EL #BD 4033 1446 20082
20084 #EL #BD 75 1551 20083
#DEF 4026 20078 20084 49
4034 #NS 428 not
4035 #NI 89 2709464109
4036 #NS 4035 _hygCtx
4037 #NS 4036 _hyg
4038 #NI 4037 5
20085 #EC 4026 1
20086 #EA 20085 7426
20087 #EA 20086 5
20088 #EA 20087 7429
20089 #EL #BD 173 333 1504
20090 #EA 20088 20089
20091 #EL #BD 4038 1446 20090
#DEF 4034 7423 20091 
4039 #NS 428 or
20092 #EA 20086 8
20093 #EA 20092 20089
20094 #EA 20093 7431
20095 #EL #BD 1021 1446 20094
20096 #EL #BD 86 1446 20095
#DEF 4039 7424 20096 
4040 #NS 1674 ctorIdx
4041 #NI 1651 2928176710
4042 #NS 4041 _hygCtx
4043 #NS 4042 _hyg
4044 #NI 4043 76
20097 #EP #BD 4044 7378 0
20098 #EC 3288 1
20099 #EL #BD 86 7378 0
20100 #EA 20098 20099
20101 #EA 20100 5
20102 #EA 20101 339
20103 #EA 20102 3874
20104 #EL #BD 22 7286 513
20105 #EA 20103 20104
20106 #EL #BD 22 7378 19490
20107 #EL #BD 22 7288 20106
20108 #EA 20105 20107
20109 #EL #BD 22 7378 19501
20110 #EL #BD 22 7378 20109
20111 #EL #BD 22 7288 20110
20112 #EA 20108 20111
20113 #EL #BD 22 7378 19512
20114 #EL #BD 22 7378 20113
20115 #EA 20112 20114
20116 #EL #BD 22 7297 19523
20117 #EA 20115 20116
20118 #EL #BD 22 7386 19534
20119 #EL #BD 22 0 20118
20120 #EL #BD 22 7300 20119
20121 #EA 20117 20120
20122 #EL #BD 22 7396 524
20123 #EL #BD 22 7378 20122
20124 #EL #BD 22 7392 20123
20125 #EA 20121 20124
20126 #EL #BD 22 7378 19552
20127 #EL #BD 22 7310 20126
20128 #EA 20125 20127
20129 #EL #BD 22 0 19563
20130 #EL #BD 22 7402 20129
20131 #EA 20128 20130
20132 #EL #BD 22 7404 19574
20133 #EA 20131 20132
20134 #EL #BD 86 7378 20133
#DEF 4040 20097 20134 
4045 #NS 3555 isLambda
4046 #NS 4045 _sparseCasesOn_1
20135 #EA 82 16941
20136 #EP #BD 22 7378 20135
20137 #EP #BD 22 7288 20136
4047 #NS 2681 Values
4048 #NI 4047 1323463732
4049 #NS 4048 _hygCtx
4050 #NS 4049 _hyg
4051 #NI 4050 37
20138 #EA 13045 524
20139 #EC 4040 
20140 #EA 20139 8
20141 #EA 20138 20140
20142 #EP #BD 188 20141 316
20143 #EP #BD 4051 20142 316
20144 #EP #BD 3292 20137 20143
20145 #EP #BD 76 7378 20144
20146 #EP #BI 3261 15918 20145
20147 #EA 20139 5
20148 #EA 20138 20147
20149 #EP #BD 188 20148 257
20150 #EP #BD 4051 20149 257
20151 #EL #BD 76 7378 20150
20152 #EA 16998 20151
20153 #EA 20152 17000
20154 #EA 20153 17002
20155 #EA 20154 17004
20156 #EA 20155 17006
20157 #EA 20156 17008
20158 #EA 20139 16418
20159 #EA 20138 20158
20160 #EA 82 16418
20161 #EP #BD 188 20159 20160
20162 #EA 13026 524
20163 #EA 20162 339
20164 #EA 13025 20163
20165 #EA 8325 20164
20166 #EA 20165 477
20167 #EA 20166 13082
20168 #EA 5 20167
20169 #EL #BD 4051 20161 20168
20170 #EA 20157 20169
20171 #EA 20139 16428
20172 #EA 20138 20171
20173 #EA 121 17378
20174 #EP #BD 188 20172 20173
20175 #EA 20162 474
20176 #EA 13025 20175
20177 #EA 8325 20176
20178 #EA 20177 477
20179 #EA 20178 13082
20180 #EA 5 20179
20181 #EL #BD 4051 20174 20180
20182 #EL #BD 22 0 20181
20183 #EA 20170 20182
20184 #EA 20139 16439
20185 #EA 20138 20184
20186 #EA 121 17454
20187 #EP #BD 188 20185 20186
20188 #EA 20162 513
20189 #EA 13025 20188
20190 #EA 8325 20189
20191 #EA 20190 477
20192 #EA 20191 13082
20193 #EA 5 20192
20194 #EL #BD 4051 20187 20193
20195 #EL #BD 22 7286 20194
20196 #EA 20183 20195
20197 #EP #BD 188 20148 367
20198 #EP #BD 4051 20197 367
20199 #EA 20139 16461
20200 #EA 20138 20199
20201 #EA 16459 82
20202 #EA 20201 10
20203 #EA 698 20202
20204 #EP #BD 188 20200 20203
20205 #EL #BD 4051 20204 372
20206 #EL #BD 649 20198 20205
20207 #EL #BD 22 7378 20206
20208 #EL #BD 22 7288 20207
20209 #EA 20196 20208
20210 #EP #BD 188 20141 1314
20211 #EP #BD 4051 20210 1314
20212 #EP #BD 188 20141 4083
20213 #EP #BD 4051 20212 4083
20214 #EA 20139 16494
20215 #EA 20138 20214
20216 #EA 16491 366
20217 #EA 20216 121
20218 #EA 20217 82
20219 #EA 910 20218
20220 #EP #BD 188 20215 20219
20221 #EA 20162 19501
20222 #EA 13025 20221
20223 #EA 8325 20222
20224 #EA 20223 477
20225 #EA 20224 13082
20226 #EA 5 20225
20227 #EL #BD 4051 20220 20226
20228 #EL #BD 649 20213 20227
20229 #EL #BD 649 20211 20228
20230 #EL #BD 22 7378 20229
20231 #EL #BD 22 7378 20230
20232 #EL #BD 22 7288 20231
20233 #EA 20209 20232
20234 #EP #BD 188 20141 2236
20235 #EP #BD 4051 20234 2236
20236 #EA 20139 16533
20237 #EA 20138 20236
20238 #EA 16531 121
20239 #EA 20238 82
20240 #EA 860 20239
20241 #EP #BD 188 20237 20240
20242 #EA 20162 19512
20243 #EA 13025 20242
20244 #EA 8325 20243
20245 #EA 20244 477
20246 #EA 20245 13082
20247 #EA 5 20246
20248 #EL #BD 4051 20241 20247
20249 #EL #BD 649 20211 20248
20250 #EL #BD 649 20235 20249
20251 #EL #BD 22 7378 20250
20252 #EL #BD 22 7378 20251
20253 #EA 20233 20252
20254 #EA 20139 16560
20255 #EA 20138 20254
20256 #EA 121 17459
20257 #EP #BD 188 20255 20256
20258 #EA 20162 19523
20259 #EA 13025 20258
20260 #EA 8325 20259
20261 #EA 20260 477
20262 #EA 20261 13082
20263 #EA 5 20262
20264 #EL #BD 4051 20257 20263
20265 #EL #BD 22 7297 20264
20266 #EA 20253 20265
20267 #EA 20139 16581
20268 #EA 20138 20267
20269 #EA 16578 121
20270 #EA 20269 82
20271 #EA 20270 10
20272 #EA 860 20271
20273 #EP #BD 188 20268 20272
20274 #EA 20162 19534
20275 #EA 13025 20274
20276 #EA 8325 20275
20277 #EA 20276 477
20278 #EA 20277 13082
20279 #EA 5 20278
20280 #EL #BD 4051 20273 20279
20281 #EL #BD 649 193 20280
20282 #EL #BD 22 7386 20281
20283 #EL #BD 22 0 20282
20284 #EL #BD 22 7300 20283
20285 #EA 20266 20284
20286 #EA 20139 16613
20287 #EA 20138 20286
20288 #EA 16610 366
20289 #EA 20288 121
20290 #EA 20289 82
20291 #EA 910 20290
20292 #EP #BD 188 20287 20291
20293 #EA 20162 524
20294 #EA 13025 20293
20295 #EA 8325 20294
20296 #EA 20295 477
20297 #EA 20296 13082
20298 #EA 5 20297
20299 #EL #BD 4051 20292 20298
20300 #EL #BD 649 193 20299
20301 #EL #BD 649 20211 20300
20302 #EL #BD 22 7396 20301
20303 #EL #BD 22 7378 20302
20304 #EL #BD 22 7392 20303
20305 #EA 20285 20304
20306 #EA 20139 16642
20307 #EA 20138 20306
20308 #EA 16640 82
20309 #EA 20308 10
20310 #EA 698 20309
20311 #EP #BD 188 20307 20310
20312 #EA 20162 19552
20313 #EA 13025 20312
20314 #EA 8325 20313
20315 #EA 20314 477
20316 #EA 20315 13082
20317 #EA 5 20316
20318 #EL #BD 4051 20311 20317
20319 #EL #BD 649 20198 20318
20320 #EL #BD 22 7378 20319
20321 #EL #BD 22 7310 20320
20322 #EA 20305 20321
20323 #EA 20139 16665
20324 #EA 20138 20323
20325 #EA 16663 82
20326 #EA 20325 10
20327 #EA 698 20326
20328 #EP #BD 188 20324 20327
20329 #EA 20162 19563
20330 #EA 13025 20329
20331 #EA 8325 20330
20332 #EA 20331 477
20333 #EA 20332 13082
20334 #EA 5 20333
20335 #EL #BD 4051 20328 20334
20336 #EL #BD 649 193 20335
20337 #EL #BD 22 0 20336
20338 #EL #BD 22 7402 20337
20339 #EA 20322 20338
20340 #EA 20139 16687
20341 #EA 20138 20340
20342 #EA 121 17464
20343 #EP #BD 188 20341 20342
20344 #EA 20162 19574
20345 #EA 13025 20344
20346 #EA 8325 20345
20347 #EA 20346 477
20348 #EA 20347 13082
20349 #EA 5 20348
20350 #EL #BD 4051 20343 20349
20351 #EL #BD 22 7404 20350
20352 #EA 20339 20351
20353 #EA 20352 17062
20354 #EL #BD 3268 20235 17064
20355 #EL #BD 11 7386 20354
20356 #EL #BD 10 7378 20355
20357 #EA 20353 20356
20358 #EA 20357 17062
20359 #EA 20358 17072
20360 #EA 20359 17062
20361 #EA 20360 17076
20362 #EL #BD 3287 20198 17062
20363 #EL #BD 73 7378 20362
20364 #EL #BD 72 7393 20363
20365 #EA 20361 20364
20366 #EL #BD 3269 20211 17062
20367 #EL #BD 1639 0 20366
20368 #EL #BD 1638 7378 20367
20369 #EL #BD 1610 7288 20368
20370 #EA 20365 20369
20371 #EA 20370 8
20372 #EL #BD 3292 20137 20371
20373 #EL #BD 76 7378 20372
20374 #EL #BI 3261 15918 20373
#DEF 4046 20146 20374 8
4052 #NS 4045 match_1
4053 #NS 2690 Values
4054 #NI 4053 1323463732
4055 #NS 4054 _hygCtx
4056 #NI 4055 5
4057 #NS 4056 LeanToLambdaBox
4058 #NS 4057 Semantics
4059 #NS 4058 Values
4060 #NI 4059 1323463732
4061 #NS 4060 _hygCtx
4062 #NS 4061 _hyg
4063 #NI 4062 16
4064 #NS 4055 _hyg
4065 #NI 4064 32
20375 #EP #BD 4065 7378 237
20376 #EP #BD 113 20375 316
20377 #EP #BD 112 20137 20376
20378 #EP #BD 4063 7378 20377
20379 #EP #BD 75 17102 20378
20380 #EC 4046 11
20381 #EL #BD 86 7378 324
20382 #EA 20380 20381
20383 #EA 20382 10
4066 #NS 3327 Values
4067 #NI 4066 1323463732
4068 #NS 4067 _hygCtx
4069 #NS 4068 _hyg
4070 #NI 4069 38
4071 #NI 4069 39
20384 #EL #BD 4071 7378 5673
20385 #EL #BD 4070 7288 20384
20386 #EA 20383 20385
4072 #NS 2728 Values
4073 #NI 4072 1323463732
4074 #NS 4073 _hygCtx
4075 #NS 4074 _hyg
4076 #NI 4075 40
20387 #EA 20139 10
20388 #EA 20138 20387
20389 #EL #BD 4076 20388 383
20390 #EA 20386 20389
20391 #EL #BD 113 20375 20390
20392 #EL #BD 112 20137 20391
20393 #EL #BD 4063 7378 20392
20394 #EL #BD 75 17102 20393
#DEF 4052 20379 20394 49
20395 #EP #BD 22 7378 1446
4077 #NI 4064 5
20396 #EC 4052 1
20397 #EL #BD 4063 7378 1446
20398 #EA 20396 20397
20399 #EA 20398 5
4078 #NI 4069 25
4079 #NI 4069 26
20400 #EL #BD 4079 7378 1504
20401 #EL #BD 4078 7288 20400
20402 #EA 20399 20401
20403 #EL #BD 4065 7378 1509
20404 #EA 20402 20403
20405 #EL #BD 4077 7378 20404
#DEF 4045 20395 20405 
4080 #NS 4020 with_guarded_fix
20406 #EP #BD 24 20069 1446
20407 #EJ 4020 1 5
20408 #EL #BD 24 20069 20407
#DEF 4080 20406 20408 
4081 #NS 3555 isFix
4082 #NS 4081 _sparseCasesOn_1
20409 #EA 82 16979
20410 #EP #BD 22 0 20409
20411 #EP #BD 22 7402 20410
4083 #NI 4047 978816513
4084 #NS 4083 _hygCtx
4085 #NS 4084 _hyg
4086 #NI 4085 37
20412 #ELN 1024
20413 #EA 13045 20412
20414 #EA 20413 20140
20415 #EP #BD 188 20414 316
20416 #EP #BD 4086 20415 316
20417 #EP #BD 3299 20411 20416
20418 #EP #BD 76 7378 20417
20419 #EP #BI 3261 15918 20418
20420 #EA 20413 20147
20421 #EP #BD 188 20420 257
20422 #EP #BD 4086 20421 257
20423 #EL #BD 76 7378 20422
20424 #EA 16998 20423
20425 #EA 20424 17000
20426 #EA 20425 17002
20427 #EA 20426 17004
20428 #EA 20427 17006
20429 #EA 20428 17008
20430 #EA 20413 20158
20431 #EP #BD 188 20430 20160
20432 #EA 13026 20412
20433 #EA 20432 339
20434 #EA 13025 20433
20435 #EA 8325 20434
20436 #EA 20435 477
20437 #EA 20436 13082
20438 #EA 5 20437
20439 #EL #BD 4086 20431 20438
20440 #EA 20429 20439
20441 #EA 20413 20171
20442 #EP #BD 188 20441 20173
20443 #EA 20432 474
20444 #EA 13025 20443
20445 #EA 8325 20444
20446 #EA 20445 477
20447 #EA 20446 13082
20448 #EA 5 20447
20449 #EL #BD 4086 20442 20448
20450 #EL #BD 22 0 20449
20451 #EA 20440 20450
20452 #EA 20413 20184
20453 #EP #BD 188 20452 20186
20454 #EA 20432 513
20455 #EA 13025 20454
20456 #EA 8325 20455
20457 #EA 20456 477
20458 #EA 20457 13082
20459 #EA 5 20458
20460 #EL #BD 4086 20453 20459
20461 #EL #BD 22 7286 20460
20462 #EA 20451 20461
20463 #EP #BD 188 20420 367
20464 #EP #BD 4086 20463 367
20465 #EA 20413 20199
20466 #EP #BD 188 20465 20203
20467 #EA 20432 19490
20468 #EA 13025 20467
20469 #EA 8325 20468
20470 #EA 20469 477
20471 #EA 20470 13082
20472 #EA 5 20471
20473 #EL #BD 4086 20466 20472
20474 #EL #BD 649 20464 20473
20475 #EL #BD 22 7378 20474
20476 #EL #BD 22 7288 20475
20477 #EA 20462 20476
20478 #EP #BD 188 20414 1314
20479 #EP #BD 4086 20478 1314
20480 #EP #BD 188 20414 4083
20481 #EP #BD 4086 20480 4083
20482 #EA 20413 20214
20483 #EP #BD 188 20482 20219
20484 #EA 20432 19501
20485 #EA 13025 20484
20486 #EA 8325 20485
20487 #EA 20486 477
20488 #EA 20487 13082
20489 #EA 5 20488
20490 #EL #BD 4086 20483 20489
20491 #EL #BD 649 20481 20490
20492 #EL #BD 649 20479 20491
20493 #EL #BD 22 7378 20492
20494 #EL #BD 22 7378 20493
20495 #EL #BD 22 7288 20494
20496 #EA 20477 20495
20497 #EP #BD 188 20414 2236
20498 #EP #BD 4086 20497 2236
20499 #EA 20413 20236
20500 #EP #BD 188 20499 20240
20501 #EA 20432 19512
20502 #EA 13025 20501
20503 #EA 8325 20502
20504 #EA 20503 477
20505 #EA 20504 13082
20506 #EA 5 20505
20507 #EL #BD 4086 20500 20506
20508 #EL #BD 649 20479 20507
20509 #EL #BD 649 20498 20508
20510 #EL #BD 22 7378 20509
20511 #EL #BD 22 7378 20510
20512 #EA 20496 20511
20513 #EA 20413 20254
20514 #EP #BD 188 20513 20256
20515 #EA 20432 19523
20516 #EA 13025 20515
20517 #EA 8325 20516
20518 #EA 20517 477
20519 #EA 20518 13082
20520 #EA 5 20519
20521 #EL #BD 4086 20514 20520
20522 #EL #BD 22 7297 20521
20523 #EA 20512 20522
20524 #EA 20413 20267
20525 #EP #BD 188 20524 20272
20526 #EA 20432 19534
20527 #EA 13025 20526
20528 #EA 8325 20527
20529 #EA 20528 477
20530 #EA 20529 13082
20531 #EA 5 20530
20532 #EL #BD 4086 20525 20531
20533 #EL #BD 649 193 20532
20534 #EL #BD 22 7386 20533
20535 #EL #BD 22 0 20534
20536 #EL #BD 22 7300 20535
20537 #EA 20523 20536
20538 #EA 20413 20286
20539 #EP #BD 188 20538 20291
20540 #EA 20432 524
20541 #EA 13025 20540
20542 #EA 8325 20541
20543 #EA 20542 477
20544 #EA 20543 13082
20545 #EA 5 20544
20546 #EL #BD 4086 20539 20545
20547 #EL #BD 649 193 20546
20548 #EL #BD 649 20479 20547
20549 #EL #BD 22 7396 20548
20550 #EL #BD 22 7378 20549
20551 #EL #BD 22 7392 20550
20552 #EA 20537 20551
20553 #EA 20413 20306
20554 #EP #BD 188 20553 20310
20555 #EA 20432 19552
20556 #EA 13025 20555
20557 #EA 8325 20556
20558 #EA 20557 477
20559 #EA 20558 13082
20560 #EA 5 20559
20561 #EL #BD 4086 20554 20560
20562 #EL #BD 649 20464 20561
20563 #EL #BD 22 7378 20562
20564 #EL #BD 22 7310 20563
20565 #EA 20552 20564
20566 #EA 20413 20323
20567 #EP #BD 188 20566 20327
20568 #EL #BD 4086 20567 372
20569 #EL #BD 649 193 20568
20570 #EL #BD 22 0 20569
20571 #EL #BD 22 7402 20570
20572 #EA 20565 20571
20573 #EA 20413 20340
20574 #EP #BD 188 20573 20342
20575 #EA 20432 19574
20576 #EA 13025 20575
20577 #EA 8325 20576
20578 #EA 20577 477
20579 #EA 20578 13082
20580 #EA 5 20579
20581 #EL #BD 4086 20574 20580
20582 #EL #BD 22 7404 20581
20583 #EA 20572 20582
20584 #EA 20583 17062
20585 #EL #BD 3268 20498 17064
20586 #EL #BD 11 7386 20585
20587 #EL #BD 10 7378 20586
20588 #EA 20584 20587
20589 #EA 20588 17062
20590 #EA 20589 17072
20591 #EA 20590 17062
20592 #EA 20591 17076
20593 #EL #BD 3287 20464 17062
20594 #EL #BD 73 7378 20593
20595 #EL #BD 72 7393 20594
20596 #EA 20592 20595
20597 #EL #BD 3269 20479 17062
20598 #EL #BD 1639 0 20597
20599 #EL #BD 1638 7378 20598
20600 #EL #BD 1610 7288 20599
20601 #EA 20596 20600
20602 #EA 20601 8
20603 #EL #BD 3299 20411 20602
20604 #EL #BD 76 7378 20603
20605 #EL #BI 3261 15918 20604
#DEF 4082 20419 20605 8
4087 #NS 4081 match_1
4088 #NI 4053 978816513
4089 #NS 4088 _hygCtx
4090 #NI 4089 5
4091 #NS 4090 LeanToLambdaBox
4092 #NS 4091 Semantics
4093 #NS 4092 Values
4094 #NI 4093 978816513
4095 #NS 4094 _hygCtx
4096 #NS 4095 _hyg
4097 #NI 4096 16
20606 #EP #BD 112 20411 20376
20607 #EP #BD 4097 7378 20606
20608 #EP #BD 75 17102 20607
20609 #EC 4082 11
20610 #EA 20609 20381
20611 #EA 20610 10
4098 #NI 4066 978816513
4099 #NS 4098 _hygCtx
4100 #NS 4099 _hyg
4101 #NI 4100 38
4102 #NI 4100 39
20612 #EL #BD 4102 0 5673
20613 #EL #BD 4101 7402 20612
20614 #EA 20611 20613
4103 #NI 4072 978816513
4104 #NS 4103 _hygCtx
4105 #NS 4104 _hyg
4106 #NI 4105 40
20615 #EA 20413 20387
20616 #EL #BD 4106 20615 383
20617 #EA 20614 20616
20618 #EL #BD 113 20375 20617
20619 #EL #BD 112 20411 20618
20620 #EL #BD 4097 7378 20619
20621 #EL #BD 75 17102 20620
#DEF 4087 20608 20621 49
4107 #NS 4089 _hyg
4108 #NI 4107 5
20622 #EC 4087 1
20623 #EA 20622 20397
20624 #EA 20623 5
4109 #NI 4100 25
4110 #NI 4100 26
20625 #EL #BD 4110 0 1504
20626 #EL #BD 4109 7402 20625
20627 #EA 20624 20626
20628 #EA 20627 20403
20629 #EL #BD 4108 7378 20628
#DEF 4081 20395 20629 
4111 #NS 1674 spineHead
4112 #NS 4111 _sparseCasesOn_1
20630 #EA 82 16953
20631 #EP #BD 22 7378 20630
20632 #EP #BD 22 7378 20631
4113 #NI 2682 1205956288
4114 #NS 4113 _hygCtx
4115 #NS 4114 _hyg
4116 #NI 4115 34
20633 #EA 13045 535
20634 #EA 20633 20140
20635 #EP #BD 188 20634 316
20636 #EP #BD 4116 20635 316
20637 #EP #BD 3294 20632 20636
20638 #EP #BD 76 7378 20637
20639 #EP #BI 3261 15918 20638
20640 #EA 20633 20147
20641 #EP #BD 188 20640 257
20642 #EP #BD 4116 20641 257
20643 #EL #BD 76 7378 20642
20644 #EA 16998 20643
20645 #EA 20644 17000
20646 #EA 20645 17002
20647 #EA 20646 17004
20648 #EA 20647 17006
20649 #EA 20648 17008
20650 #EA 20633 20158
20651 #EP #BD 188 20650 20160
20652 #EA 13026 535
20653 #EA 20652 339
20654 #EA 13025 20653
20655 #EA 8325 20654
20656 #EA 20655 477
20657 #EA 20656 13082
20658 #EA 5 20657
20659 #EL #BD 4116 20651 20658
20660 #EA 20649 20659
20661 #EA 20633 20171
20662 #EP #BD 188 20661 20173
20663 #EA 20652 474
20664 #EA 13025 20663
20665 #EA 8325 20664
20666 #EA 20665 477
20667 #EA 20666 13082
20668 #EA 5 20667
20669 #EL #BD 4116 20662 20668
20670 #EL #BD 22 0 20669
20671 #EA 20660 20670
20672 #EA 20633 20184
20673 #EP #BD 188 20672 20186
20674 #EA 20652 513
20675 #EA 13025 20674
20676 #EA 8325 20675
20677 #EA 20676 477
20678 #EA 20677 13082
20679 #EA 5 20678
20680 #EL #BD 4116 20673 20679
20681 #EL #BD 22 7286 20680
20682 #EA 20671 20681
20683 #EP #BD 188 20640 367
20684 #EP #BD 4116 20683 367
20685 #EA 20633 20199
20686 #EP #BD 188 20685 20203
20687 #EA 20652 19490
20688 #EA 13025 20687
20689 #EA 8325 20688
20690 #EA 20689 477
20691 #EA 20690 13082
20692 #EA 5 20691
20693 #EL #BD 4116 20686 20692
20694 #EL #BD 649 20684 20693
20695 #EL #BD 22 7378 20694
20696 #EL #BD 22 7288 20695
20697 #EA 20682 20696
20698 #EP #BD 188 20634 1314
20699 #EP #BD 4116 20698 1314
20700 #EP #BD 188 20634 4083
20701 #EP #BD 4116 20700 4083
20702 #EA 20633 20214
20703 #EP #BD 188 20702 20219
20704 #EA 20652 19501
20705 #EA 13025 20704
20706 #EA 8325 20705
20707 #EA 20706 477
20708 #EA 20707 13082
20709 #EA 5 20708
20710 #EL #BD 4116 20703 20709
20711 #EL #BD 649 20701 20710
20712 #EL #BD 649 20699 20711
20713 #EL #BD 22 7378 20712
20714 #EL #BD 22 7378 20713
20715 #EL #BD 22 7288 20714
20716 #EA 20697 20715
20717 #EP #BD 188 20634 2236
20718 #EP #BD 4116 20717 2236
20719 #EA 20633 20236
20720 #EP #BD 188 20719 20240
20721 #EL #BD 4116 20720 1457
20722 #EL #BD 649 20699 20721
20723 #EL #BD 649 20718 20722
20724 #EL #BD 22 7378 20723
20725 #EL #BD 22 7378 20724
20726 #EA 20716 20725
20727 #EA 20633 20254
20728 #EP #BD 188 20727 20256
20729 #EA 20652 19523
20730 #EA 13025 20729
20731 #EA 8325 20730
20732 #EA 20731 477
20733 #EA 20732 13082
20734 #EA 5 20733
20735 #EL #BD 4116 20728 20734
20736 #EL #BD 22 7297 20735
20737 #EA 20726 20736
20738 #EA 20633 20267
20739 #EP #BD 188 20738 20272
20740 #EA 20652 19534
20741 #EA 13025 20740
20742 #EA 8325 20741
20743 #EA 20742 477
20744 #EA 20743 13082
20745 #EA 5 20744
20746 #EL #BD 4116 20739 20745
20747 #EL #BD 649 193 20746
20748 #EL #BD 22 7386 20747
20749 #EL #BD 22 0 20748
20750 #EL #BD 22 7300 20749
20751 #EA 20737 20750
20752 #EA 20633 20286
20753 #EP #BD 188 20752 20291
20754 #EA 20652 524
20755 #EA 13025 20754
20756 #EA 8325 20755
20757 #EA 20756 477
20758 #EA 20757 13082
20759 #EA 5 20758
20760 #EL #BD 4116 20753 20759
20761 #EL #BD 649 193 20760
20762 #EL #BD 649 20699 20761
20763 #EL #BD 22 7396 20762
20764 #EL #BD 22 7378 20763
20765 #EL #BD 22 7392 20764
20766 #EA 20751 20765
20767 #EA 20633 20306
20768 #EP #BD 188 20767 20310
20769 #EA 20652 19552
20770 #EA 13025 20769
20771 #EA 8325 20770
20772 #EA 20771 477
20773 #EA 20772 13082
20774 #EA 5 20773
20775 #EL #BD 4116 20768 20774
20776 #EL #BD 649 20684 20775
20777 #EL #BD 22 7378 20776
20778 #EL #BD 22 7310 20777
20779 #EA 20766 20778
20780 #EA 20633 20323
20781 #EP #BD 188 20780 20327
20782 #EA 20652 19563
20783 #EA 13025 20782
20784 #EA 8325 20783
20785 #EA 20784 477
20786 #EA 20785 13082
20787 #EA 5 20786
20788 #EL #BD 4116 20781 20787
20789 #EL #BD 649 193 20788
20790 #EL #BD 22 0 20789
20791 #EL #BD 22 7402 20790
20792 #EA 20779 20791
20793 #EA 20633 20340
20794 #EP #BD 188 20793 20342
20795 #EA 20652 19574
20796 #EA 13025 20795
20797 #EA 8325 20796
20798 #EA 20797 477
20799 #EA 20798 13082
20800 #EA 5 20799
20801 #EL #BD 4116 20794 20800
20802 #EL #BD 22 7404 20801
20803 #EA 20792 20802
20804 #EA 20803 17062
20805 #EL #BD 3268 20718 17064
20806 #EL #BD 11 7386 20805
20807 #EL #BD 10 7378 20806
20808 #EA 20804 20807
20809 #EA 20808 17062
20810 #EA 20809 17072
20811 #EA 20810 17062
20812 #EA 20811 17076
20813 #EL #BD 3287 20684 17062
20814 #EL #BD 73 7378 20813
20815 #EL #BD 72 7393 20814
20816 #EA 20812 20815
20817 #EL #BD 3269 20699 17062
20818 #EL #BD 1639 0 20817
20819 #EL #BD 1638 7378 20818
20820 #EL #BD 1610 7288 20819
20821 #EA 20816 20820
20822 #EA 20821 8
20823 #EL #BD 3294 20632 20822
20824 #EL #BD 76 7378 20823
20825 #EL #BI 3261 15918 20824
#DEF 4112 20639 20825 8
4117 #NS 4111 match_1
4118 #NI 2691 1205956288
4119 #NS 4118 _hygCtx
4120 #NI 4119 5
4121 #NS 4120 LeanToLambdaBox
4122 #NS 4121 Semantics
4123 #NS 4122 Substitution
4124 #NI 4123 1205956288
4125 #NS 4124 _hygCtx
4126 #NS 4125 _hyg
4127 #NI 4126 16
20826 #EP #BD 112 20632 20376
20827 #EP #BD 4127 7378 20826
20828 #EP #BD 75 17102 20827
20829 #EC 4112 11
20830 #EA 20829 20381
20831 #EA 20830 10
4128 #NI 3328 1205956288
4129 #NS 4128 _hygCtx
4130 #NS 4129 _hyg
4131 #NI 4130 35
20832 #EL #BD 4131 7378 20384
20833 #EA 20831 20832
4132 #NI 2729 1205956288
4133 #NS 4132 _hygCtx
4134 #NS 4133 _hyg
4135 #NI 4134 37
20834 #EA 20633 20387
20835 #EL #BD 4135 20834 383
20836 #EA 20833 20835
20837 #EL #BD 113 20375 20836
20838 #EL #BD 112 20632 20837
20839 #EL #BD 4127 7378 20838
20840 #EL #BD 75 17102 20839
#DEF 4117 20828 20840 49
4136 #NS 4119 _hyg
4137 #NI 4136 5
20841 #EL #BD 4137 7378 7378
20842 #EA 17341 20841
20843 #EL #BD 76 7386 285
20844 #EA 20842 20843
20845 #EA 20844 17887
20846 #EA 20845 17889
20847 #EA 20846 17353
20848 #EA 20847 17355
20849 #EA 20848 5
20850 #EA 17358 20841
20851 #EA 20850 20843
20852 #EA 20851 17887
20853 #EA 20852 17889
20854 #EA 20853 17353
20855 #EA 20854 17355
20856 #EA 20855 5
20857 #EC 4117 1
4138 #NI 4136 38
20858 #EP #BD 4138 20856 7378
20859 #EL #BD 4127 7378 20858
20860 #EA 20857 20859
20861 #EA 20860 8
4139 #NI 4130 24
20862 #EA 20855 16953
20863 #EL #BD 4138 20862 17392
20864 #EL #BD 4139 7378 20863
20865 #EL #BD 82 7378 20864
20866 #EA 20861 20865
20867 #EL #BD 4138 20856 8
20868 #EL #BD 76 7378 20867
20869 #EA 20866 20868
20870 #EA 20869 5
20871 #EL #BD 82 20856 20870
20872 #EL #BD 4137 7378 20871
20873 #EA 20849 20872
20874 #EA 17473 20841
20875 #EA 20874 20843
20876 #EA 20875 17887
20877 #EA 20876 17889
20878 #EA 20877 17353
20879 #EA 20878 17355
20880 #EA 20879 5
20881 #EL #BD 82 20880 334
20882 #EL #BD 76 7386 20881
20883 #EA 20873 20882
20884 #EA 17502 20841
20885 #EA 20884 20843
20886 #EA 20885 17887
20887 #EA 20886 17889
20888 #EA 20887 17353
20889 #EA 20888 17355
20890 #EA 20889 5
20891 #EL #BD 82 20890 334
20892 #EL #BD 76 7396 20891
20893 #EA 20883 20892
20894 #EA 17540 20841
20895 #EA 20894 20843
20896 #EA 20895 17887
20897 #EA 20896 17889
20898 #EA 20897 17353
20899 #EA 20898 17355
20900 #EA 20899 5
20901 #EL #BD 82 20900 334
20902 #EL #BD 76 7402 20901
20903 #EA 20893 20902
20904 #EA 17579 20841
20905 #EA 20904 20843
20906 #EA 20905 17887
20907 #EA 20906 17889
20908 #EA 20907 17353
20909 #EA 20908 17355
20910 #EA 20909 5
20911 #EL #BD 82 20910 334
20912 #EL #BD 76 7395 20911
20913 #EA 20903 20912
20914 #EA 17590 20841
20915 #EA 20914 20843
20916 #EA 20915 17887
20917 #EA 20916 17889
20918 #EA 20917 17353
20919 #EA 20918 17355
20920 #EA 20919 5
20921 #EL #BD 82 20920 334
20922 #EL #BD 76 7401 20921
20923 #EA 20913 20922
20924 #EL #BD 4137 7378 20923
#DEF 4111 7381 20924 
4140 #NS 3555 isFixApp
20925 #EC 4081 
20926 #EC 4111 
20927 #EA 20926 5
20928 #EA 20925 20927
20929 #EL #BD 76 7378 20928
#DEF 4140 20395 20929 
4141 #NS 3555 isBox
4142 #NS 4141 _sparseCasesOn_1
4143 #NI 4047 3649277930
4144 #NS 4143 _hygCtx
4145 #NS 4144 _hyg
4146 #NI 4145 29
20930 #EA 13046 20140
20931 #EP #BD 188 20930 316
20932 #EP #BD 4146 20931 316
20933 #EP #BD 3289 16935 20932
20934 #EP #BD 76 7378 20933
20935 #EP #BI 3261 15918 20934
20936 #EA 13046 20147
20937 #EP #BD 188 20936 257
20938 #EP #BD 4146 20937 257
20939 #EL #BD 76 7378 20938
20940 #EA 16998 20939
20941 #EA 20940 17000
20942 #EA 20941 17002
20943 #EA 20942 17004
20944 #EA 20943 17006
20945 #EA 20944 17008
20946 #EA 13046 20158
20947 #EP #BD 188 20946 20160
20948 #EL #BD 4146 20947 8
20949 #EA 20945 20948
20950 #EA 13046 20171
20951 #EP #BD 188 20950 20173
20952 #EL #BD 4146 20951 13084
20953 #EL #BD 22 0 20952
20954 #EA 20949 20953
20955 #EA 13046 20184
20956 #EP #BD 188 20955 20186
20957 #EA 13077 513
20958 #EA 13025 20957
20959 #EA 8325 20958
20960 #EA 20959 477
20961 #EA 20960 13082
20962 #EA 5 20961
20963 #EL #BD 4146 20956 20962
20964 #EL #BD 22 7286 20963
20965 #EA 20954 20964
20966 #EP #BD 188 20936 367
20967 #EP #BD 4146 20966 367
20968 #EA 13046 20199
20969 #EP #BD 188 20968 20203
20970 #EA 13077 19490
20971 #EA 13025 20970
20972 #EA 8325 20971
20973 #EA 20972 477
20974 #EA 20973 13082
20975 #EA 5 20974
20976 #EL #BD 4146 20969 20975
20977 #EL #BD 649 20967 20976
20978 #EL #BD 22 7378 20977
20979 #EL #BD 22 7288 20978
20980 #EA 20965 20979
20981 #EP #BD 188 20930 1314
20982 #EP #BD 4146 20981 1314
20983 #EP #BD 188 20930 4083
20984 #EP #BD 4146 20983 4083
20985 #EA 13046 20214
20986 #EP #BD 188 20985 20219
20987 #EA 13077 19501
20988 #EA 13025 20987
20989 #EA 8325 20988
20990 #EA 20989 477
20991 #EA 20990 13082
20992 #EA 5 20991
20993 #EL #BD 4146 20986 20992
20994 #EL #BD 649 20984 20993
20995 #EL #BD 649 20982 20994
20996 #EL #BD 22 7378 20995
20997 #EL #BD 22 7378 20996
20998 #EL #BD 22 7288 20997
20999 #EA 20980 20998
21000 #EP #BD 188 20930 2236
21001 #EP #BD 4146 21000 2236
21002 #EA 13046 20236
21003 #EP #BD 188 21002 20240
21004 #EA 13077 19512
21005 #EA 13025 21004
21006 #EA 8325 21005
21007 #EA 21006 477
21008 #EA 21007 13082
21009 #EA 5 21008
21010 #EL #BD 4146 21003 21009
21011 #EL #BD 649 20982 21010
21012 #EL #BD 649 21001 21011
21013 #EL #BD 22 7378 21012
21014 #EL #BD 22 7378 21013
21015 #EA 20999 21014
21016 #EA 13046 20254
21017 #EP #BD 188 21016 20256
21018 #EA 13077 19523
21019 #EA 13025 21018
21020 #EA 8325 21019
21021 #EA 21020 477
21022 #EA 21021 13082
21023 #EA 5 21022
21024 #EL #BD 4146 21017 21023
21025 #EL #BD 22 7297 21024
21026 #EA 21015 21025
21027 #EA 13046 20267
21028 #EP #BD 188 21027 20272
21029 #EA 13077 19534
21030 #EA 13025 21029
21031 #EA 8325 21030
21032 #EA 21031 477
21033 #EA 21032 13082
21034 #EA 5 21033
21035 #EL #BD 4146 21028 21034
21036 #EL #BD 649 193 21035
21037 #EL #BD 22 7386 21036
21038 #EL #BD 22 0 21037
21039 #EL #BD 22 7300 21038
21040 #EA 21026 21039
21041 #EA 13046 20286
21042 #EP #BD 188 21041 20291
21043 #EA 13077 524
21044 #EA 13025 21043
21045 #EA 8325 21044
21046 #EA 21045 477
21047 #EA 21046 13082
21048 #EA 5 21047
21049 #EL #BD 4146 21042 21048
21050 #EL #BD 649 193 21049
21051 #EL #BD 649 20982 21050
21052 #EL #BD 22 7396 21051
21053 #EL #BD 22 7378 21052
21054 #EL #BD 22 7392 21053
21055 #EA 21040 21054
21056 #EA 13046 20306
21057 #EP #BD 188 21056 20310
21058 #EA 13077 19552
21059 #EA 13025 21058
21060 #EA 8325 21059
21061 #EA 21060 477
21062 #EA 21061 13082
21063 #EA 5 21062
21064 #EL #BD 4146 21057 21063
21065 #EL #BD 649 20967 21064
21066 #EL #BD 22 7378 21065
21067 #EL #BD 22 7310 21066
21068 #EA 21055 21067
21069 #EA 13046 20323
21070 #EP #BD 188 21069 20327
21071 #EA 13077 19563
21072 #EA 13025 21071
21073 #EA 8325 21072
21074 #EA 21073 477
21075 #EA 21074 13082
21076 #EA 5 21075
21077 #EL #BD 4146 21070 21076
21078 #EL #BD 649 193 21077
21079 #EL #BD 22 0 21078
21080 #EL #BD 22 7402 21079
21081 #EA 21068 21080
21082 #EA 13046 20340
21083 #EP #BD 188 21082 20342
21084 #EA 13077 19574
21085 #EA 13025 21084
21086 #EA 8325 21085
21087 #EA 21086 477
21088 #EA 21087 13082
21089 #EA 5 21088
21090 #EL #BD 4146 21083 21089
21091 #EL #BD 22 7404 21090
21092 #EA 21081 21091
21093 #EA 21092 17062
21094 #EL #BD 3268 21001 17064
21095 #EL #BD 11 7386 21094
21096 #EL #BD 10 7378 21095
21097 #EA 21093 21096
21098 #EA 21097 17062
21099 #EA 21098 17072
21100 #EA 21099 17062
21101 #EA 21100 17076
21102 #EL #BD 3287 20967 17062
21103 #EL #BD 73 7378 21102
21104 #EL #BD 72 7393 21103
21105 #EA 21101 21104
21106 #EL #BD 3269 20982 17062
21107 #EL #BD 1639 0 21106
21108 #EL #BD 1638 7378 21107
21109 #EL #BD 1610 7288 21108
21110 #EA 21105 21109
21111 #EA 21110 8
21112 #EL #BD 3289 16935 21111
21113 #EL #BD 76 7378 21112
21114 #EL #BI 3261 15918 21113
#DEF 4142 20935 21114 8
4147 #NS 4141 match_1
4148 #NI 4053 3649277930
4149 #NS 4148 _hygCtx
4150 #NI 4149 5
4151 #NS 4150 LeanToLambdaBox
4152 #NS 4151 Semantics
4153 #NS 4152 Values
4154 #NI 4153 3649277930
4155 #NS 4154 _hygCtx
4156 #NS 4155 _hyg
4157 #NI 4156 16
21115 #EA 10 16418
21116 #EP #BD 0 333 21115
21117 #EP #BD 112 21116 20376
21118 #EP #BD 4157 7378 21117
21119 #EP #BD 75 17102 21118
21120 #EC 4142 11
21121 #EA 21120 20381
21122 #EA 21121 10
21123 #EA 21122 354
4158 #NI 4072 3649277930
4159 #NS 4158 _hygCtx
4160 #NS 4159 _hyg
4161 #NI 4160 30
21124 #EA 13046 20387
21125 #EL #BD 4161 21124 383
21126 #EA 21123 21125
21127 #EL #BD 113 20375 21126
21128 #EL #BD 112 21116 21127
21129 #EL #BD 4157 7378 21128
21130 #EL #BD 75 17102 21129
#DEF 4147 21119 21130 49
4162 #NS 4149 _hyg
4163 #NI 4162 5
21131 #EC 4147 1
21132 #EA 21131 20397
21133 #EA 21132 5
21134 #EA 21133 20089
21135 #EA 21134 20403
21136 #EL #BD 4163 7378 21135
#DEF 4141 20395 21136 
4164 #NS 3555 isConstruct
4165 #NS 4164 _sparseCasesOn_1
21137 #EA 121 16961
21138 #EP #BD 22 7386 21137
21139 #EP #BD 22 0 21138
21140 #EP #BD 22 7300 21139
4166 #NI 4047 2326278609
4167 #NS 4166 _hygCtx
4168 #NS 4167 _hyg
4169 #NI 4168 41
21141 #EA 13045 7183
21142 #EA 21141 20140
21143 #EP #BD 188 21142 316
21144 #EP #BD 4169 21143 316
21145 #EP #BD 3296 21140 21144
21146 #EP #BD 76 7378 21145
21147 #EP #BI 3261 15918 21146
21148 #EA 21141 20147
21149 #EP #BD 188 21148 257
21150 #EP #BD 4169 21149 257
21151 #EL #BD 76 7378 21150
21152 #EA 16998 21151
21153 #EA 21152 17000
21154 #EA 21153 17002
21155 #EA 21154 17004
21156 #EA 21155 17006
21157 #EA 21156 17008
21158 #EA 21141 20158
21159 #EP #BD 188 21158 20160
21160 #EA 13026 7183
21161 #EA 21160 339
21162 #EA 13025 21161
21163 #EA 8325 21162
21164 #EA 21163 477
21165 #EA 21164 13082
21166 #EA 5 21165
21167 #EL #BD 4169 21159 21166
21168 #EA 21157 21167
21169 #EA 21141 20171
21170 #EP #BD 188 21169 20173
21171 #EA 21160 474
21172 #EA 13025 21171
21173 #EA 8325 21172
21174 #EA 21173 477
21175 #EA 21174 13082
21176 #EA 5 21175
21177 #EL #BD 4169 21170 21176
21178 #EL #BD 22 0 21177
21179 #EA 21168 21178
21180 #EA 21141 20184
21181 #EP #BD 188 21180 20186
21182 #EA 21160 513
21183 #EA 13025 21182
21184 #EA 8325 21183
21185 #EA 21184 477
21186 #EA 21185 13082
21187 #EA 5 21186
21188 #EL #BD 4169 21181 21187
21189 #EL #BD 22 7286 21188
21190 #EA 21179 21189
21191 #EP #BD 188 21148 367
21192 #EP #BD 4169 21191 367
21193 #EA 21141 20199
21194 #EP #BD 188 21193 20203
21195 #EA 21160 19490
21196 #EA 13025 21195
21197 #EA 8325 21196
21198 #EA 21197 477
21199 #EA 21198 13082
21200 #EA 5 21199
21201 #EL #BD 4169 21194 21200
21202 #EL #BD 649 21192 21201
21203 #EL #BD 22 7378 21202
21204 #EL #BD 22 7288 21203
21205 #EA 21190 21204
21206 #EP #BD 188 21142 1314
21207 #EP #BD 4169 21206 1314
21208 #EP #BD 188 21142 4083
21209 #EP #BD 4169 21208 4083
21210 #EA 21141 20214
21211 #EP #BD 188 21210 20219
21212 #EA 21160 19501
21213 #EA 13025 21212
21214 #EA 8325 21213
21215 #EA 21214 477
21216 #EA 21215 13082
21217 #EA 5 21216
21218 #EL #BD 4169 21211 21217
21219 #EL #BD 649 21209 21218
21220 #EL #BD 649 21207 21219
21221 #EL #BD 22 7378 21220
21222 #EL #BD 22 7378 21221
21223 #EL #BD 22 7288 21222
21224 #EA 21205 21223
21225 #EP #BD 188 21142 2236
21226 #EP #BD 4169 21225 2236
21227 #EA 21141 20236
21228 #EP #BD 188 21227 20240
21229 #EA 21160 19512
21230 #EA 13025 21229
21231 #EA 8325 21230
21232 #EA 21231 477
21233 #EA 21232 13082
21234 #EA 5 21233
21235 #EL #BD 4169 21228 21234
21236 #EL #BD 649 21207 21235
21237 #EL #BD 649 21226 21236
21238 #EL #BD 22 7378 21237
21239 #EL #BD 22 7378 21238
21240 #EA 21224 21239
21241 #EA 21141 20254
21242 #EP #BD 188 21241 20256
21243 #EA 21160 19523
21244 #EA 13025 21243
21245 #EA 8325 21244
21246 #EA 21245 477
21247 #EA 21246 13082
21248 #EA 5 21247
21249 #EL #BD 4169 21242 21248
21250 #EL #BD 22 7297 21249
21251 #EA 21240 21250
21252 #EA 21141 20267
21253 #EP #BD 188 21252 20272
21254 #EL #BD 4169 21253 2034
21255 #EL #BD 649 193 21254
21256 #EL #BD 22 7386 21255
21257 #EL #BD 22 0 21256
21258 #EL #BD 22 7300 21257
21259 #EA 21251 21258
21260 #EA 21141 20286
21261 #EP #BD 188 21260 20291
21262 #EA 21160 524
21263 #EA 13025 21262
21264 #EA 8325 21263
21265 #EA 21264 477
21266 #EA 21265 13082
21267 #EA 5 21266
21268 #EL #BD 4169 21261 21267
21269 #EL #BD 649 193 21268
21270 #EL #BD 649 21207 21269
21271 #EL #BD 22 7396 21270
21272 #EL #BD 22 7378 21271
21273 #EL #BD 22 7392 21272
21274 #EA 21259 21273
21275 #EA 21141 20306
21276 #EP #BD 188 21275 20310
21277 #EA 21160 19552
21278 #EA 13025 21277
21279 #EA 8325 21278
21280 #EA 21279 477
21281 #EA 21280 13082
21282 #EA 5 21281
21283 #EL #BD 4169 21276 21282
21284 #EL #BD 649 21192 21283
21285 #EL #BD 22 7378 21284
21286 #EL #BD 22 7310 21285
21287 #EA 21274 21286
21288 #EA 21141 20323
21289 #EP #BD 188 21288 20327
21290 #EA 21160 19563
21291 #EA 13025 21290
21292 #EA 8325 21291
21293 #EA 21292 477
21294 #EA 21293 13082
21295 #EA 5 21294
21296 #EL #BD 4169 21289 21295
21297 #EL #BD 649 193 21296
21298 #EL #BD 22 0 21297
21299 #EL #BD 22 7402 21298
21300 #EA 21287 21299
21301 #EA 21141 20340
21302 #EP #BD 188 21301 20342
21303 #EA 21160 19574
21304 #EA 13025 21303
21305 #EA 8325 21304
21306 #EA 21305 477
21307 #EA 21306 13082
21308 #EA 5 21307
21309 #EL #BD 4169 21302 21308
21310 #EL #BD 22 7404 21309
21311 #EA 21300 21310
21312 #EA 21311 17062
21313 #EL #BD 3268 21226 17064
21314 #EL #BD 11 7386 21313
21315 #EL #BD 10 7378 21314
21316 #EA 21312 21315
21317 #EA 21316 17062
21318 #EA 21317 17072
21319 #EA 21318 17062
21320 #EA 21319 17076
21321 #EL #BD 3287 21192 17062
21322 #EL #BD 73 7378 21321
21323 #EL #BD 72 7393 21322
21324 #EA 21320 21323
21325 #EL #BD 3269 21207 17062
21326 #EL #BD 1639 0 21325
21327 #EL #BD 1638 7378 21326
21328 #EL #BD 1610 7288 21327
21329 #EA 21324 21328
21330 #EA 21329 8
21331 #EL #BD 3296 21140 21330
21332 #EL #BD 76 7378 21331
21333 #EL #BI 3261 15918 21332
#DEF 4165 21147 21333 8
4170 #NS 4164 match_1
4171 #NI 4053 2326278609
4172 #NS 4171 _hygCtx
4173 #NI 4172 5
4174 #NS 4173 LeanToLambdaBox
4175 #NS 4174 Semantics
4176 #NS 4175 Values
4177 #NI 4176 2326278609
4178 #NS 4177 _hygCtx
4179 #NS 4178 _hyg
4180 #NI 4179 16
21334 #EP #BD 112 21140 20376
21335 #EP #BD 4180 7378 21334
21336 #EP #BD 75 17102 21335
21337 #EC 4165 11
21338 #EA 21337 20381
21339 #EA 21338 10
4181 #NI 4066 2326278609
4182 #NS 4181 _hygCtx
4183 #NS 4182 _hyg
4184 #NI 4183 42
4185 #NI 4183 43
4186 #NI 4183 44
21340 #EL #BD 4186 7386 4789
21341 #EL #BD 4185 0 21340
21342 #EL #BD 4184 7300 21341
21343 #EA 21339 21342
4187 #NI 4072 2326278609
4188 #NS 4187 _hygCtx
4189 #NS 4188 _hyg
4190 #NI 4189 45
21344 #EA 21141 20387
21345 #EL #BD 4190 21344 383
21346 #EA 21343 21345
21347 #EL #BD 113 20375 21346
21348 #EL #BD 112 21140 21347
21349 #EL #BD 4180 7378 21348
21350 #EL #BD 75 17102 21349
#DEF 4170 21336 21350 49
4191 #NS 4172 _hyg
4192 #NI 4191 5
21351 #EC 4170 1
21352 #EA 21351 20397
21353 #EA 21352 5
4193 #NI 4183 28
4194 #NI 4183 29
4195 #NI 4183 30
21354 #EL #BD 4195 7386 1504
21355 #EL #BD 4194 0 21354
21356 #EL #BD 4193 7300 21355
21357 #EA 21353 21356
21358 #EA 21357 20403
21359 #EL #BD 4192 7378 21358
#DEF 4164 20395 21359 
4196 #NS 3555 isConstructApp
21360 #EC 4164 
21361 #EA 21360 20927
21362 #EL #BD 76 7378 21361
#DEF 4196 20395 21362 
4197 #NS 3555 isPrim
4198 #NS 4197 _sparseCasesOn_1
21363 #EA 10 16687
21364 #EP #BD 22 7404 21363
4199 #NI 4047 3721141583
4200 #NS 4199 _hygCtx
4201 #NS 4200 _hyg
4202 #NI 4201 33
21365 #ELN 2048
21366 #EA 13045 21365
21367 #EA 21366 20140
21368 #EP #BD 188 21367 316
21369 #EP #BD 4202 21368 316
21370 #EP #BD 3300 21364 21369
21371 #EP #BD 76 7378 21370
21372 #EP #BI 3261 15918 21371
21373 #EA 21366 20147
21374 #EP #BD 188 21373 257
21375 #EP #BD 4202 21374 257
21376 #EL #BD 76 7378 21375
21377 #EA 16998 21376
21378 #EA 21377 17000
21379 #EA 21378 17002
21380 #EA 21379 17004
21381 #EA 21380 17006
21382 #EA 21381 17008
21383 #EA 21366 20158
21384 #EP #BD 188 21383 20160
21385 #EA 13026 21365
21386 #EA 21385 339
21387 #EA 13025 21386
21388 #EA 8325 21387
21389 #EA 21388 477
21390 #EA 21389 13082
21391 #EA 5 21390
21392 #EL #BD 4202 21384 21391
21393 #EA 21382 21392
21394 #EA 21366 20171
21395 #EP #BD 188 21394 20173
21396 #EA 21385 474
21397 #EA 13025 21396
21398 #EA 8325 21397
21399 #EA 21398 477
21400 #EA 21399 13082
21401 #EA 5 21400
21402 #EL #BD 4202 21395 21401
21403 #EL #BD 22 0 21402
21404 #EA 21393 21403
21405 #EA 21366 20184
21406 #EP #BD 188 21405 20186
21407 #EA 21385 513
21408 #EA 13025 21407
21409 #EA 8325 21408
21410 #EA 21409 477
21411 #EA 21410 13082
21412 #EA 5 21411
21413 #EL #BD 4202 21406 21412
21414 #EL #BD 22 7286 21413
21415 #EA 21404 21414
21416 #EP #BD 188 21373 367
21417 #EP #BD 4202 21416 367
21418 #EA 21366 20199
21419 #EP #BD 188 21418 20203
21420 #EA 21385 19490
21421 #EA 13025 21420
21422 #EA 8325 21421
21423 #EA 21422 477
21424 #EA 21423 13082
21425 #EA 5 21424
21426 #EL #BD 4202 21419 21425
21427 #EL #BD 649 21417 21426
21428 #EL #BD 22 7378 21427
21429 #EL #BD 22 7288 21428
21430 #EA 21415 21429
21431 #EP #BD 188 21367 1314
21432 #EP #BD 4202 21431 1314
21433 #EP #BD 188 21367 4083
21434 #EP #BD 4202 21433 4083
21435 #EA 21366 20214
21436 #EP #BD 188 21435 20219
21437 #EA 21385 19501
21438 #EA 13025 21437
21439 #EA 8325 21438
21440 #EA 21439 477
21441 #EA 21440 13082
21442 #EA 5 21441
21443 #EL #BD 4202 21436 21442
21444 #EL #BD 649 21434 21443
21445 #EL #BD 649 21432 21444
21446 #EL #BD 22 7378 21445
21447 #EL #BD 22 7378 21446
21448 #EL #BD 22 7288 21447
21449 #EA 21430 21448
21450 #EP #BD 188 21367 2236
21451 #EP #BD 4202 21450 2236
21452 #EA 21366 20236
21453 #EP #BD 188 21452 20240
21454 #EA 21385 19512
21455 #EA 13025 21454
21456 #EA 8325 21455
21457 #EA 21456 477
21458 #EA 21457 13082
21459 #EA 5 21458
21460 #EL #BD 4202 21453 21459
21461 #EL #BD 649 21432 21460
21462 #EL #BD 649 21451 21461
21463 #EL #BD 22 7378 21462
21464 #EL #BD 22 7378 21463
21465 #EA 21449 21464
21466 #EA 21366 20254
21467 #EP #BD 188 21466 20256
21468 #EA 21385 19523
21469 #EA 13025 21468
21470 #EA 8325 21469
21471 #EA 21470 477
21472 #EA 21471 13082
21473 #EA 5 21472
21474 #EL #BD 4202 21467 21473
21475 #EL #BD 22 7297 21474
21476 #EA 21465 21475
21477 #EA 21366 20267
21478 #EP #BD 188 21477 20272
21479 #EA 21385 19534
21480 #EA 13025 21479
21481 #EA 8325 21480
21482 #EA 21481 477
21483 #EA 21482 13082
21484 #EA 5 21483
21485 #EL #BD 4202 21478 21484
21486 #EL #BD 649 193 21485
21487 #EL #BD 22 7386 21486
21488 #EL #BD 22 0 21487
21489 #EL #BD 22 7300 21488
21490 #EA 21476 21489
21491 #EA 21366 20286
21492 #EP #BD 188 21491 20291
21493 #EA 21385 524
21494 #EA 13025 21493
21495 #EA 8325 21494
21496 #EA 21495 477
21497 #EA 21496 13082
21498 #EA 5 21497
21499 #EL #BD 4202 21492 21498
21500 #EL #BD 649 193 21499
21501 #EL #BD 649 21432 21500
21502 #EL #BD 22 7396 21501
21503 #EL #BD 22 7378 21502
21504 #EL #BD 22 7392 21503
21505 #EA 21490 21504
21506 #EA 21366 20306
21507 #EP #BD 188 21506 20310
21508 #EA 21385 19552
21509 #EA 13025 21508
21510 #EA 8325 21509
21511 #EA 21510 477
21512 #EA 21511 13082
21513 #EA 5 21512
21514 #EL #BD 4202 21507 21513
21515 #EL #BD 649 21417 21514
21516 #EL #BD 22 7378 21515
21517 #EL #BD 22 7310 21516
21518 #EA 21505 21517
21519 #EA 21366 20323
21520 #EP #BD 188 21519 20327
21521 #EA 21385 19563
21522 #EA 13025 21521
21523 #EA 8325 21522
21524 #EA 21523 477
21525 #EA 21524 13082
21526 #EA 5 21525
21527 #EL #BD 4202 21520 21526
21528 #EL #BD 649 193 21527
21529 #EL #BD 22 0 21528
21530 #EL #BD 22 7402 21529
21531 #EA 21518 21530
21532 #EA 21366 20340
21533 #EP #BD 188 21532 20342
21534 #EL #BD 4202 21533 229
21535 #EL #BD 22 7404 21534
21536 #EA 21531 21535
21537 #EA 21536 17062
21538 #EL #BD 3268 21451 17064
21539 #EL #BD 11 7386 21538
21540 #EL #BD 10 7378 21539
21541 #EA 21537 21540
21542 #EA 21541 17062
21543 #EA 21542 17072
21544 #EA 21543 17062
21545 #EA 21544 17076
21546 #EL #BD 3287 21417 17062
21547 #EL #BD 73 7378 21546
21548 #EL #BD 72 7393 21547
21549 #EA 21545 21548
21550 #EL #BD 3269 21432 17062
21551 #EL #BD 1639 0 21550
21552 #EL #BD 1638 7378 21551
21553 #EL #BD 1610 7288 21552
21554 #EA 21549 21553
21555 #EA 21554 8
21556 #EL #BD 3300 21364 21555
21557 #EL #BD 76 7378 21556
21558 #EL #BI 3261 15918 21557
#DEF 4198 21372 21558 8
4203 #NS 4197 match_1
4204 #NI 4053 3721141583
4205 #NS 4204 _hygCtx
4206 #NI 4205 5
4207 #NS 4206 LeanToLambdaBox
4208 #NS 4207 Semantics
4209 #NS 4208 Values
4210 #NI 4209 3721141583
4211 #NS 4210 _hygCtx
4212 #NS 4211 _hyg
4213 #NI 4212 16
21559 #EP #BD 112 21364 20376
21560 #EP #BD 4213 7378 21559
21561 #EP #BD 75 17102 21560
21562 #EC 4198 11
21563 #EA 21562 20381
21564 #EA 21563 10
4214 #NI 4066 3721141583
4215 #NS 4214 _hygCtx
4216 #NS 4215 _hyg
4217 #NI 4216 34
21565 #EL #BD 4217 7404 1386
21566 #EA 21564 21565
4218 #NI 4072 3721141583
4219 #NS 4218 _hygCtx
4220 #NS 4219 _hyg
4221 #NI 4220 35
21567 #EA 21366 20387
21568 #EL #BD 4221 21567 383
21569 #EA 21566 21568
21570 #EL #BD 113 20375 21569
21571 #EL #BD 112 21364 21570
21572 #EL #BD 4213 7378 21571
21573 #EL #BD 75 17102 21572
#DEF 4203 21561 21573 49
4222 #NS 4205 _hyg
4223 #NI 4222 5
21574 #EC 4203 1
21575 #EA 21574 20397
21576 #EA 21575 5
4224 #NI 4216 22
21577 #EL #BD 4224 7404 1504
21578 #EA 21576 21577
21579 #EA 21578 20403
21580 #EL #BD 4223 7378 21579
#DEF 4197 20395 21580 
4225 #NS 3555 isPrimApp
21581 #EC 4197 
21582 #EA 21581 20927
21583 #EL #BD 76 7378 21582
#DEF 4225 20395 21583 
4226 #NS 3555 isStuckApp
4227 #NS 0 fl
21584 #EP #BD 4227 20069 20395
21585 #EC 4034 
21586 #EC 4039 
21587 #EC 4045 
21588 #EA 21587 5
21589 #EA 21586 21588
21590 #EA 5567 1446
21591 #EC 4080 
21592 #EA 21591 8
21593 #EA 1666 21592
21594 #EA 21593 1504
21595 #EA 21590 21594
21596 #EA 3705 21592
21597 #EA 21596 1504
21598 #EA 21595 21597
21599 #EC 4140 
21600 #EA 21599 5
21601 #EA 21598 21600
21602 #EA 20925 5
21603 #EA 21601 21602
21604 #EA 21589 21603
21605 #EA 21586 21604
21606 #EC 4141 
21607 #EA 21606 5
21608 #EA 21605 21607
21609 #EA 21586 21608
21610 #EC 4196 
21611 #EA 21610 5
21612 #EA 21609 21611
21613 #EA 21586 21612
21614 #EC 4225 
21615 #EA 21614 5
21616 #EA 21613 21615
21617 #EA 21585 21616
21618 #EL #BD 82 7378 21617
21619 #EL #BD 4227 20069 21618
#DEF 4226 21584 21619 
4228 #NS 4020 with_constructor_as_block
21620 #EJ 4020 2 5
21621 #EL #BD 24 20069 21620
#DEF 4228 20406 21621 
4229 #NS 3607 getElem
21622 #EP #BD 188 5673 366
21623 #EP #BD 1571 121 21622
21624 #EP #BD 361 121 21623
21625 #EP #BC 24 18348 21624
21626 #EP #BI 203 18323 21625
21627 #EP #BI 3610 78 21626
21628 #EP #BI 1627 75 21627
21629 #EP #BI 3609 3 21628
21630 #EJ 3607 0 5
21631 #EL #BC 24 18348 21630
21632 #EL #BI 203 18323 21631
21633 #EL #BI 3610 78 21632
21634 #EL #BD 1627 75 21633
21635 #EL #BD 3609 3 21634
#DEF 4229 21629 21635 8 39 41
4230 #NS 5 take
4231 #NS 4230 match_1
4232 #NI 2760 3220225865
4233 #NS 4232 _hygCtx
4234 #NI 4233 12
4235 #NS 4234 Init
4236 #NS 4235 Data
4237 #NS 4236 List
4238 #NS 4237 Basic
4239 #NI 4238 3220225865
4240 #NS 4239 _hygCtx
4241 #NS 4240 _hyg
4242 #NI 4241 31
21636 #EP #BD 4242 0 1110
4243 #NI 4233 13
4244 #NS 4243 Init
4245 #NS 4244 Data
4246 #NS 4245 List
4247 #NS 4246 Basic
4248 #NI 4247 3220225865
4249 #NS 4248 _hygCtx
4250 #NS 4249 _hyg
4251 #NI 4250 34
4252 #NS 4233 _hyg
4253 #NI 4252 44
21637 #EP #BD 4253 1079 3788
4254 #NS 2097 List
4255 #NS 4254 Basic
4256 #NI 4255 3220225865
4257 #NS 4256 _hygCtx
4258 #NS 4257 _hyg
4259 #NI 4258 60
21638 #EA 1450 1219
21639 #EP #BD 4259 0 21638
21640 #EA 2028 13219
21641 #EP #BD 294 1147 21640
21642 #EP #BD 18 698 21641
21643 #EP #BD 4 0 21642
21644 #EP #BD 455 21643 1457
21645 #EP #BD 113 21639 21644
21646 #EP #BD 112 21637 21645
21647 #EP #BD 4251 1112 21646
21648 #EP #BD 4242 0 21647
21649 #EP #BD 75 21636 21648
21650 #EP #BI 7 131 21649
21651 #EA 18535 1466
21652 #EA 21651 121
21653 #EA 21652 1469
4260 #NI 4258 94
21654 #EL #BD 86 1147 1472
21655 #EA 13915 21654
21656 #EA 21655 121
21657 #EA 21656 1386
4261 #NI 2786 3220225865
4262 #NS 4261 _hygCtx
4263 #NS 4262 _hyg
4264 #NI 4263 95
4265 #NI 2793 3220225865
4266 #NS 4265 _hygCtx
4267 #NS 4266 _hyg
4268 #NI 4267 96
21658 #EL #BD 4268 1148 2269
21659 #EL #BD 4264 860 21658
21660 #EA 21657 21659
21661 #EL #BD 4260 0 21660
21662 #EA 21653 21661
21663 #EL #BD 455 21643 21662
21664 #EL #BD 113 21639 21663
21665 #EL #BD 112 21637 21664
21666 #EL #BD 4251 1112 21665
21667 #EL #BD 4242 0 21666
21668 #EL #BD 75 21636 21667
21669 #EL #BI 7 131 21668
#DEF 4231 21650 21669 49 50
4269 #NS 5 drop
21670 #EP #BD 4 0 12
21671 #EP #BI 7 3 21670
4270 #NI 2760 1385434920
4271 #NS 4270 _hygCtx
4272 #NS 4271 _hyg
4273 #NI 4272 12
4274 #NI 4272 13
21672 #EC 79 3
21673 #EL #BD 4273 0 17975
21674 #EA 21672 21673
21675 #EA 21674 8
21676 #EC 74 3
21677 #EL #BD 4273 0 17979
21678 #EA 21676 21677
21679 #EA 21678 5
21680 #EC 4231 2 3
21681 #EA 21680 366
4275 #NI 4271 12
4276 #NS 4275 Init
4277 #NS 4276 Data
4278 #NS 4277 List
4279 #NS 4278 Basic
4280 #NI 4279 1385434920
4281 #NS 4280 _hygCtx
4282 #NS 4281 _hyg
4283 #NI 4282 31
4284 #NI 4271 13
4285 #NS 4284 Init
4286 #NS 4285 Data
4287 #NS 4286 List
4288 #NS 4287 Basic
4289 #NI 4288 1385434920
4290 #NS 4289 _hygCtx
4291 #NS 4290 _hyg
4292 #NI 4291 34
4293 #NI 4272 91
21682 #EL #BD 4273 0 17985
21683 #EA 21676 21682
21684 #EA 21683 8
21685 #EP #BD 4293 21684 917
21686 #EL #BD 4292 925 21685
21687 #EL #BD 4283 0 21686
21688 #EA 21681 21687
21689 #EA 21688 10
21690 #EA 21689 5
21691 #EL #BD 4273 0 17995
21692 #EA 21676 21691
21693 #EA 21692 343
21694 #EL #BD 4293 21693 8
21695 #EL #BD 294 754 21694
21696 #EA 21690 21695
4294 #NI 4255 1385434920
4295 #NS 4294 _hygCtx
4296 #NS 4295 _hyg
4297 #NI 4296 56
21697 #EA 21692 313
21698 #EL #BD 4293 21697 933
21699 #EL #BD 4297 0 21698
21700 #EA 21696 21699
4298 #NI 2786 1385434920
4299 #NS 4298 _hygCtx
4300 #NS 4299 _hyg
4301 #NI 4300 76
21701 #EL #BD 4273 0 18002
21702 #EA 21676 21701
21703 #EA 21702 2027
21704 #EL #BD 4293 21703 950
21705 #EL #BD 294 909 21704
21706 #EL #BD 4301 698 21705
21707 #EL #BD 4 0 21706
21708 #EA 21700 21707
21709 #EA 21708 8
21710 #EL #BD 4274 690 21709
21711 #EL #BD 82 21679 21710
21712 #EL #BD 4273 0 21711
21713 #EA 21675 21712
21714 #EA 21713 5
21715 #EL #BD 4274 9 21714
21716 #EL #BD 4273 0 21715
21717 #EL #BI 7 3 21716
#DEF 4269 21671 21717 8
4302 #NS 4020 with_prop_case
21718 #EJ 4020 0 5
21719 #EL #BD 24 20069 21718
#DEF 4302 20406 21719 
4303 #NS 5 replicate
4304 #NS 4303 match_1
4305 #NI 2760 2664865455
4306 #NS 4305 _hygCtx
4307 #NI 4306 11
4308 #NS 4307 Init
4309 #NS 4308 Data
4310 #NS 4309 List
4311 #NS 4310 Basic
4312 #NI 4311 2664865455
4313 #NS 4312 _hygCtx
4314 #NS 4313 _hyg
4315 #NI 4314 30
4316 #NI 4306 12
4317 #NS 4316 Init
4318 #NS 4317 Data
4319 #NS 4318 List
4320 #NS 4319 Basic
4321 #NI 4320 2664865455
4322 #NS 4321 _hygCtx
4323 #NS 4322 _hyg
4324 #NI 4323 33
21720 #EP #BD 4324 8 335
21721 #EP #BD 4315 0 21720
4325 #NS 4306 _hyg
4326 #NI 4325 40
21722 #EP #BD 4326 82 3788
21723 #EP #BD 18 366 6695
21724 #EP #BD 4 0 21723
21725 #EP #BD 113 21724 372
21726 #EP #BD 112 21722 21725
21727 #EP #BD 4324 10 21726
21728 #EP #BD 4315 0 21727
21729 #EP #BD 75 21721 21728
21730 #EP #BI 7 132 21729
21731 #EL #BD 113 21724 18041
21732 #EL #BD 112 21722 21731
21733 #EL #BD 4324 10 21732
21734 #EL #BD 4315 0 21733
21735 #EL #BD 75 21721 21734
21736 #EL #BI 7 132 21735
#DEF 4304 21730 21736 49 50
21737 #EP #BD 4 0 891
21738 #EP #BI 7 3 21737
4327 #NI 4325 11
4328 #NI 4325 12
21739 #EL #BD 4327 0 896
21740 #EA 21672 21739
21741 #EA 21740 8
21742 #EL #BD 4327 0 902
21743 #EA 21676 21742
21744 #EA 21743 5
21745 #EC 4304 3 2
21746 #EA 21745 366
4329 #NI 4325 68
21747 #EL #BD 4327 0 913
21748 #EA 21676 21747
21749 #EA 21748 8
21750 #EP #BD 4329 21749 917
21751 #EL #BD 4324 698 21750
21752 #EL #BD 4315 0 21751
21753 #EA 21746 21752
21754 #EA 21753 10
21755 #EA 21754 5
21756 #EL #BD 4327 0 926
21757 #EA 21676 21756
21758 #EA 21757 343
21759 #EL #BD 4329 21758 933
21760 #EL #BD 4326 366 21759
21761 #EA 21755 21760
21762 #EA 21748 43
21763 #EA 14159 950
21764 #EL #BD 4329 21762 21763
21765 #EL #BD 18 698 21764
21766 #EL #BD 4 0 21765
21767 #EA 21761 21766
21768 #EA 21767 8
21769 #EL #BD 4328 121 21768
21770 #EL #BD 82 21744 21769
21771 #EL #BD 4327 0 21770
21772 #EA 21741 21771
21773 #EA 21772 5
21774 #EL #BD 4328 8 21773
21775 #EL #BD 4327 0 21774
21776 #EL #BI 7 3 21775
#DEF 4303 21738 21776 8
4330 #NS 1630 indType
21777 #EP #BD 24 7310 7300
21778 #EJ 1630 0 5
21779 #EL #BD 24 7310 21778
#DEF 4330 21777 21779 
4331 #NS 1630 paramCount
21780 #EP #BD 24 7310 0
21781 #EJ 1630 1 5
21782 #EL #BD 24 7310 21781
#DEF 4331 21780 21782 
4332 #NS 1630 fieldIdx
21783 #EJ 1630 2 5
21784 #EL #BD 24 7310 21783
#DEF 4332 21780 21784 
4333 #NS 1635 body
21785 #EP #BD 24 17328 8
21786 #EP #BI 1637 2 21785
21787 #EJ 1635 1 5
21788 #EL #BD 24 17328 21787
21789 #EL #BD 1637 2 21788
#DEF 4333 21786 21789 
4334 #NS 3555 WcbvEval
4335 #NS 4334 box
21790 #EC 4334 
21791 #EA 21790 8
21792 #EA 21791 5
21793 #EA 21792 16418
21794 #EA 21793 16418
21795 #EP #BI 4227 20069 21794
21796 #EP #BI 4010 15810 21795
4336 #NS 4334 lam
21797 #EA 21790 82
21798 #EA 21797 10
21799 #EA 21798 16941
21800 #EA 21799 16941
21801 #EP #BD 59 7378 21800
21802 #EP #BD 4 7288 21801
21803 #EP #BI 4227 20069 21802
21804 #EP #BI 4010 15810 21803
4337 #NS 4334 fvar
21805 #EA 21790 10
21806 #EA 21805 8
21807 #EA 21806 16439
21808 #EA 21807 16439
21809 #EP #BD 86 7286 21808
21810 #EP #BI 4227 20069 21809
21811 #EP #BI 4010 15810 21810
4338 #NS 4334 prim
21812 #EA 21806 16687
21813 #EA 21812 16687
21814 #EP #BD 408 7404 21813
21815 #EP #BI 4227 20069 21814
21816 #EP #BI 4010 15810 21815
4339 #NS 4334 fix_atom
21817 #EA 21798 16979
21818 #EA 21817 16979
21819 #EP #BD 1571 0 21818
21820 #EP #BD 3321 7402 21819
21821 #EP #BI 4227 20069 21820
21822 #EP #BI 4010 15810 21821
4340 #NS 4334 beta
4341 #NS 0 av
21823 #EA 21790 860
21824 #EA 21823 698
21825 #EA 21824 366
21826 #EA 21825 20202
21827 #EA 21790 910
21828 #EA 21827 860
21829 #EA 21828 366
21830 #EA 21829 10
21831 #EA 21790 911
21832 #EA 21831 910
21833 #EA 17766 82
21834 #EA 21833 121
21835 #EA 21832 21834
21836 #EA 21835 10
21837 #EA 21790 939
21838 #EA 21837 911
21839 #EA 16531 910
21840 #EA 21839 860
21841 #EA 21838 21840
21842 #EA 21841 82
21843 #EP #BD 22 21836 21842
21844 #EP #BD 22 21830 21843
21845 #EP #BD 22 21826 21844
21846 #EP #BI 232 7378 21845
21847 #EP #BI 4341 7378 21846
21848 #EP #BI 59 7378 21847
21849 #EP #BI 4 7288 21848
21850 #EP #BI 18 7378 21849
21851 #EP #BI 82 7378 21850
21852 #EP #BI 4227 20069 21851
21853 #EP #BI 4010 15810 21852
4342 #NS 4334 app_box
21854 #EA 21790 121
21855 #EA 21854 82
21856 #EA 21855 10
21857 #EA 21856 16418
21858 #EA 21790 366
21859 #EA 21858 121
21860 #EA 21859 10
21861 #EA 21860 8
21862 #EA 21790 698
21863 #EA 21862 366
21864 #EA 21863 20239
21865 #EA 21864 16418
21866 #EP #BD 22 21861 21865
21867 #EP #BD 22 21857 21866
21868 #EP #BI 4341 7378 21867
21869 #EP #BI 18 7378 21868
21870 #EP #BI 82 7378 21869
21871 #EP #BI 4227 20069 21870
21872 #EP #BI 4010 15810 21871
4343 #NS 4334 zeta
4344 #NS 0 vv
21873 #EA 21863 82
21874 #EA 21873 8
21875 #EA 17766 10
21876 #EA 21875 82
21877 #EA 21824 21876
21878 #EA 21877 8
21879 #EA 16491 698
21880 #EA 21879 366
21881 #EA 21880 121
21882 #EA 21828 21881
21883 #EA 21882 10
21884 #EP #BD 22 21878 21883
21885 #EP #BD 22 21874 21884
21886 #EP #BI 232 7378 21885
21887 #EP #BI 4344 7378 21886
21888 #EP #BI 59 7378 21887
21889 #EP #BI 39 7378 21888
21890 #EP #BI 4 7288 21889
21891 #EP #BI 4227 20069 21890
21892 #EP #BI 4010 15810 21891
4345 #NS 4334 delta
21893 #EA 1665 15864
21894 #EA 19974 121
21895 #EA 21894 10
21896 #EA 21893 21895
21897 #EC 3170 
21898 #EA 15899 7378
21899 #EA 21898 8
21900 #EA 21897 21899
21901 #EA 18186 21900
21902 #EA 15900 21901
21903 #EA 21896 21902
21904 #EA 16559 121
21905 #EA 21863 21904
21906 #EA 21905 10
21907 #EP #BD 22 21861 21906
21908 #EP #BD 22 21903 21907
21909 #EP #BI 232 7378 21908
21910 #EP #BI 1638 7378 21909
21911 #EP #BI 3226 7297 21910
21912 #EP #BI 4227 20069 21911
21913 #EP #BI 4010 15810 21912
4346 #NS 4334 construct
21914 #EC 4228 
21915 #EA 21914 5
21916 #EA 1666 21915
21917 #EA 21916 1504
4347 #NS 0 vs
4348 #NS 0 hl
21918 #EA 17438 7378
21919 #EA 21918 8
21920 #EA 1972 21919
21921 #EA 21918 5
21922 #EA 21920 21921
4349 #NS 0 hargs
21923 #EA 21918 82
21924 #EA 64 21923
21925 #EC 4229 0 0 0
21926 #EA 21925 7386
21927 #EA 21926 0
21928 #EA 21927 7378
21929 #EA 64 21919
21930 #EL #BD 1571 0 21929
21931 #EL #BD 294 7386 21930
21932 #EA 21928 21931
21933 #EC 3687 0
21934 #EA 21933 7378
21935 #EA 21932 21934
21936 #EA 21935 121
21937 #EA 21936 8
21938 #EA 21937 5
21939 #EA 21832 21938
21940 #EA 21935 82
21941 #EA 21940 8
21942 #EA 21918 121
21943 #EA 1970 21942
4350 #NS 2690 Eval
4351 #NI 4350 2463188253
4352 #NS 4351 _hygCtx
4353 #NS 4352 _hyg
4354 #NI 4353 266
4355 #NS 2728 Eval
4356 #NI 4355 2463188253
4357 #NS 4356 _hygCtx
4358 #NS 4357 _hyg
4359 #NI 4358 267
21944 #EA 21918 366
21945 #EA 1972 21944
21946 #EA 21945 5
21947 #EL #BD 4359 21946 9305
21948 #EL #BD 4354 0 21947
21949 #EA 21943 21948
21950 #EA 21949 5
21951 #EA 21950 21923
21952 #EA 21951 10
21953 #EA 21941 21952
21954 #EA 21939 21953
21955 #EP #BD 188 21924 21954
21956 #EP #BD 1571 0 21955
21957 #EA 16578 366
21958 #EA 21957 121
21959 #EA 21958 82
21960 #EA 21828 21959
21961 #EA 21958 10
21962 #EA 21960 21961
21963 #EP #BD 4349 21956 21962
21964 #EP #BD 4348 21922 21963
21965 #EP #BI 4347 7386 21964
21966 #EP #BI 3314 7386 21965
21967 #EP #BI 501 0 21966
21968 #EP #BI 4011 7300 21967
21969 #EP #BD 1513 21917 21968
21970 #EP #BI 4227 20069 21969
21971 #EP #BI 4010 15810 21970
4360 #NS 4334 construct_atom
21972 #EA 21916 1509
4361 #NS 0 ar
21973 #EA 1665 19967
21974 #EC 4009 
21975 #EA 21974 366
21976 #EA 21975 10
21977 #EA 21976 8
21978 #EA 21973 21977
21979 #EA 15899 0
21980 #EA 21979 5
21981 #EA 21978 21980
21982 #EA 16580 16697
21983 #EA 21863 21982
21984 #EA 21983 21982
21985 #EP #BD 22 21981 21984
21986 #EP #BI 4361 0 21985
21987 #EP #BI 318 0 21986
21988 #EP #BI 4011 7300 21987
21989 #EP #BD 1513 21972 21988
21990 #EP #BI 4227 20069 21989
21991 #EP #BI 4010 15810 21990
4362 #NS 4334 construct_app
21992 #EA 21832 698
21993 #EC 3477 
21994 #EA 21993 21982
21995 #EA 21994 8
21996 #EA 21992 21995
21997 #EA 21974 939
21998 #EA 21997 121
21999 #EA 21998 82
22000 #EA 21973 21999
22001 #EA 21979 8
22002 #EA 22000 22001
22003 #EA 63 21923
22004 #EA 22003 10
22005 #EA 21790 2582
22006 #EA 22005 2536
22007 #EA 22006 910
22008 #EA 22007 860
22009 #EA 21790 2591
22010 #EA 22009 2582
22011 #EA 16531 939
22012 #EA 22011 911
22013 #EA 22010 22012
22014 #EA 16578 860
22015 #EA 22014 698
22016 #EA 22015 16697
22017 #EA 21993 22016
22018 #EA 22017 366
22019 #EA 16531 22018
22020 #EA 22019 910
22021 #EA 22013 22020
22022 #EP #BD 22 22008 22021
22023 #EP #BD 22 22004 22022
22024 #EP #BD 22 22002 22023
22025 #EP #BD 22 21996 22024
22026 #EP #BI 4361 0 22025
22027 #EP #BI 3314 7386 22026
22028 #EP #BI 318 0 22027
22029 #EP #BI 4011 7300 22028
22030 #EP #BI 684 7378 22029
22031 #EP #BI 18 7378 22030
22032 #EP #BI 82 7378 22031
22033 #EP #BD 1513 21972 22032
22034 #EP #BI 4227 20069 22033
22035 #EP #BI 4010 15810 22034
4363 #NS 4334 iota
4364 #NS 0 np
4365 #NS 0 discr
4366 #NS 0 names
22036 #EC 3556 
22037 #EA 22036 2536
22038 #EA 22037 910
22039 #EA 1666 22038
22040 #EA 22039 1509
22041 #EA 22006 698
22042 #EA 16578 911
22043 #EA 22042 860
22044 #EA 22043 16697
22045 #EA 21993 22044
22046 #EA 22045 121
22047 #EA 22041 22046
22048 #EA 15751 7395
22049 #EA 1665 22048
22050 #EA 19983 7396
22051 #EA 22050 0
22052 #EA 22051 7395
22053 #EA 17438 7395
22054 #EA 22053 8
22055 #EA 64 22054
22056 #EL #BD 1571 0 22055
22057 #EL #BD 294 7396 22056
22058 #EA 22052 22057
22059 #EA 19993 7395
22060 #EA 22058 22059
22061 #EA 22060 698
22062 #EA 22061 910
22063 #EA 22049 22062
22064 #EA 15899 7395
22065 #EA 16849 121
22066 #EA 22065 82
22067 #EA 22064 22066
22068 #EA 22063 22067
22069 #EC 4269 0
22070 #EA 22069 7378
22071 #EA 22070 939
22072 #EA 22071 698
22073 #EA 21918 22072
22074 #EA 1972 22073
22075 #EA 17523 366
22076 #EA 22074 22075
22077 #EA 21790 2682
22078 #EA 22077 2593
22079 #EC 3472 
22080 #EA 18095 7378
22081 #EA 22070 2536
22082 #EA 22081 860
22083 #EA 22080 22082
22084 #EA 22079 22083
22085 #EA 22084 366
22086 #EA 22078 22085
22087 #EA 22086 121
22088 #EA 21790 2778
22089 #EA 22088 2682
22090 #EA 15818 7300
22091 #EA 22090 0
22092 #EA 22091 2591
22093 #EA 22092 2582
22094 #EA 16610 22093
22095 #EA 22094 939
22096 #EA 22095 911
22097 #EA 22089 22096
22098 #EA 22097 366
22099 #EP #BD 22 22087 22098
22100 #EP #BD 22 22076 22099
22101 #EP #BD 22 22068 22100
22102 #EP #BD 22 22047 22101
22103 #EP #BD 22 22040 22102
22104 #EP #BI 232 7378 22103
22105 #EP #BI 1638 7378 22104
22106 #EP #BI 4366 7393 22105
22107 #EP #BI 3314 7386 22106
22108 #EP #BI 3318 7396 22107
22109 #EP #BI 4365 7378 22108
22110 #EP #BI 501 0 22109
22111 #EP #BI 4364 0 22110
22112 #EP #BI 4011 7300 22111
22113 #EP #BD 1513 21972 22112
22114 #EP #BI 4227 20069 22113
22115 #EP #BI 4010 15810 22114
4367 #NS 4334 iota_block
4368 #NS 0 cargs
22116 #EA 22043 121
22117 #EA 22041 22116
22118 #EP #BD 22 22117 22101
22119 #EP #BD 22 22040 22118
22120 #EP #BI 232 7378 22119
22121 #EP #BI 1638 7378 22120
22122 #EP #BI 4366 7393 22121
22123 #EP #BI 4368 7386 22122
22124 #EP #BI 3318 7396 22123
22125 #EP #BI 4365 7378 22124
22126 #EP #BI 501 0 22125
22127 #EP #BI 4364 0 22126
22128 #EP #BI 4011 7300 22127
22129 #EP #BD 1513 21917 22128
22130 #EP #BI 4227 20069 22129
22131 #EP #BI 4010 15810 22130
4369 #NS 4334 iota_sing
4370 #NS 0 hpc
22132 #EC 4302 
22133 #EA 22132 5
22134 #EA 1666 22133
22135 #EA 22134 1504
22136 #EA 22036 910
22137 #EA 22136 366
22138 #EA 1666 22137
22139 #EA 22138 1504
22140 #EA 21832 121
22141 #EA 22140 16418
22142 #EC 4303 0
22143 #EA 22142 7378
22144 #EA 17523 121
22145 #EA 22143 22144
22146 #EA 22145 16418
22147 #EA 22079 22146
22148 #EA 22147 82
22149 #EA 21838 22148
22150 #EA 22149 10
22151 #EA 21790 2536
22152 #EA 22151 939
22153 #EA 22091 910
22154 #EA 22153 860
22155 #EA 16610 22154
22156 #EA 22155 698
22157 #EA 16849 366
22158 #EA 22157 121
22159 #EA 16757 22158
22160 #EA 22159 16729
22161 #EA 22156 22160
22162 #EA 22152 22161
22163 #EA 22162 82
22164 #EP #BD 22 22150 22163
22165 #EP #BD 22 22141 22164
22166 #EP #BD 22 22139 22165
22167 #EP #BI 232 7378 22166
22168 #EP #BI 1638 7378 22167
22169 #EP #BI 4366 7393 22168
22170 #EP #BI 4365 7378 22169
22171 #EP #BI 4364 0 22170
22172 #EP #BI 4011 7300 22171
22173 #EP #BD 4370 22135 22172
22174 #EP #BI 4227 20069 22173
22175 #EP #BI 4010 15810 22174
4371 #NS 4334 proj
22176 #EA 22036 860
22177 #EC 4330 
22178 #EA 22177 121
22179 #EA 22176 22178
22180 #EA 1666 22179
22181 #EA 22180 1509
22182 #EA 21828 121
22183 #EA 22177 366
22184 #EA 16578 22183
22185 #EA 22184 343
22186 #EA 22185 16697
22187 #EA 21993 22186
22188 #EA 22187 82
22189 #EA 22182 22188
22190 #EA 1665 15752
22191 #EA 19983 7386
22192 #EA 22191 0
22193 #EA 22192 7378
22194 #EA 22193 21931
22195 #EA 19993 7378
22196 #EA 22194 22195
22197 #EA 22196 121
22198 #EC 4331 
22199 #EA 22198 698
22200 #EA 3092 22199
22201 #EC 4332 
22202 #EA 22201 698
22203 #EA 22200 22202
22204 #EA 22197 22203
22205 #EA 22190 22204
22206 #EA 21898 82
22207 #EA 22205 22206
22208 #EA 21838 121
22209 #EA 22208 82
22210 #EA 16640 910
22211 #EA 22210 860
22212 #EA 22152 22211
22213 #EA 22212 121
22214 #EP #BD 22 22209 22213
22215 #EP #BD 22 22207 22214
22216 #EP #BD 22 22189 22215
22217 #EP #BD 22 22181 22216
22218 #EP #BI 232 7378 22217
22219 #EP #BI 39 7378 22218
22220 #EP #BI 3314 7386 22219
22221 #EP #BI 4365 7378 22220
22222 #EP #BI 408 7310 22221
22223 #EP #BD 1513 21972 22222
22224 #EP #BI 4227 20069 22223
22225 #EP #BI 4010 15810 22224
4372 #NS 4334 proj_block
22226 #EA 22185 82
22227 #EA 22182 22226
22228 #EP #BD 22 22227 22215
22229 #EP #BD 22 22181 22228
22230 #EP #BI 232 7378 22229
22231 #EP #BI 39 7378 22230
22232 #EP #BI 4368 7386 22231
22233 #EP #BI 4365 7378 22232
22234 #EP #BI 408 7310 22233
22235 #EP #BD 1513 21917 22234
22236 #EP #BI 4227 20069 22235
22237 #EP #BI 4010 15810 22236
4373 #NS 4334 proj_prop
22238 #EA 22036 121
22239 #EA 22177 8
22240 #EA 22238 22239
22241 #EA 1666 22240
22242 #EA 22241 1504
22243 #EA 21859 8
22244 #EA 22243 16418
22245 #EA 21863 20309
22246 #EA 22245 16418
22247 #EP #BD 22 22244 22246
22248 #EP #BD 22 22242 22247
22249 #EP #BI 4365 7378 22248
22250 #EP #BI 408 7310 22249
22251 #EP #BD 4370 22135 22250
22252 #EP #BI 4227 20069 22251
22253 #EP #BI 4010 15810 22252
4374 #NS 4334 fix_guarded
4375 #NS 0 hg
22254 #EA 21591 5
22255 #EA 1666 22254
22256 #EA 22255 1504
4376 #NS 0 def_i
4377 #NS 0 argsv
22257 #EA 21838 860
22258 #EA 16663 121
22259 #EA 22258 82
22260 #EA 21993 22259
22261 #EA 22260 8
22262 #EA 22257 22261
22263 #EA 22152 860
22264 #EA 22263 698
22265 #EA 15751 7401
22266 #EA 1665 22265
22267 #EA 19983 7402
22268 #EA 22267 0
22269 #EA 22268 7401
22270 #EA 17439 8
22271 #EA 64 22270
22272 #EL #BD 1571 0 22271
22273 #EL #BD 294 7402 22272
22274 #EA 22269 22273
22275 #EA 19993 7401
22276 #EA 22274 22275
22277 #EA 22276 698
22278 #EA 22277 366
22279 #EA 22266 22278
22280 #EA 15899 7401
22281 #EA 22280 121
22282 #EA 22279 22281
22283 #EA 17565 366
22284 #EA 1972 22283
22285 #EA 22284 21942
22286 #EA 21790 2593
22287 #EA 22286 2591
22288 #EC 3545 
22289 #EA 22288 910
22290 #EA 22079 22289
22291 #EC 4333 
22292 #EA 22291 7378
22293 #EA 22292 698
22294 #EA 22290 22293
22295 #EA 21993 22294
22296 #EA 22295 366
22297 #EA 16531 22296
22298 #EA 22297 911
22299 #EA 22287 22298
22300 #EA 22299 121
22301 #EA 16531 2582
22302 #EA 22301 2536
22303 #EA 22078 22302
22304 #EA 22303 366
22305 #EP #BD 22 22300 22304
22306 #EP #BD 22 22285 22305
22307 #EP #BD 22 22282 22306
22308 #EP #BD 22 22264 22307
22309 #EP #BD 22 22262 22308
22310 #EP #BI 232 7378 22309
22311 #EP #BI 4377 7386 22310
22312 #EP #BI 4376 7401 22311
22313 #EP #BI 1627 0 22312
22314 #EP #BI 3321 7402 22313
22315 #EP #BI 4341 7378 22314
22316 #EP #BI 18 7378 22315
22317 #EP #BI 82 7378 22316
22318 #EP #BD 4375 22256 22317
22319 #EP #BI 4227 20069 22318
22320 #EP #BI 4010 15810 22319
4378 #NS 4334 fix_stuck
22321 #EA 21993 20326
22322 #EA 22321 5
22323 #EA 21992 22322
22324 #EA 21838 698
22325 #EA 22324 366
22326 #EA 22276 366
22327 #EA 22326 121
22328 #EA 22266 22327
22329 #EA 22280 82
22330 #EA 22328 22329
22331 #EA 17565 121
22332 #EA 22003 22331
22333 #EA 16663 860
22334 #EA 22333 698
22335 #EA 21993 22334
22336 #EA 22335 121
22337 #EA 16531 22336
22338 #EA 22337 910
22339 #EA 22013 22338
22340 #EP #BD 22 22332 22339
22341 #EP #BD 22 22330 22340
22342 #EP #BD 22 22325 22341
22343 #EP #BD 22 22323 22342
22344 #EP #BI 4377 7386 22343
22345 #EP #BI 4376 7401 22344
22346 #EP #BI 1627 0 22345
22347 #EP #BI 3321 7402 22346
22348 #EP #BI 4341 7378 22347
22349 #EP #BI 18 7378 22348
22350 #EP #BI 82 7378 22349
22351 #EP #BD 4375 22256 22350
22352 #EP #BI 4227 20069 22351
22353 #EP #BI 4010 15810 22352
4379 #NS 4334 fix_unguarded
22354 #EA 22255 1509
22355 #EA 21992 20326
22356 #EA 22276 121
22357 #EA 22356 82
22358 #EA 22266 22357
22359 #EA 22280 10
22360 #EA 22358 22359
22361 #EA 22288 698
22362 #EA 22079 22361
22363 #EA 22292 121
22364 #EA 22362 22363
22365 #EA 16531 22364
22366 #EA 22365 860
22367 #EA 22006 22366
22368 #EA 22367 82
22369 #EA 22013 121
22370 #EP #BD 22 22368 22369
22371 #EP #BD 22 22264 22370
22372 #EP #BD 22 22360 22371
22373 #EP #BD 22 22355 22372
22374 #EP #BI 232 7378 22373
22375 #EP #BI 4376 7401 22374
22376 #EP #BI 1627 0 22375
22377 #EP #BI 3321 7402 22376
22378 #EP #BI 4341 7378 22377
22379 #EP #BI 18 7378 22378
22380 #EP #BI 82 7378 22379
22381 #EP #BD 4375 22354 22380
22382 #EP #BI 4227 20069 22381
22383 #EP #BI 4010 15810 22382
4380 #NS 4334 app_cong
4381 #NS 0 f'
22384 #EA 21859 82
22385 #EA 22384 8
22386 #EC 4226 
22387 #EA 22386 366
22388 #EA 22387 10
22389 #EA 1666 22388
22390 #EA 22389 1504
22391 #EA 21824 121
22392 #EA 22391 10
22393 #EA 16531 698
22394 #EA 22393 366
22395 #EA 21828 22394
22396 #EA 22395 20239
22397 #EP #BD 22 22392 22396
22398 #EP #BD 22 22390 22397
22399 #EP #BD 22 22385 22398
22400 #EP #BI 684 7378 22399
22401 #EP #BI 4381 7378 22400
22402 #EP #BI 18 7378 22401
22403 #EP #BI 82 7378 22402
22404 #EP #BI 4227 20069 22403
22405 #EP #BI 4010 15810 22404
22406 #EP #BD 22 7378 20
22407 #EP #BD 22 7378 22406
22408 #EP #BD 4227 20069 22407
22409 #EP #BD 4010 15810 22408
#IND 2 4334 22409 22 4335 21796 4336 21804 4337 21811 4338 21816 4339 21822 4340 21853 4342 21872 4343 21892 4345 21913 4346 21971 4360 21991 4362 22035 4363 22115 4367 22131 4369 22175 4371 22225 4372 22237 4373 22253 4374 22320 4378 22353 4379 22383 4380 22405 
4382 #NS 3555 All2T
4383 #NS 4382 nil
4384 #NS 0 R
22410 #EP #BD 22 8 2
22411 #EP #BD 22 8 22410
22412 #EC 4382 
22413 #EA 22412 10
22414 #EA 22413 8
22415 #EA 22414 5
22416 #EA 771 10
22417 #EA 22415 22416
22418 #EA 771 8
22419 #EA 22417 22418
22420 #EP #BI 4384 22411 22419
22421 #EP #BI 38 2 22420
22422 #EP #BI 7 2 22421
4385 #NS 4382 cons
22423 #EA 767 121
22424 #EA 22412 860
22425 #EA 22424 698
22426 #EA 22425 366
22427 #EA 22426 10
22428 #EA 22427 8
22429 #EA 22412 910
22430 #EA 22429 860
22431 #EA 22430 698
22432 #EA 776 910
22433 #EA 22432 366
22434 #EA 22433 82
22435 #EA 22431 22434
22436 #EA 776 860
22437 #EA 22436 121
22438 #EA 22437 10
22439 #EA 22435 22438
22440 #EP #BD 22 22428 22439
22441 #EP #BD 22 372 22440
22442 #EP #BI 362 22423 22441
22443 #EP #BI 361 22423 22442
22444 #EP #BI 1021 10 22443
22445 #EP #BI 86 10 22444
22446 #EP #BI 4384 22411 22445
22447 #EP #BI 38 2 22446
22448 #EP #BI 7 2 22447
22449 #EA 767 10
22450 #EP #BD 22 22449 2
22451 #EP #BD 22 22449 22450
22452 #EP #BD 4384 22411 22451
22453 #EP #BI 38 2 22452
22454 #EP #BI 7 2 22453
#IND 3 4382 22454 2 4383 22422 4385 22448 
4386 #NS 3555 WcbvEvalT
4387 #NS 4386 box
22455 #EC 4386 
22456 #EA 22455 8
22457 #EA 22456 5
22458 #EA 22457 16418
22459 #EA 22458 16418
22460 #EP #BI 4227 20069 22459
22461 #EP #BI 4010 15810 22460
4388 #NS 4386 lam
22462 #EA 22455 82
22463 #EA 22462 10
22464 #EA 22463 16941
22465 #EA 22464 16941
22466 #EP #BD 59 7378 22465
22467 #EP #BD 4 7288 22466
22468 #EP #BI 4227 20069 22467
22469 #EP #BI 4010 15810 22468
4389 #NS 4386 fvar
22470 #EA 22455 10
22471 #EA 22470 8
22472 #EA 22471 16439
22473 #EA 22472 16439
22474 #EP #BD 86 7286 22473
22475 #EP #BI 4227 20069 22474
22476 #EP #BI 4010 15810 22475
4390 #NS 4386 prim
22477 #EA 22471 16687
22478 #EA 22477 16687
22479 #EP #BD 408 7404 22478
22480 #EP #BI 4227 20069 22479
22481 #EP #BI 4010 15810 22480
4391 #NS 4386 fix_atom
22482 #EA 22463 16979
22483 #EA 22482 16979
22484 #EP #BD 1571 0 22483
22485 #EP #BD 3321 7402 22484
22486 #EP #BI 4227 20069 22485
22487 #EP #BI 4010 15810 22486
4392 #NS 4386 beta
22488 #EA 22455 860
22489 #EA 22488 698
22490 #EA 22489 366
22491 #EA 22490 20202
22492 #EA 22455 910
22493 #EA 22492 860
22494 #EA 22493 366
22495 #EA 22494 10
22496 #EA 22455 911
22497 #EA 22496 910
22498 #EA 22497 21834
22499 #EA 22498 10
22500 #EA 22455 939
22501 #EA 22500 911
22502 #EA 22501 21840
22503 #EA 22502 82
22504 #EP #BD 22 22499 22503
22505 #EP #BD 22 22495 22504
22506 #EP #BD 22 22491 22505
22507 #EP #BI 232 7378 22506
22508 #EP #BI 4341 7378 22507
22509 #EP #BI 59 7378 22508
22510 #EP #BI 4 7288 22509
22511 #EP #BI 18 7378 22510
22512 #EP #BI 82 7378 22511
22513 #EP #BI 4227 20069 22512
22514 #EP #BI 4010 15810 22513
4393 #NS 4386 app_box
22515 #EA 22455 121
22516 #EA 22515 82
22517 #EA 22516 10
22518 #EA 22517 16418
22519 #EA 22455 366
22520 #EA 22519 121
22521 #EA 22520 10
22522 #EA 22521 8
22523 #EA 22455 698
22524 #EA 22523 366
22525 #EA 22524 20239
22526 #EA 22525 16418
22527 #EP #BD 22 22522 22526
22528 #EP #BD 22 22518 22527
22529 #EP #BI 4341 7378 22528
22530 #EP #BI 18 7378 22529
22531 #EP #BI 82 7378 22530
22532 #EP #BI 4227 20069 22531
22533 #EP #BI 4010 15810 22532
4394 #NS 4386 zeta
22534 #EA 22524 82
22535 #EA 22534 8
22536 #EA 22489 21876
22537 #EA 22536 8
22538 #EA 22493 21881
22539 #EA 22538 10
22540 #EP #BD 22 22537 22539
22541 #EP #BD 22 22535 22540
22542 #EP #BI 232 7378 22541
22543 #EP #BI 4344 7378 22542
22544 #EP #BI 59 7378 22543
22545 #EP #BI 39 7378 22544
22546 #EP #BI 4 7288 22545
22547 #EP #BI 4227 20069 22546
22548 #EP #BI 4010 15810 22547
4395 #NS 4386 delta
22549 #EA 22524 21904
22550 #EA 22549 10
22551 #EP #BD 22 22522 22550
22552 #EP #BD 22 21903 22551
22553 #EP #BI 232 7378 22552
22554 #EP #BI 1638 7378 22553
22555 #EP #BI 3226 7297 22554
22556 #EP #BI 4227 20069 22555
22557 #EP #BI 4010 15810 22556
4396 #NS 4386 construct
22558 #EA 22412 7378
22559 #EA 22558 7378
22560 #EA 22559 22524
22561 #EA 22560 8
22562 #EA 22561 5
22563 #EA 22489 20271
22564 #EA 20270 8
22565 #EA 22563 22564
22566 #EP #BD 4349 22562 22565
22567 #EP #BI 4347 7386 22566
22568 #EP #BI 3314 7386 22567
22569 #EP #BI 501 0 22568
22570 #EP #BI 4011 7300 22569
22571 #EP #BD 1513 21917 22570
22572 #EP #BI 4227 20069 22571
22573 #EP #BI 4010 15810 22572
4397 #NS 4386 construct_atom
22574 #EA 22524 21982
22575 #EA 22574 21982
22576 #EP #BD 22 21981 22575
22577 #EP #BI 4361 0 22576
22578 #EP #BI 318 0 22577
22579 #EP #BI 4011 7300 22578
22580 #EP #BD 1513 21972 22579
22581 #EP #BI 4227 20069 22580
22582 #EP #BI 4010 15810 22581
4398 #NS 4386 construct_app
22583 #EA 22497 698
22584 #EA 22583 21995
22585 #EA 22455 2582
22586 #EA 22585 2536
22587 #EA 22586 910
22588 #EA 22587 860
22589 #EA 22455 2591
22590 #EA 22589 2582
22591 #EA 22590 22012
22592 #EA 22591 22020
22593 #EP #BD 22 22588 22592
22594 #EP #BD 22 22004 22593
22595 #EP #BD 22 22002 22594
22596 #EP #BD 22 22584 22595
22597 #EP #BI 4361 0 22596
22598 #EP #BI 3314 7386 22597
22599 #EP #BI 318 0 22598
22600 #EP #BI 4011 7300 22599
22601 #EP #BI 684 7378 22600
22602 #EP #BI 18 7378 22601
22603 #EP #BI 82 7378 22602
22604 #EP #BD 1513 21972 22603
22605 #EP #BI 4227 20069 22604
22606 #EP #BI 4010 15810 22605
4399 #NS 4386 iota
22607 #EA 22586 698
22608 #EA 22607 22046
22609 #EA 22455 2682
22610 #EA 22609 2593
22611 #EA 22610 22085
22612 #EA 22611 121
22613 #EA 22455 2778
22614 #EA 22613 2682
22615 #EA 22614 22096
22616 #EA 22615 366
22617 #EP #BD 22 22612 22616
22618 #EP #BD 22 22076 22617
22619 #EP #BD 22 22068 22618
22620 #EP #BD 22 22608 22619
22621 #EP #BD 22 22040 22620
22622 #EP #BI 232 7378 22621
22623 #EP #BI 1638 7378 22622
22624 #EP #BI 4366 7393 22623
22625 #EP #BI 3314 7386 22624
22626 #EP #BI 3318 7396 22625
22627 #EP #BI 4365 7378 22626
22628 #EP #BI 501 0 22627
22629 #EP #BI 4364 0 22628
22630 #EP #BI 4011 7300 22629
22631 #EP #BD 1513 21972 22630
22632 #EP #BI 4227 20069 22631
22633 #EP #BI 4010 15810 22632
4400 #NS 4386 iota_block
22634 #EA 22607 22116
22635 #EP #BD 22 22634 22619
22636 #EP #BD 22 22040 22635
22637 #EP #BI 232 7378 22636
22638 #EP #BI 1638 7378 22637
22639 #EP #BI 4366 7393 22638
22640 #EP #BI 4368 7386 22639
22641 #EP #BI 3318 7396 22640
22642 #EP #BI 4365 7378 22641
22643 #EP #BI 501 0 22642
22644 #EP #BI 4364 0 22643
22645 #EP #BI 4011 7300 22644
22646 #EP #BD 1513 21917 22645
22647 #EP #BI 4227 20069 22646
22648 #EP #BI 4010 15810 22647
4401 #NS 4386 iota_sing
22649 #EA 22497 121
22650 #EA 22649 16418
22651 #EA 22501 22148
22652 #EA 22651 10
22653 #EA 22455 2536
22654 #EA 22653 939
22655 #EA 22654 22161
22656 #EA 22655 82
22657 #EP #BD 22 22652 22656
22658 #EP #BD 22 22650 22657
22659 #EP #BD 22 22139 22658
22660 #EP #BI 232 7378 22659
22661 #EP #BI 1638 7378 22660
22662 #EP #BI 4366 7393 22661
22663 #EP #BI 4365 7378 22662
22664 #EP #BI 4364 0 22663
22665 #EP #BI 4011 7300 22664
22666 #EP #BD 4370 22135 22665
22667 #EP #BI 4227 20069 22666
22668 #EP #BI 4010 15810 22667
4402 #NS 4386 proj
22669 #EA 22493 121
22670 #EA 22669 22188
22671 #EA 22501 121
22672 #EA 22671 82
22673 #EA 22654 22211
22674 #EA 22673 121
22675 #EP #BD 22 22672 22674
22676 #EP #BD 22 22207 22675
22677 #EP #BD 22 22670 22676
22678 #EP #BD 22 22181 22677
22679 #EP #BI 232 7378 22678
22680 #EP #BI 39 7378 22679
22681 #EP #BI 3314 7386 22680
22682 #EP #BI 4365 7378 22681
22683 #EP #BI 408 7310 22682
22684 #EP #BD 1513 21972 22683
22685 #EP #BI 4227 20069 22684
22686 #EP #BI 4010 15810 22685
4403 #NS 4386 proj_block
22687 #EA 22669 22226
22688 #EP #BD 22 22687 22676
22689 #EP #BD 22 22181 22688
22690 #EP #BI 232 7378 22689
22691 #EP #BI 39 7378 22690
22692 #EP #BI 4368 7386 22691
22693 #EP #BI 4365 7378 22692
22694 #EP #BI 408 7310 22693
22695 #EP #BD 1513 21917 22694
22696 #EP #BI 4227 20069 22695
22697 #EP #BI 4010 15810 22696
4404 #NS 4386 proj_prop
22698 #EA 22520 8
22699 #EA 22698 16418
22700 #EA 22524 20309
22701 #EA 22700 16418
22702 #EP #BD 22 22699 22701
22703 #EP #BD 22 22242 22702
22704 #EP #BI 4365 7378 22703
22705 #EP #BI 408 7310 22704
22706 #EP #BD 4370 22135 22705
22707 #EP #BI 4227 20069 22706
22708 #EP #BI 4010 15810 22707
4405 #NS 4386 fix_guarded
22709 #EA 22501 860
22710 #EA 22709 22261
22711 #EA 22654 860
22712 #EA 22711 698
22713 #EA 22455 2593
22714 #EA 22713 2591
22715 #EA 22714 22298
22716 #EA 22715 121
22717 #EA 22610 22302
22718 #EA 22717 366
22719 #EP #BD 22 22716 22718
22720 #EP #BD 22 22285 22719
22721 #EP #BD 22 22282 22720
22722 #EP #BD 22 22712 22721
22723 #EP #BD 22 22710 22722
22724 #EP #BI 232 7378 22723
22725 #EP #BI 4377 7386 22724
22726 #EP #BI 4376 7401 22725
22727 #EP #BI 1627 0 22726
22728 #EP #BI 3321 7402 22727
22729 #EP #BI 4341 7378 22728
22730 #EP #BI 18 7378 22729
22731 #EP #BI 82 7378 22730
22732 #EP #BD 4375 22256 22731
22733 #EP #BI 4227 20069 22732
22734 #EP #BI 4010 15810 22733
4406 #NS 4386 fix_stuck
22735 #EA 22583 22322
22736 #EA 22501 698
22737 #EA 22736 366
22738 #EA 22591 22338
22739 #EP #BD 22 22332 22738
22740 #EP #BD 22 22330 22739
22741 #EP #BD 22 22737 22740
22742 #EP #BD 22 22735 22741
22743 #EP #BI 4377 7386 22742
22744 #EP #BI 4376 7401 22743
22745 #EP #BI 1627 0 22744
22746 #EP #BI 3321 7402 22745
22747 #EP #BI 4341 7378 22746
22748 #EP #BI 18 7378 22747
22749 #EP #BI 82 7378 22748
22750 #EP #BD 4375 22256 22749
22751 #EP #BI 4227 20069 22750
22752 #EP #BI 4010 15810 22751
4407 #NS 4386 fix_unguarded
22753 #EA 22583 20326
22754 #EA 22586 22366
22755 #EA 22754 82
22756 #EA 22591 121
22757 #EP #BD 22 22755 22756
22758 #EP #BD 22 22712 22757
22759 #EP #BD 22 22360 22758
22760 #EP #BD 22 22753 22759
22761 #EP #BI 232 7378 22760
22762 #EP #BI 4376 7401 22761
22763 #EP #BI 1627 0 22762
22764 #EP #BI 3321 7402 22763
22765 #EP #BI 4341 7378 22764
22766 #EP #BI 18 7378 22765
22767 #EP #BI 82 7378 22766
22768 #EP #BD 4375 22354 22767
22769 #EP #BI 4227 20069 22768
22770 #EP #BI 4010 15810 22769
4408 #NS 4386 app_cong
22771 #EA 22520 82
22772 #EA 22771 8
22773 #EA 22489 121
22774 #EA 22773 10
22775 #EA 22493 22394
22776 #EA 22775 20239
22777 #EP #BD 22 22774 22776
22778 #EP #BD 22 22390 22777
22779 #EP #BD 22 22772 22778
22780 #EP #BI 684 7378 22779
22781 #EP #BI 4381 7378 22780
22782 #EP #BI 18 7378 22781
22783 #EP #BI 82 7378 22782
22784 #EP #BI 4227 20069 22783
22785 #EP #BI 4010 15810 22784
22786 #EP #BD 22 7378 2
22787 #EP #BD 22 7378 22786
22788 #EP #BD 4227 20069 22787
22789 #EP #BD 4010 15810 22788
#IND 2 4386 22789 22 4387 22461 4388 22469 4389 22476 4390 22481 4391 22487 4392 22514 4393 22533 4394 22548 4395 22557 4396 22573 4397 22582 4398 22606 4399 22633 4400 22648 4401 22668 4402 22686 4403 22697 4404 22708 4405 22734 4406 22752 4407 22770 4408 22785 
4409 #NS 0 Nonempty
4410 #NS 4409 intro
22790 #EC 4409 2
22791 #EA 22790 8
22792 #EP #BD 33 5 22791
22793 #EP #BI 7 72 22792
22794 #EP #BD 7 72 20
#IND 1 4409 22794 1 4410 22793 8
4411 #NS 4409 casesOn
22795 #EA 22790 5
22796 #EP #BD 76 22795 20
22797 #EC 4410 2
22798 #EA 22797 82
22799 #EA 22798 5
22800 #EA 10 22799
22801 #EP #BD 33 10 22800
22802 #EP #BD 1017 22801 229
22803 #EP #BD 76 22791 22802
22804 #EP #BI 75 22796 22803
22805 #EP #BI 7 72 22804
4412 #NS 4409 rec
22806 #EC 4412 2
22807 #EA 22806 82
22808 #EA 22807 10
22809 #EL #BD 33 82 356
22810 #EA 22808 22809
22811 #EA 22810 8
22812 #EL #BD 1017 22801 22811
22813 #EL #BD 76 22791 22812
22814 #EL #BI 75 22796 22813
22815 #EL #BI 7 72 22814
#DEF 4411 22805 22815 8
4413 #NS 548 Nonempty
4414 #NS 4413 elim
4415 #NS 4414 match_1_1
4416 #NS 693 _@
4417 #NS 4416 Init
4418 #NS 4417 Prelude
4419 #NI 4418 2135250728
4420 #NS 4419 _hygCtx
4421 #NS 4420 _hyg
4422 #NI 4421 13
22816 #EC 4409 11
22817 #EA 22816 5
22818 #EP #BD 4422 22817 20
22819 #EA 22816 8
22820 #EC 4410 11
22821 #EA 22820 82
22822 #EA 22821 5
22823 #EA 10 22822
22824 #EP #BD 18 10 22823
22825 #EP #BD 112 22824 229
22826 #EP #BD 4422 22819 22825
22827 #EP #BD 75 22818 22826
22828 #EP #BI 7 335 22827
22829 #EC 4411 11
22830 #EA 22829 82
22831 #EA 22816 82
22832 #EL #BD 86 22831 237
22833 #EA 22830 22832
22834 #EA 22833 8
22835 #EA 22834 22809
22836 #EL #BD 112 22824 22835
22837 #EL #BD 4422 22819 22836
22838 #EL #BD 75 22818 22837
22839 #EL #BI 7 335 22838
#DEF 4415 22828 22839 49
4423 #NS 4409 elim
22840 #EP #BD 768 79 10
22841 #EP #BD 693 22791 22840
22842 #EP #BI 408 20 22841
22843 #EP #BI 7 72 22842
22844 #EC 4415 2
22845 #EA 22844 82
22846 #EA 22790 82
22847 #EL #BD 4422 22846 82
22848 #EA 22845 22847
22849 #EA 22848 8
22850 #EA 22849 22809
22851 #EL #BD 768 79 22850
22852 #EL #BD 693 22791 22851
22853 #EL #BI 408 20 22852
22854 #EL #BI 7 72 22853
#DEF 4423 22843 22854 8
4424 #NS 4386 below
22855 #EA 22463 8
22856 #EA 22855 5
22857 #EP #BD 76 22856 72
22858 #EP #BD 22 7378 22857
22859 #EP #BD 22 7378 22858
22860 #EA 22559 22516
22861 #EA 22860 8
22862 #EA 22861 5
22863 #EP #BD 76 22862 72
22864 #EP #BD 22 7386 22863
22865 #EP #BD 22 7386 22864
22866 #EA 22698 5
22867 #EP #BD 76 22866 206
22868 #EP #BI 22 7378 22867
22869 #EP #BI 22 7378 22868
22870 #EP #BI 3262 22865 22869
22871 #EP #BI 3261 22859 22870
22872 #EP #BI 4227 20069 22871
22873 #EP #BI 4010 15810 22872
4425 #NS 4386 rec
22874 #EC 4425 17
22875 #EA 22874 698
22876 #EA 22875 366
22877 #EA 22493 8
22878 #EA 22877 5
22879 #EL #BD 76 22878 206
22880 #EL #BD 22 7378 22879
22881 #EL #BD 22 7378 22880
22882 #EA 22876 22881
22883 #EA 22559 22493
22884 #EA 22883 8
22885 #EA 22884 5
22886 #EL #BD 76 22885 206
22887 #EL #BD 22 7386 22886
22888 #EL #BD 22 7386 22887
22889 #EA 22882 22888
22890 #EA 22889 212
22891 #EL #BD 59 7378 212
22892 #EL #BD 4 7288 22891
22893 #EA 22890 22892
22894 #EA 22893 15947
22895 #EA 22894 16003
22896 #EL #BD 3321 7402 15945
22897 #EA 22895 22896
22898 #EA 22586 366
22899 #EA 22898 20202
22900 #EA 22590 366
22901 #EA 22900 10
22902 #EA 22714 21834
22903 #EA 22902 10
22904 #EA 2778 2536
22905 #EA 16459 911
22906 #EA 22905 910
22907 #EA 22904 22906
22908 #EA 22907 366
22909 #EA 214 22908
22910 #EA 22909 10
22911 #EA 15955 22910
22912 #EA 2778 939
22913 #EA 22912 860
22914 #EA 22913 121
22915 #EA 214 22914
22916 #EA 22915 8
22917 #EA 15955 22916
22918 #EA 17766 860
22919 #EA 22918 910
22920 #EA 2778 22919
22921 #EA 22920 698
22922 #EA 22921 82
22923 #EA 214 22922
22924 #EA 22923 5
22925 #EA 22917 22924
22926 #EA 22911 22925
22927 #EL #BD 649 206 22926
22928 #EL #BD 649 206 22927
22929 #EL #BD 649 206 22928
22930 #EL #BD 22 22903 22929
22931 #EL #BD 22 22901 22930
22932 #EL #BD 22 22899 22931
22933 #EL #BI 232 7378 22932
22934 #EL #BI 4341 7378 22933
22935 #EL #BI 59 7378 22934
22936 #EL #BI 4 7288 22935
22937 #EL #BI 18 7378 22936
22938 #EL #BI 82 7378 22937
22939 #EA 22897 22938
22940 #EA 22497 10
22941 #EA 22940 16418
22942 #EA 22501 10
22943 #EA 22942 8
22944 #EA 17776 16418
22945 #EA 22944 82
22946 #EA 214 22945
22947 #EA 22946 8
22948 #EA 15955 22947
22949 #EA 2536 366
22950 #EA 22949 121
22951 #EA 22950 10
22952 #EA 214 22951
22953 #EA 22952 5
22954 #EA 22948 22953
22955 #EL #BD 649 206 22954
22956 #EL #BD 649 206 22955
22957 #EL #BD 22 22943 22956
22958 #EL #BD 22 22941 22957
22959 #EL #BI 4341 7378 22958
22960 #EL #BI 18 7378 22959
22961 #EL #BI 82 7378 22960
22962 #EA 22939 22961
22963 #EA 22654 82
22964 #EA 22963 8
22965 #EA 22586 21876
22966 #EA 22965 8
22967 #EA 2591 860
22968 #EA 22967 366
22969 #EA 22968 82
22970 #EA 214 22969
22971 #EA 22970 8
22972 #EA 15955 22971
22973 #EA 17766 366
22974 #EA 22973 698
22975 #EA 2591 22974
22976 #EA 22975 121
22977 #EA 22976 10
22978 #EA 214 22977
22979 #EA 22978 5
22980 #EA 22972 22979
22981 #EL #BD 649 206 22980
22982 #EL #BD 649 206 22981
22983 #EL #BD 22 22966 22982
22984 #EL #BD 22 22964 22983
22985 #EL #BI 232 7378 22984
22986 #EL #BI 4344 7378 22985
22987 #EL #BI 59 7378 22986
22988 #EL #BI 39 7378 22987
22989 #EL #BI 4 7288 22988
22990 #EA 22962 22989
22991 #EA 19974 911
22992 #EA 22991 10
22993 #EA 21893 22992
22994 #EA 22993 21902
22995 #EA 939 121
22996 #EA 22995 82
22997 #EA 22996 8
22998 #EA 214 22997
22999 #EA 22998 5
23000 #EL #BD 649 206 22999
23001 #EL #BD 22 22943 23000
23002 #EL #BD 22 22994 23001
23003 #EL #BI 232 7378 23002
23004 #EL #BI 1638 7378 23003
23005 #EL #BI 3226 7297 23004
23006 #EA 22990 23005
23007 #EA 21914 366
23008 #EA 1666 23007
23009 #EA 23008 1504
23010 #EA 22559 22654
23011 #EA 23010 8
23012 #EA 23011 5
4426 #NS 0 hargs_ih
23013 #EA 17027 8
23014 #EA 214 23013
23015 #EA 23014 5
23016 #EL #BD 4426 206 23015
23017 #EL #BD 4349 23012 23016
23018 #EL #BI 4347 7386 23017
23019 #EL #BI 3314 7386 23018
23020 #EL #BI 501 0 23019
23021 #EL #BI 4011 7300 23020
23022 #EL #BD 1513 23009 23021
23023 #EA 23006 23022
23024 #EA 23008 1509
23025 #EA 21997 10
23026 #EA 23025 8
23027 #EA 21973 23026
23028 #EA 23027 21980
23029 #EL #BD 22 23028 212
23030 #EL #BI 4361 0 23029
23031 #EL #BI 318 0 23030
23032 #EL #BI 4011 7300 23031
23033 #EL #BD 1513 23024 23032
23034 #EA 23023 23033
23035 #EA 22714 698
23036 #EA 23035 21995
23037 #EA 21974 2682
23038 #EA 23037 121
23039 #EA 23038 82
23040 #EA 21973 23039
23041 #EA 23040 22001
23042 #EA 22455 2799
23043 #EA 23042 2778
23044 #EA 23043 910
23045 #EA 23044 860
23046 #EA 2801 2582
23047 #EA 22042 910
23048 #EA 23047 16697
23049 #EA 21993 23048
23050 #EA 23049 860
23051 #EA 23046 23050
23052 #EA 23051 366
23053 #EA 214 23052
23054 #EA 23053 8
23055 #EA 15955 23054
23056 #EA 2801 2536
23057 #EA 23056 939
23058 #EA 23057 10
23059 #EA 214 23058
23060 #EA 23059 5
23061 #EA 23055 23060
23062 #EL #BD 649 206 23061
23063 #EL #BD 649 206 23062
23064 #EL #BD 22 23045 23063
23065 #EL #BD 22 22004 23064
23066 #EL #BD 22 23041 23065
23067 #EL #BD 22 23036 23066
23068 #EL #BI 4361 0 23067
23069 #EL #BI 3314 7386 23068
23070 #EL #BI 318 0 23069
23071 #EL #BI 4011 7300 23070
23072 #EL #BI 684 7378 23071
23073 #EL #BI 18 7378 23072
23074 #EL #BI 82 7378 23073
23075 #EL #BD 1513 23024 23074
23076 #EA 23034 23075
23077 #EA 22036 2778
23078 #EA 23077 910
23079 #EA 1666 23078
23080 #EA 23079 1509
23081 #EA 23043 698
23082 #EA 23081 22046
23083 #EA 22455 4379
23084 #EA 23083 2855
23085 #EA 23084 22085
23086 #EA 23085 121
23087 #EA 4377 2582
23088 #EA 16578 2682
23089 #EA 23088 2591
23090 #EA 23089 16697
23091 #EA 21993 23090
23092 #EA 23091 939
23093 #EA 23087 23092
23094 #EA 23093 366
23095 #EA 214 23094
23096 #EA 23095 8
23097 #EA 15955 23096
23098 #EA 22070 2593
23099 #EA 23098 939
23100 #EA 22080 23099
23101 #EA 22079 23100
23102 #EA 23101 910
23103 #EA 4377 23102
23104 #EA 23103 860
23105 #EA 23104 10
23106 #EA 214 23105
23107 #EA 23106 5
23108 #EA 23097 23107
23109 #EL #BD 649 206 23108
23110 #EL #BD 649 206 23109
23111 #EL #BD 22 23086 23110
23112 #EL #BD 22 22076 23111
23113 #EL #BD 22 22068 23112
23114 #EL #BD 22 23082 23113
23115 #EL #BD 22 23080 23114
23116 #EL #BI 232 7378 23115
23117 #EL #BI 1638 7378 23116
23118 #EL #BI 4366 7393 23117
23119 #EL #BI 3314 7386 23118
23120 #EL #BI 3318 7396 23119
23121 #EL #BI 4365 7378 23120
23122 #EL #BI 501 0 23121
23123 #EL #BI 4364 0 23122
23124 #EL #BI 4011 7300 23123
23125 #EL #BD 1513 23024 23124
23126 #EA 23076 23125
23127 #EA 23081 22116
23128 #EA 23089 939
23129 #EA 23087 23128
23130 #EA 23129 366
23131 #EA 214 23130
23132 #EA 23131 8
23133 #EA 15955 23132
23134 #EA 23133 23107
23135 #EL #BD 649 206 23134
23136 #EL #BD 649 206 23135
23137 #EL #BD 22 23086 23136
23138 #EL #BD 22 22076 23137
23139 #EL #BD 22 22068 23138
23140 #EL #BD 22 23127 23139
23141 #EL #BD 22 23080 23140
23142 #EL #BI 232 7378 23141
23143 #EL #BI 1638 7378 23142
23144 #EL #BI 4366 7393 23143
23145 #EL #BI 4368 7386 23144
23146 #EL #BI 3318 7396 23145
23147 #EL #BI 4365 7378 23146
23148 #EL #BI 501 0 23147
23149 #EL #BI 4364 0 23148
23150 #EL #BI 4011 7300 23149
23151 #EL #BD 1513 23009 23150
23152 #EA 23126 23151
23153 #EA 22132 366
23154 #EA 1666 23153
23155 #EA 23154 1504
23156 #EA 22036 2591
23157 #EA 23156 366
23158 #EA 1666 23157
23159 #EA 23158 1504
23160 #EA 22714 121
23161 #EA 23160 16418
23162 #EA 22610 22148
23163 #EA 23162 10
23164 #EA 2778 910
23165 #EA 23164 16418
23166 #EA 23165 82
23167 #EA 214 23166
23168 #EA 23167 8
23169 #EA 15955 23168
23170 #EA 17523 860
23171 #EA 22143 23170
23172 #EA 23171 16418
23173 #EA 22079 23172
23174 #EA 23173 698
23175 #EA 2778 23174
23176 #EA 23175 366
23177 #EA 23176 10
23178 #EA 214 23177
23179 #EA 23178 5
23180 #EA 23169 23179
23181 #EL #BD 649 206 23180
23182 #EL #BD 649 206 23181
23183 #EL #BD 22 23163 23182
23184 #EL #BD 22 23161 23183
23185 #EL #BD 22 23159 23184
23186 #EL #BI 232 7378 23185
23187 #EL #BI 1638 7378 23186
23188 #EL #BI 4366 7393 23187
23189 #EL #BI 4365 7378 23188
23190 #EL #BI 4364 0 23189
23191 #EL #BI 4011 7300 23190
23192 #EL #BD 4370 23155 23191
23193 #EA 23152 23192
23194 #EA 22036 2582
23195 #EA 23194 22178
23196 #EA 1666 23195
23197 #EA 23196 1509
23198 #EA 22590 121
23199 #EA 23198 22188
23200 #EA 22610 121
23201 #EA 23200 82
23202 #EA 2778 911
23203 #EA 22177 939
23204 #EA 16578 23203
23205 #EA 23204 343
23206 #EA 23205 16697
23207 #EA 21993 23206
23208 #EA 23207 910
23209 #EA 23202 23208
23210 #EA 23209 121
23211 #EA 214 23210
23212 #EA 23211 8
23213 #EA 15955 23212
23214 #EA 2778 860
23215 #EA 23214 698
23216 #EA 23215 10
23217 #EA 214 23216
23218 #EA 23217 5
23219 #EA 23213 23218
23220 #EL #BD 649 206 23219
23221 #EL #BD 649 206 23220
23222 #EL #BD 22 23201 23221
23223 #EL #BD 22 22207 23222
23224 #EL #BD 22 23199 23223
23225 #EL #BD 22 23197 23224
23226 #EL #BI 232 7378 23225
23227 #EL #BI 39 7378 23226
23228 #EL #BI 3314 7386 23227
23229 #EL #BI 4365 7378 23228
23230 #EL #BI 408 7310 23229
23231 #EL #BD 1513 23024 23230
23232 #EA 23193 23231
23233 #EA 23198 22226
23234 #EA 23205 910
23235 #EA 23202 23234
23236 #EA 23235 121
23237 #EA 214 23236
23238 #EA 23237 8
23239 #EA 15955 23238
23240 #EA 23239 23218
23241 #EL #BD 649 206 23240
23242 #EL #BD 649 206 23241
23243 #EL #BD 22 23201 23242
23244 #EL #BD 22 22207 23243
23245 #EL #BD 22 23233 23244
23246 #EL #BD 22 23197 23245
23247 #EL #BI 232 7378 23246
23248 #EL #BI 39 7378 23247
23249 #EL #BI 4368 7386 23248
23250 #EL #BI 4365 7378 23249
23251 #EL #BI 408 7310 23250
23252 #EL #BD 1513 23009 23251
23253 #EA 23232 23252
23254 #EA 22036 911
23255 #EA 23254 22239
23256 #EA 1666 23255
23257 #EA 23256 1504
23258 #EA 22501 8
23259 #EA 23258 16418
23260 #EA 15968 16418
23261 #EA 23260 8
23262 #EA 214 23261
23263 #EA 23262 5
23264 #EL #BD 649 206 23263
23265 #EL #BD 22 23259 23264
23266 #EL #BD 22 23257 23265
23267 #EL #BI 4365 7378 23266
23268 #EL #BI 408 7310 23267
23269 #EL #BD 4370 23155 23268
23270 #EA 23253 23269
23271 #EA 21591 366
23272 #EA 1666 23271
23273 #EA 23272 1504
23274 #EA 22610 860
23275 #EA 23274 22261
23276 #EA 22614 860
23277 #EA 23276 698
23278 #EA 22455 2855
23279 #EA 23278 2801
23280 #EA 23279 22298
23281 #EA 23280 121
23282 #EA 4377 2682
23283 #EA 16663 2582
23284 #EA 23283 2536
23285 #EA 21993 23284
23286 #EA 23285 911
23287 #EA 23282 23286
23288 #EA 23287 860
23289 #EA 214 23288
23290 #EA 23289 10
23291 #EA 15955 23290
23292 #EA 4377 2593
23293 #EA 23292 2591
23294 #EA 23293 698
23295 #EA 214 23294
23296 #EA 23295 8
23297 #EA 15955 23296
23298 #EA 22288 2582
23299 #EA 22079 23298
23300 #EA 22292 939
23301 #EA 23299 23300
23302 #EA 21993 23301
23303 #EA 23302 911
23304 #EA 16531 23303
23305 #EA 23304 2591
23306 #EA 4377 23305
23307 #EA 23306 910
23308 #EA 23307 82
23309 #EA 214 23308
23310 #EA 23309 5
23311 #EA 23297 23310
23312 #EA 23291 23311
23313 #EL #BD 649 206 23312
23314 #EL #BD 649 206 23313
23315 #EL #BD 649 206 23314
23316 #EL #BD 22 23281 23315
23317 #EL #BD 22 22285 23316
23318 #EL #BD 22 22282 23317
23319 #EL #BD 22 23277 23318
23320 #EL #BD 22 23275 23319
23321 #EL #BI 232 7378 23320
23322 #EL #BI 4377 7386 23321
23323 #EL #BI 4376 7401 23322
23324 #EL #BI 1627 0 23323
23325 #EL #BI 3321 7402 23324
23326 #EL #BI 4341 7378 23325
23327 #EL #BI 18 7378 23326
23328 #EL #BI 82 7378 23327
23329 #EL #BD 4375 23273 23328
23330 #EA 23270 23329
23331 #EA 23035 22322
23332 #EA 22610 698
23333 #EA 23332 366
23334 #EA 16663 911
23335 #EA 23334 910
23336 #EA 21993 23335
23337 #EA 23336 698
23338 #EA 23046 23337
23339 #EA 23338 366
23340 #EA 214 23339
23341 #EA 23340 8
23342 #EA 15955 23341
23343 #EA 23057 121
23344 #EA 214 23343
23345 #EA 23344 5
23346 #EA 23342 23345
23347 #EL #BD 649 206 23346
23348 #EL #BD 649 206 23347
23349 #EL #BD 22 22332 23348
23350 #EL #BD 22 22330 23349
23351 #EL #BD 22 23333 23350
23352 #EL #BD 22 23331 23351
23353 #EL #BI 4377 7386 23352
23354 #EL #BI 4376 7401 23353
23355 #EL #BI 1627 0 23354
23356 #EL #BI 3321 7402 23355
23357 #EL #BI 4341 7378 23356
23358 #EL #BI 18 7378 23357
23359 #EL #BI 82 7378 23358
23360 #EL #BD 4375 23273 23359
23361 #EA 23330 23360
23362 #EA 23272 1509
23363 #EA 23035 20326
23364 #EA 23043 22366
23365 #EA 23364 82
23366 #EA 2855 2591
23367 #EA 16663 939
23368 #EA 23367 911
23369 #EA 23366 23368
23370 #EA 23369 698
23371 #EA 214 23370
23372 #EA 23371 10
23373 #EA 15955 23372
23374 #EA 2855 2582
23375 #EA 23374 2536
23376 #EA 23375 121
23377 #EA 214 23376
23378 #EA 23377 8
23379 #EA 15955 23378
23380 #EA 22288 939
23381 #EA 22079 23380
23382 #EA 22292 910
23383 #EA 23381 23382
23384 #EA 16531 23383
23385 #EA 23384 2536
23386 #EA 2855 23385
23387 #EA 23386 860
23388 #EA 23387 82
23389 #EA 214 23388
23390 #EA 23389 5
23391 #EA 23379 23390
23392 #EA 23373 23391
23393 #EL #BD 649 206 23392
23394 #EL #BD 649 206 23393
23395 #EL #BD 649 206 23394
23396 #EL #BD 22 23365 23395
23397 #EL #BD 22 23277 23396
23398 #EL #BD 22 22360 23397
23399 #EL #BD 22 23363 23398
23400 #EL #BI 232 7378 23399
23401 #EL #BI 4376 7401 23400
23402 #EL #BI 1627 0 23401
23403 #EL #BI 3321 7402 23402
23404 #EL #BI 4341 7378 23403
23405 #EL #BI 18 7378 23404
23406 #EL #BI 82 7378 23405
23407 #EL #BD 4375 23362 23406
23408 #EA 23361 23407
23409 #EA 22501 82
23410 #EA 23409 8
23411 #EA 22386 939
23412 #EA 23411 10
23413 #EA 1666 23412
23414 #EA 23413 1504
23415 #EA 22586 121
23416 #EA 23415 10
23417 #EA 2591 910
23418 #EA 23417 698
23419 #EA 23418 121
23420 #EA 214 23419
23421 #EA 23420 8
23422 #EA 15955 23421
23423 #EA 22968 10
23424 #EA 214 23423
23425 #EA 23424 5
23426 #EA 23422 23425
23427 #EL #BD 649 206 23426
23428 #EL #BD 649 206 23427
23429 #EL #BD 22 23416 23428
23430 #EL #BD 22 23414 23429
23431 #EL #BD 22 23410 23430
23432 #EL #BI 684 7378 23431
23433 #EL #BI 4381 7378 23432
23434 #EL #BI 18 7378 23433
23435 #EL #BI 82 7378 23434
23436 #EA 23408 23435
23437 #EA 23436 212
23438 #EA 23409 10
23439 #EA 23010 10
23440 #EA 23439 8
23441 #EA 13489 82
23442 #EA 214 23441
23443 #EA 23442 8
23444 #EA 15955 23443
23445 #EA 23444 22953
23446 #EL #BD 649 206 23445
23447 #EL #BD 649 206 23446
23448 #EL #BD 22 23440 23447
23449 #EL #BD 22 23438 23448
23450 #EL #BI 362 7386 23449
23451 #EL #BI 361 7386 23450
23452 #EL #BI 1021 7378 23451
23453 #EL #BI 86 7378 23452
23454 #EA 23437 23453
23455 #EA 23454 10
23456 #EA 23455 8
23457 #EA 23456 5
23458 #EL #BD 76 22866 23457
23459 #EL #BI 22 7378 23458
23460 #EL #BI 22 7378 23459
23461 #EL #BI 3262 22865 23460
23462 #EL #BI 3261 22859 23461
23463 #EL #BI 4227 20069 23462
23464 #EL #BI 4010 15810 23463
#DEF 4424 22873 23464 8
4427 #NS 4386 below_1
23465 #EA 22559 22520
23466 #EA 23465 8
23467 #EA 23466 5
23468 #EP #BD 76 23467 206
23469 #EP #BI 22 7386 23468
23470 #EP #BI 22 7386 23469
23471 #EP #BI 3262 22865 23470
23472 #EP #BI 3261 22859 23471
23473 #EP #BI 4227 20069 23472
23474 #EP #BI 4010 15810 23473
4428 #NS 4386 rec_1
23475 #EC 4428 17
23476 #EA 23475 698
23477 #EA 23476 366
23478 #EA 23477 22881
23479 #EA 23478 22888
23480 #EA 23479 212
23481 #EA 23480 22892
23482 #EA 23481 15947
23483 #EA 23482 16003
23484 #EA 23483 22896
23485 #EA 23484 22938
23486 #EA 23485 22961
23487 #EA 23486 22989
23488 #EA 23487 23005
23489 #EA 23488 23022
23490 #EA 23489 23033
23491 #EA 23490 23075
23492 #EA 23491 23125
23493 #EA 23492 23151
23494 #EA 23493 23192
23495 #EA 23494 23231
23496 #EA 23495 23252
23497 #EA 23496 23269
23498 #EA 23497 23329
23499 #EA 23498 23360
23500 #EA 23499 23407
23501 #EA 23500 23435
23502 #EA 23501 212
23503 #EA 23502 23453
23504 #EA 23503 10
23505 #EA 23504 8
23506 #EA 23505 5
23507 #EL #BD 76 23467 23506
23508 #EL #BI 22 7386 23507
23509 #EL #BI 22 7386 23508
23510 #EL #BI 3262 22865 23509
23511 #EL #BI 3261 22859 23510
23512 #EL #BI 4227 20069 23511
23513 #EL #BI 4010 15810 23512
#DEF 4427 23474 23513 8
4429 #NS 4386 brecOn
4430 #NS 4429 go
23514 #EC 4424 2
23515 #EA 23514 911
23516 #EA 23515 910
23517 #EA 23516 860
23518 #EA 23517 698
23519 #EA 23518 10
23520 #EA 23519 8
23521 #EA 23520 5
23522 #EP #BD 82 23521 17037
23523 #EP #BD 76 22878 23522
23524 #EP #BD 22 7378 23523
23525 #EP #BD 22 7378 23524
23526 #EA 22559 22497
23527 #EA 23526 8
23528 #EA 23527 5
23529 #EC 4427 2
23530 #EA 23529 939
23531 #EA 23530 911
23532 #EA 23531 910
23533 #EA 23532 860
23534 #EA 23533 10
23535 #EA 23534 8
23536 #EA 23535 5
23537 #EP #BD 82 23536 17037
23538 #EP #BD 76 23528 23537
23539 #EP #BD 22 7386 23538
23540 #EP #BD 22 7386 23539
23541 #EA 8179 82
23542 #EA 23541 10
23543 #EA 214 23542
23544 #EA 23514 910
23545 #EA 23544 860
23546 #EA 23545 698
23547 #EA 23546 366
23548 #EA 23547 121
23549 #EA 23548 82
23550 #EA 23549 10
23551 #EA 23543 23550
23552 #EP #BD 3282 23540 23551
23553 #EP #BD 81 23525 23552
23554 #EP #BD 76 22866 23553
23555 #EP #BI 22 7378 23554
23556 #EP #BI 22 7378 23555
23557 #EP #BI 3262 22865 23556
23558 #EP #BI 3261 22859 23557
23559 #EP #BI 4227 20069 23558
23560 #EP #BI 4010 15810 23559
23561 #EC 4425 15
23562 #EA 23561 910
23563 #EA 23562 860
23564 #EA 23258 5
23565 #EA 214 17177
23566 #EA 23514 2536
23567 #EA 23566 939
23568 #EA 23567 911
23569 #EA 23568 910
23570 #EA 23569 10
23571 #EA 23570 8
23572 #EA 23571 5
23573 #EA 23565 23572
23574 #EL #BD 76 23564 23573
23575 #EL #BD 22 7378 23574
23576 #EL #BD 22 7378 23575
23577 #EA 23563 23576
23578 #EA 22559 22501
23579 #EA 23578 8
23580 #EA 23579 5
23581 #EA 2302 5
23582 #EA 214 23581
23583 #EA 23529 2536
23584 #EA 23583 939
23585 #EA 23584 911
23586 #EA 23585 910
23587 #EA 23586 10
23588 #EA 23587 8
23589 #EA 23588 5
23590 #EA 23582 23589
23591 #EL #BD 76 23580 23590
23592 #EL #BD 22 7386 23591
23593 #EL #BD 22 7386 23592
23594 #EA 23577 23593
23595 #EA 698 16418
23596 #EA 23595 16418
23597 #EC 4387 
23598 #EA 23597 910
23599 #EA 23598 860
23600 #EA 23596 23599
23601 #EA 244 23600
23602 #EA 23601 212
23603 #EA 16935 16418
23604 #EA 23603 23599
23605 #EA 23604 250
23606 #EA 23602 23605
23607 #EA 23606 250
23608 #EA 23594 23607
23609 #EA 910 16941
23610 #EA 23609 16941
23611 #EC 4388 
23612 #EA 23611 939
23613 #EA 23612 911
23614 #EA 23613 8
23615 #EA 23614 5
23616 #EA 23610 23615
23617 #EA 244 23616
23618 #EA 23617 212
23619 #EA 20135 16941
23620 #EA 23619 23615
23621 #EA 23620 250
23622 #EA 23618 23621
23623 #EA 23622 250
23624 #EL #BD 59 7378 23623
23625 #EL #BD 4 7288 23624
23626 #EA 23608 23625
23627 #EA 860 16439
23628 #EA 23627 16439
23629 #EC 4389 
23630 #EA 23629 911
23631 #EA 23630 910
23632 #EA 23631 5
23633 #EA 23628 23632
23634 #EA 244 23633
23635 #EA 23634 212
23636 #EA 10 16439
23637 #EA 23636 16439
23638 #EA 23637 23632
23639 #EA 23638 250
23640 #EA 23635 23639
23641 #EA 23640 250
23642 #EL #BD 86 7286 23641
23643 #EA 23626 23642
23644 #EA 860 16687
23645 #EA 23644 16687
23646 #EC 4390 
23647 #EA 23646 911
23648 #EA 23647 910
23649 #EA 23648 5
23650 #EA 23645 23649
23651 #EA 244 23650
23652 #EA 23651 212
23653 #EA 21363 16687
23654 #EA 23653 23649
23655 #EA 23654 250
23656 #EA 23652 23655
23657 #EA 23656 250
23658 #EL #BD 408 7404 23657
23659 #EA 23643 23658
23660 #EA 910 16979
23661 #EA 23660 16979
23662 #EC 4391 
23663 #EA 23662 939
23664 #EA 23663 911
23665 #EA 23664 8
23666 #EA 23665 5
23667 #EA 23661 23666
23668 #EA 244 23667
23669 #EA 23668 212
23670 #EA 20409 16979
23671 #EA 23670 23666
23672 #EA 23671 250
23673 #EA 23669 23672
23674 #EA 23673 250
23675 #EL #BD 1571 0 23674
23676 #EL #BD 3321 7402 23675
23677 #EA 23659 23676
23678 #EA 22714 366
23679 #EA 23678 20202
23680 #EA 22610 366
23681 #EA 23680 10
23682 #EA 22614 21834
23683 #EA 23682 10
23684 #EA 2682 910
23685 #EA 16459 698
23686 #EA 23685 366
23687 #EA 23684 23686
23688 #EA 23687 10
23689 #EA 214 23688
23690 #EA 23514 2799
23691 #EA 23690 2778
23692 #EA 23691 2682
23693 #EA 23692 2593
23694 #EA 23693 910
23695 #EA 23694 23686
23696 #EA 23695 10
23697 #EA 23689 23696
23698 #EA 23164 366
23699 #EA 23698 10
23700 #EA 214 23699
23701 #EA 23514 2801
23702 #EA 23701 2799
23703 #EA 23702 2778
23704 #EA 23703 2682
23705 #EA 23704 910
23706 #EA 23705 366
23707 #EA 23706 10
23708 #EA 23700 23707
23709 #EA 17766 698
23710 #EA 23709 860
23711 #EA 2799 23710
23712 #EA 23711 366
23713 #EA 23712 10
23714 #EA 214 23713
23715 #EA 23514 2855
23716 #EA 23715 2801
23717 #EA 23716 2799
23718 #EA 23717 2778
23719 #EA 23718 23710
23720 #EA 23719 366
23721 #EA 23720 10
23722 #EA 23714 23721
23723 #EA 16531 2536
23724 #EA 23723 939
23725 #EA 2801 23724
23726 #EA 23725 698
23727 #EC 4392 
23728 #EA 23727 4379
23729 #EA 23728 2855
23730 #EA 23729 2536
23731 #EA 23730 939
23732 #EA 23731 911
23733 #EA 23732 910
23734 #EA 23733 860
23735 #EA 23734 698
23736 #EA 23735 366
23737 #EA 23736 121
23738 #EA 23737 82
23739 #EA 23726 23738
23740 #EA 244 23739
23741 #EA 23056 22906
23742 #EA 23741 366
23743 #EA 214 23742
23744 #EA 23514 4379
23745 #EA 23744 2855
23746 #EA 23745 2801
23747 #EA 23746 2799
23748 #EA 23747 2536
23749 #EA 23748 22906
23750 #EA 23749 366
23751 #EA 23743 23750
23752 #EA 15955 23751
23753 #EA 2801 939
23754 #EA 23753 860
23755 #EA 23754 121
23756 #EA 214 23755
23757 #EA 23747 939
23758 #EA 23757 860
23759 #EA 23758 121
23760 #EA 23756 23759
23761 #EA 15955 23760
23762 #EA 2801 22919
23763 #EA 23762 698
23764 #EA 23763 82
23765 #EA 214 23764
23766 #EA 23747 22919
23767 #EA 23766 698
23768 #EA 23767 82
23769 #EA 23765 23768
23770 #EA 23761 23769
23771 #EA 23752 23770
23772 #EA 23740 23771
23773 #EA 2591 23724
23774 #EA 23773 698
23775 #EA 23774 23738
23776 #EA 16514 23751
23777 #EA 23776 23770
23778 #EA 23777 10
23779 #EA 16514 23760
23780 #EA 23779 23769
23781 #EA 23780 8
23782 #EA 23781 5
23783 #EA 23778 23782
23784 #EA 23775 23783
23785 #EA 23772 23784
23786 #EA 23785 23783
23787 #EL #BD 649 23722 23786
23788 #EL #BD 649 23708 23787
23789 #EL #BD 649 23697 23788
23790 #EL #BD 22 23683 23789
23791 #EL #BD 22 23681 23790
23792 #EL #BD 22 23679 23791
23793 #EL #BI 232 7378 23792
23794 #EL #BI 4341 7378 23793
23795 #EL #BI 59 7378 23794
23796 #EL #BI 4 7288 23795
23797 #EL #BI 18 7378 23796
23798 #EL #BI 82 7378 23797
23799 #EA 23677 23798
23800 #EA 22654 10
23801 #EA 23800 16418
23802 #EA 22586 10
23803 #EA 23802 8
23804 #EA 2536 121
23805 #EA 23804 16418
23806 #EA 23805 8
23807 #EA 214 23806
23808 #EA 23514 2591
23809 #EA 23808 2582
23810 #EA 23809 2536
23811 #EA 23810 939
23812 #EA 23811 121
23813 #EA 23812 16418
23814 #EA 23813 8
23815 #EA 23807 23814
23816 #EA 2657 8
23817 #EA 214 23816
23818 #EA 23514 2593
23819 #EA 23818 2591
23820 #EA 23819 2582
23821 #EA 23820 2536
23822 #EA 23821 121
23823 #EA 23822 82
23824 #EA 23823 8
23825 #EA 23817 23824
23826 #EA 2591 22394
23827 #EA 23826 16418
23828 #EC 4393 
23829 #EA 23828 2682
23830 #EA 23829 2593
23831 #EA 23830 698
23832 #EA 23831 366
23833 #EA 23832 121
23834 #EA 23833 82
23835 #EA 23834 10
23836 #EA 23827 23835
23837 #EA 244 23836
23838 #EA 2591 698
23839 #EA 23838 16418
23840 #EA 23839 82
23841 #EA 214 23840
23842 #EA 23514 2682
23843 #EA 23842 2593
23844 #EA 23843 2591
23845 #EA 23844 2582
23846 #EA 23845 698
23847 #EA 23846 16418
23848 #EA 23847 82
23849 #EA 23841 23848
23850 #EA 15955 23849
23851 #EA 2591 366
23852 #EA 23851 121
23853 #EA 23852 10
23854 #EA 214 23853
23855 #EA 23845 366
23856 #EA 23855 121
23857 #EA 23856 10
23858 #EA 23854 23857
23859 #EA 23850 23858
23860 #EA 23837 23859
23861 #EA 910 22394
23862 #EA 23861 16418
23863 #EA 23862 23835
23864 #EA 16514 23849
23865 #EA 23864 23858
23866 #EA 23865 8
23867 #EA 23866 5
23868 #EA 23863 23867
23869 #EA 23860 23868
23870 #EA 23869 23867
23871 #EL #BD 649 23825 23870
23872 #EL #BD 649 23815 23871
23873 #EL #BD 22 23803 23872
23874 #EL #BD 22 23801 23873
23875 #EL #BI 4341 7378 23874
23876 #EL #BI 18 7378 23875
23877 #EL #BI 82 7378 23876
23878 #EA 23799 23877
23879 #EA 22590 82
23880 #EA 23879 8
23881 #EA 22714 21876
23882 #EA 23881 8
23883 #EA 23851 82
23884 #EA 23883 8
23885 #EA 214 23884
23886 #EA 23855 82
23887 #EA 23886 8
23888 #EA 23885 23887
23889 #EA 17766 121
23890 #EA 23889 366
23891 #EA 2593 23890
23892 #EA 23891 82
23893 #EA 23892 8
23894 #EA 214 23893
23895 #EA 23514 2778
23896 #EA 23895 2682
23897 #EA 23896 2593
23898 #EA 23897 2591
23899 #EA 23898 23890
23900 #EA 23899 82
23901 #EA 23900 8
23902 #EA 23894 23901
23903 #EA 16491 910
23904 #EA 23903 860
23905 #EA 23904 698
23906 #EA 2682 23905
23907 #EA 23906 121
23908 #EC 4394 
23909 #EA 23908 2799
23910 #EA 23909 2778
23911 #EA 23910 910
23912 #EA 23911 860
23913 #EA 23912 698
23914 #EA 23913 366
23915 #EA 23914 121
23916 #EA 23915 82
23917 #EA 23916 10
23918 #EA 23907 23917
23919 #EA 244 23918
23920 #EA 2682 860
23921 #EA 23920 366
23922 #EA 23921 82
23923 #EA 214 23922
23924 #EA 23693 860
23925 #EA 23924 366
23926 #EA 23925 82
23927 #EA 23923 23926
23928 #EA 15955 23927
23929 #EA 2682 22974
23930 #EA 23929 121
23931 #EA 23930 10
23932 #EA 214 23931
23933 #EA 23693 22974
23934 #EA 23933 121
23935 #EA 23934 10
23936 #EA 23932 23935
23937 #EA 23928 23936
23938 #EA 23919 23937
23939 #EA 939 23905
23940 #EA 23939 121
23941 #EA 23940 23917
23942 #EA 16514 23927
23943 #EA 23942 23936
23944 #EA 23943 8
23945 #EA 23944 5
23946 #EA 23941 23945
23947 #EA 23938 23946
23948 #EA 23947 23945
23949 #EL #BD 649 23902 23948
23950 #EL #BD 649 23888 23949
23951 #EL #BD 22 23882 23950
23952 #EL #BD 22 23880 23951
23953 #EL #BI 232 7378 23952
23954 #EL #BI 4344 7378 23953
23955 #EL #BI 59 7378 23954
23956 #EL #BI 39 7378 23955
23957 #EL #BI 4 7288 23956
23958 #EA 23878 23957
23959 #EA 19974 2536
23960 #EA 23959 10
23961 #EA 21893 23960
23962 #EA 23961 21902
23963 #EA 4117 10
23964 #EA 23963 5
23965 #EA 214 23964
23966 #EA 23811 82
23967 #EA 23966 10
23968 #EA 23967 5
23969 #EA 23965 23968
23970 #EA 16559 366
23971 #EA 2582 23970
23972 #EA 23971 82
23973 #EC 4395 
23974 #EA 23973 2593
23975 #EA 23974 2591
23976 #EA 23975 366
23977 #EA 23976 121
23978 #EA 23977 82
23979 #EA 23978 10
23980 #EA 23979 8
23981 #EA 23972 23980
23982 #EA 244 23981
23983 #EA 23982 23825
23984 #EA 860 23970
23985 #EA 23984 82
23986 #EA 23985 23980
23987 #EA 23986 5
23988 #EA 23983 23987
23989 #EA 23988 5
23990 #EL #BD 649 23969 23989
23991 #EL #BD 22 23803 23990
23992 #EL #BD 22 23962 23991
23993 #EL #BI 232 7378 23992
23994 #EL #BI 1638 7378 23993
23995 #EL #BI 3226 7297 23994
23996 #EA 23958 23995
23997 #EA 21914 860
23998 #EA 1666 23997
23999 #EA 23998 1504
24000 #EA 22559 22590
24001 #EA 24000 8
24002 #EA 24001 5
24003 #EA 17016 5
24004 #EA 214 24003
24005 #EA 23529 2593
24006 #EA 24005 2591
24007 #EA 24006 2582
24008 #EA 24007 2536
24009 #EA 24008 10
24010 #EA 24009 8
24011 #EA 24010 5
24012 #EA 24004 24011
24013 #EA 2591 21959
24014 #EA 24013 21961
24015 #EC 4396 
24016 #EA 24015 2682
24017 #EA 24016 2593
24018 #EA 24017 698
24019 #EA 24018 366
24020 #EA 24019 121
24021 #EA 24020 82
24022 #EA 24021 10
24023 #EA 24022 8
24024 #EA 24014 24023
24025 #EA 244 24024
24026 #EA 4352 10
24027 #EA 24026 8
24028 #EA 214 24027
24029 #EA 23529 2682
24030 #EA 24029 2593
24031 #EA 24030 2591
24032 #EA 24031 2582
24033 #EA 24032 82
24034 #EA 24033 10
24035 #EA 24034 8
24036 #EA 24028 24035
24037 #EA 24025 24036
24038 #EA 910 21959
24039 #EA 24038 21961
24040 #EA 24039 24023
24041 #EA 24040 5
24042 #EA 24037 24041
24043 #EA 24042 5
24044 #EL #BD 4426 24012 24043
24045 #EL #BD 4349 24002 24044
24046 #EL #BI 4347 7386 24045
24047 #EL #BI 3314 7386 24046
24048 #EL #BI 501 0 24047
24049 #EL #BI 4011 7300 24048
24050 #EL #BD 1513 23999 24049
24051 #EA 23996 24050
24052 #EA 23998 1509
24053 #EA 21974 2582
24054 #EA 24053 10
24055 #EA 24054 8
24056 #EA 21973 24055
24057 #EA 24056 21980
24058 #EA 2536 21982
24059 #EA 24058 21982
24060 #EC 4397 
24061 #EA 24060 2591
24062 #EA 24061 2582
24063 #EA 24062 121
24064 #EA 24063 82
24065 #EA 24064 10
24066 #EA 24065 8
24067 #EA 24066 5
24068 #EA 24059 24067
24069 #EA 244 24068
24070 #EA 24069 212
24071 #EA 698 21982
24072 #EA 24071 21982
24073 #EA 24072 24067
24074 #EA 24073 250
24075 #EA 24070 24074
24076 #EA 24075 250
24077 #EL #BD 22 24057 24076
24078 #EL #BI 4361 0 24077
24079 #EL #BI 318 0 24078
24080 #EL #BI 4011 7300 24079
24081 #EL #BD 1513 24052 24080
24082 #EA 24051 24081
24083 #EA 22614 698
24084 #EA 24083 21995
24085 #EA 21974 2799
24086 #EA 24085 121
24087 #EA 24086 82
24088 #EA 21973 24087
24089 #EA 24088 22001
24090 #EA 23279 910
24091 #EA 24090 860
24092 #EA 23753 22018
24093 #EA 24092 82
24094 #EA 214 24093
24095 #EA 23757 22018
24096 #EA 24095 82
24097 #EA 24094 24096
24098 #EA 2855 939
24099 #EA 24098 911
24100 #EA 24099 8
24101 #EA 214 24100
24102 #EA 23514 4377
24103 #EA 24102 4379
24104 #EA 24103 2855
24105 #EA 24104 2801
24106 #EA 24105 939
24107 #EA 24106 911
24108 #EA 24107 8
24109 #EA 24101 24108
24110 #EA 4379 22302
24111 #EA 16531 23050
24112 #EA 24111 939
24113 #EA 24110 24112
24114 #EC 4398 
24115 #EA 24114 4431
24116 #EA 24115 4377
24117 #EA 24116 2591
24118 #EA 24117 2582
24119 #EA 24118 2536
24120 #EA 24119 939
24121 #EA 24120 911
24122 #EA 24121 910
24123 #EA 24122 860
24124 #EA 24123 698
24125 #EA 24124 366
24126 #EA 24125 121
24127 #EA 24126 82
24128 #EA 24127 10
24129 #EA 24113 24128
24130 #EA 244 24129
24131 #EA 4379 2582
24132 #EA 24131 23050
24133 #EA 24132 366
24134 #EA 214 24133
24135 #EA 23514 4431
24136 #EA 24135 4377
24137 #EA 24136 4379
24138 #EA 24137 2855
24139 #EA 24138 2582
24140 #EA 24139 23050
24141 #EA 24140 366
24142 #EA 24134 24141
24143 #EA 15955 24142
24144 #EA 4379 2536
24145 #EA 24144 939
24146 #EA 24145 10
24147 #EA 214 24146
24148 #EA 24138 2536
24149 #EA 24148 939
24150 #EA 24149 10
24151 #EA 24147 24150
24152 #EA 24143 24151
24153 #EA 24130 24152
24154 #EA 2682 22302
24155 #EA 24154 24112
24156 #EA 24155 24128
24157 #EA 16514 24142
24158 #EA 24157 24151
24159 #EA 24158 8
24160 #EA 24159 5
24161 #EA 24156 24160
24162 #EA 24153 24161
24163 #EA 24162 24160
24164 #EL #BD 649 24109 24163
24165 #EL #BD 649 24097 24164
24166 #EL #BD 22 24091 24165
24167 #EL #BD 22 22004 24166
24168 #EL #BD 22 24089 24167
24169 #EL #BD 22 24084 24168
24170 #EL #BI 4361 0 24169
24171 #EL #BI 3314 7386 24170
24172 #EL #BI 318 0 24171
24173 #EL #BI 4011 7300 24172
24174 #EL #BI 684 7378 24173
24175 #EL #BI 18 7378 24174
24176 #EL #BI 82 7378 24175
24177 #EL #BD 1513 24052 24176
24178 #EA 24082 24177
24179 #EA 22036 2801
24180 #EA 24179 910
24181 #EA 1666 24180
24182 #EA 24181 1509
24183 #EA 23279 698
24184 #EA 24183 22046
24185 #EA 22455 4431
24186 #EA 24185 4377
24187 #EA 24186 22085
24188 #EA 24187 121
24189 #EA 4377 939
24190 #EA 16578 2591
24191 #EA 24190 2536
24192 #EA 24191 16697
24193 #EA 21993 24192
24194 #EA 24193 910
24195 #EA 24189 24194
24196 #EA 24195 82
24197 #EA 214 24196
24198 #EV 23
24199 #EA 23514 24198
24200 #EA 24199 4431
24201 #EA 24200 4377
24202 #EA 24201 4379
24203 #EA 24202 939
24204 #EA 24203 24194
24205 #EA 24204 82
24206 #EA 24197 24205
24207 #EA 22070 2591
24208 #EA 24207 911
24209 #EA 22080 24208
24210 #EA 22079 24209
24211 #EA 24210 860
24212 #EA 4431 24211
24213 #EA 24212 698
24214 #EA 24213 8
24215 #EA 214 24214
24216 #EV 24
24217 #EA 23514 24216
24218 #EA 24217 24198
24219 #EA 24218 4431
24220 #EA 24219 4377
24221 #EA 24220 24211
24222 #EA 24221 698
24223 #EA 24222 8
24224 #EA 24215 24223
24225 #EA 22091 2682
24226 #EA 24225 2593
24227 #EA 16610 24226
24228 #EA 24227 2582
24229 #EA 24228 2536
24230 #EA 24198 24229
24231 #EA 24230 860
24232 #EC 4399 
24233 #EV 25
24234 #EA 24232 24233
24235 #EA 24234 24216
24236 #EA 24235 2778
24237 #EA 24236 2682
24238 #EA 24237 2593
24239 #EA 24238 2591
24240 #EA 24239 2582
24241 #EA 24240 2536
24242 #EA 24241 939
24243 #EA 24242 911
24244 #EA 24243 910
24245 #EA 24244 860
24246 #EA 24245 698
24247 #EA 24246 366
24248 #EA 24247 121
24249 #EA 24248 82
24250 #EA 24249 10
24251 #EA 24231 24250
24252 #EA 244 24251
24253 #EA 24198 2582
24254 #EA 24253 23092
24255 #EA 24254 366
24256 #EA 214 24255
24257 #EA 23514 24233
24258 #EA 24257 24216
24259 #EA 24258 24198
24260 #EA 24259 4431
24261 #EA 24260 2582
24262 #EA 24261 23092
24263 #EA 24262 366
24264 #EA 24256 24263
24265 #EA 15955 24264
24266 #EA 24198 23102
24267 #EA 24266 860
24268 #EA 24267 10
24269 #EA 214 24268
24270 #EA 24260 23102
24271 #EA 24270 860
24272 #EA 24271 10
24273 #EA 24269 24272
24274 #EA 24265 24273
24275 #EA 24252 24274
24276 #EA 2801 24229
24277 #EA 24276 860
24278 #EA 24277 24250
24279 #EA 16514 24264
24280 #EA 24279 24273
24281 #EA 24280 8
24282 #EA 24281 5
24283 #EA 24278 24282
24284 #EA 24275 24283
24285 #EA 24284 24282
24286 #EL #BD 649 24224 24285
24287 #EL #BD 649 24206 24286
24288 #EL #BD 22 24188 24287
24289 #EL #BD 22 22076 24288
24290 #EL #BD 22 22068 24289
24291 #EL #BD 22 24184 24290
24292 #EL #BD 22 24182 24291
24293 #EL #BI 232 7378 24292
24294 #EL #BI 1638 7378 24293
24295 #EL #BI 4366 7393 24294
24296 #EL #BI 3314 7386 24295
24297 #EL #BI 3318 7396 24296
24298 #EL #BI 4365 7378 24297
24299 #EL #BI 501 0 24298
24300 #EL #BI 4364 0 24299
24301 #EL #BI 4011 7300 24300
24302 #EL #BD 1513 24052 24301
24303 #EA 24178 24302
24304 #EA 24183 22116
24305 #EA 24191 910
24306 #EA 24189 24305
24307 #EA 24306 82
24308 #EA 214 24307
24309 #EA 24203 24305
24310 #EA 24309 82
24311 #EA 24308 24310
24312 #EC 4400 
24313 #EA 24312 24233
24314 #EA 24313 24216
24315 #EA 24314 2778
24316 #EA 24315 2682
24317 #EA 24316 2593
24318 #EA 24317 2591
24319 #EA 24318 2582
24320 #EA 24319 2536
24321 #EA 24320 939
24322 #EA 24321 911
24323 #EA 24322 910
24324 #EA 24323 860
24325 #EA 24324 698
24326 #EA 24325 366
24327 #EA 24326 121
24328 #EA 24327 82
24329 #EA 24328 10
24330 #EA 24231 24329
24331 #EA 244 24330
24332 #EA 24253 23128
24333 #EA 24332 366
24334 #EA 214 24333
24335 #EA 24261 23128
24336 #EA 24335 366
24337 #EA 24334 24336
24338 #EA 15955 24337
24339 #EA 24338 24273
24340 #EA 24331 24339
24341 #EA 24277 24329
24342 #EA 16514 24337
24343 #EA 24342 24273
24344 #EA 24343 8
24345 #EA 24344 5
24346 #EA 24341 24345
24347 #EA 24340 24346
24348 #EA 24347 24345
24349 #EL #BD 649 24224 24348
24350 #EL #BD 649 24311 24349
24351 #EL #BD 22 24188 24350
24352 #EL #BD 22 22076 24351
24353 #EL #BD 22 22068 24352
24354 #EL #BD 22 24304 24353
24355 #EL #BD 22 24182 24354
24356 #EL #BI 232 7378 24355
24357 #EL #BI 1638 7378 24356
24358 #EL #BI 4366 7393 24357
24359 #EL #BI 4368 7386 24358
24360 #EL #BI 3318 7396 24359
24361 #EL #BI 4365 7378 24360
24362 #EL #BI 501 0 24361
24363 #EL #BI 4364 0 24362
24364 #EL #BI 4011 7300 24363
24365 #EL #BD 1513 23999 24364
24366 #EA 24303 24365
24367 #EA 22132 860
24368 #EA 1666 24367
24369 #EA 24368 1504
24370 #EA 22036 2682
24371 #EA 24370 366
24372 #EA 1666 24371
24373 #EA 24372 1504
24374 #EA 22614 121
24375 #EA 24374 16418
24376 #EA 23043 22148
24377 #EA 24376 10
24378 #EA 2778 698
24379 #EA 24378 16418
24380 #EA 24379 8
24381 #EA 214 24380
24382 #EA 23704 698
24383 #EA 24382 16418
24384 #EA 24383 8
24385 #EA 24381 24384
24386 #EA 17523 698
24387 #EA 22143 24386
24388 #EA 24387 16418
24389 #EA 22079 24388
24390 #EA 24389 366
24391 #EA 2799 24390
24392 #EA 24391 121
24393 #EA 24392 8
24394 #EA 214 24393
24395 #EA 23718 24390
24396 #EA 24395 121
24397 #EA 24396 8
24398 #EA 24394 24397
24399 #EA 22091 939
24400 #EA 24399 911
24401 #EA 16610 24400
24402 #EA 24401 910
24403 #EA 16849 860
24404 #EA 24403 698
24405 #EA 16757 24404
24406 #EA 24405 16729
24407 #EA 24402 24406
24408 #EA 2801 24407
24409 #EA 24408 366
24410 #EC 4401 
24411 #EA 24410 4379
24412 #EA 24411 2855
24413 #EA 24412 2536
24414 #EA 24413 939
24415 #EA 24414 911
24416 #EA 24415 910
24417 #EA 24416 860
24418 #EA 24417 698
24419 #EA 24418 366
24420 #EA 24419 121
24421 #EA 24420 82
24422 #EA 24421 10
24423 #EA 24409 24422
24424 #EA 244 24423
24425 #EA 2801 910
24426 #EA 24425 16418
24427 #EA 24426 82
24428 #EA 214 24427
24429 #EA 23747 910
24430 #EA 24429 16418
24431 #EA 24430 82
24432 #EA 24428 24431
24433 #EA 15955 24432
24434 #EA 2801 23174
24435 #EA 24434 366
24436 #EA 24435 10
24437 #EA 214 24436
24438 #EA 23747 23174
24439 #EA 24438 366
24440 #EA 24439 10
24441 #EA 24437 24440
24442 #EA 24433 24441
24443 #EA 24424 24442
24444 #EA 2591 24407
24445 #EA 24444 366
24446 #EA 24445 24422
24447 #EA 16514 24432
24448 #EA 24447 24441
24449 #EA 24448 8
24450 #EA 24449 5
24451 #EA 24446 24450
24452 #EA 24443 24451
24453 #EA 24452 24450
24454 #EL #BD 649 24398 24453
24455 #EL #BD 649 24385 24454
24456 #EL #BD 22 24377 24455
24457 #EL #BD 22 24375 24456
24458 #EL #BD 22 24373 24457
24459 #EL #BI 232 7378 24458
24460 #EL #BI 1638 7378 24459
24461 #EL #BI 4366 7393 24460
24462 #EL #BI 4365 7378 24461
24463 #EL #BI 4364 0 24462
24464 #EL #BI 4011 7300 24463
24465 #EL #BD 4370 24369 24464
24466 #EA 24366 24465
24467 #EA 22036 2593
24468 #EA 24467 22178
24469 #EA 1666 24468
24470 #EA 24469 1509
24471 #EA 23200 22188
24472 #EA 23043 121
24473 #EA 24472 82
24474 #EA 22177 910
24475 #EA 16578 24474
24476 #EA 24475 343
24477 #EA 24476 16697
24478 #EA 21993 24477
24479 #EA 24478 698
24480 #EA 23214 24479
24481 #EA 24480 10
24482 #EA 214 24481
24483 #EA 23704 860
24484 #EA 24483 24479
24485 #EA 24484 10
24486 #EA 24482 24485
24487 #EA 2799 698
24488 #EA 24487 366
24489 #EA 24488 8
24490 #EA 214 24489
24491 #EA 23718 698
24492 #EA 24491 366
24493 #EA 24492 8
24494 #EA 24490 24493
24495 #EA 16640 939
24496 #EA 24495 911
24497 #EA 2801 24496
24498 #EA 24497 698
24499 #EC 4402 
24500 #EA 24499 4379
24501 #EA 24500 2855
24502 #EA 24501 2536
24503 #EA 24502 939
24504 #EA 24503 911
24505 #EA 24504 910
24506 #EA 24505 860
24507 #EA 24506 698
24508 #EA 24507 366
24509 #EA 24508 121
24510 #EA 24509 82
24511 #EA 24510 10
24512 #EA 24498 24511
24513 #EA 244 24512
24514 #EA 2801 911
24515 #EA 24514 23208
24516 #EA 24515 121
24517 #EA 214 24516
24518 #EA 23747 911
24519 #EA 24518 23208
24520 #EA 24519 121
24521 #EA 24517 24520
24522 #EA 15955 24521
24523 #EA 2801 860
24524 #EA 24523 698
24525 #EA 24524 10
24526 #EA 214 24525
24527 #EA 23747 860
24528 #EA 24527 698
24529 #EA 24528 10
24530 #EA 24526 24529
24531 #EA 24522 24530
24532 #EA 24513 24531
24533 #EA 2591 24496
24534 #EA 24533 698
24535 #EA 24534 24511
24536 #EA 16514 24521
24537 #EA 24536 24530
24538 #EA 24537 8
24539 #EA 24538 5
24540 #EA 24535 24539
24541 #EA 24532 24540
24542 #EA 24541 24539
24543 #EL #BD 649 24494 24542
24544 #EL #BD 649 24486 24543
24545 #EL #BD 22 24473 24544
24546 #EL #BD 22 22207 24545
24547 #EL #BD 22 24471 24546
24548 #EL #BD 22 24470 24547
24549 #EL #BI 232 7378 24548
24550 #EL #BI 39 7378 24549
24551 #EL #BI 3314 7386 24550
24552 #EL #BI 4365 7378 24551
24553 #EL #BI 408 7310 24552
24554 #EL #BD 1513 24052 24553
24555 #EA 24466 24554
24556 #EA 23200 22226
24557 #EA 24476 698
24558 #EA 23214 24557
24559 #EA 24558 10
24560 #EA 214 24559
24561 #EA 24483 24557
24562 #EA 24561 10
24563 #EA 24560 24562
24564 #EC 4403 
24565 #EA 24564 4379
24566 #EA 24565 2855
24567 #EA 24566 2536
24568 #EA 24567 939
24569 #EA 24568 911
24570 #EA 24569 910
24571 #EA 24570 860
24572 #EA 24571 698
24573 #EA 24572 366
24574 #EA 24573 121
24575 #EA 24574 82
24576 #EA 24575 10
24577 #EA 24498 24576
24578 #EA 244 24577
24579 #EA 24514 23234
24580 #EA 24579 121
24581 #EA 214 24580
24582 #EA 24518 23234
24583 #EA 24582 121
24584 #EA 24581 24583
24585 #EA 15955 24584
24586 #EA 24585 24530
24587 #EA 24578 24586
24588 #EA 24534 24576
24589 #EA 16514 24584
24590 #EA 24589 24530
24591 #EA 24590 8
24592 #EA 24591 5
24593 #EA 24588 24592
24594 #EA 24587 24593
24595 #EA 24594 24592
24596 #EL #BD 649 24494 24595
24597 #EL #BD 649 24563 24596
24598 #EL #BD 22 24473 24597
24599 #EL #BD 22 22207 24598
24600 #EL #BD 22 24556 24599
24601 #EL #BD 22 24470 24600
24602 #EL #BI 232 7378 24601
24603 #EL #BI 39 7378 24602
24604 #EL #BI 4368 7386 24603
24605 #EL #BI 4365 7378 24604
24606 #EL #BI 408 7310 24605
24607 #EL #BD 1513 23999 24606
24608 #EA 24555 24607
24609 #EA 22037 22239
24610 #EA 1666 24609
24611 #EA 24610 1504
24612 #EA 22586 8
24613 #EA 24612 16418
24614 #EA 4168 16418
24615 #EA 24614 5
24616 #EA 214 24615
24617 #EA 23811 10
24618 #EA 24617 16418
24619 #EA 24618 5
24620 #EA 24616 24619
24621 #EA 16640 121
24622 #EA 24621 82
24623 #EA 2582 24622
24624 #EA 24623 16418
24625 #EC 4404 
24626 #EA 24625 2593
24627 #EA 24626 2591
24628 #EA 24627 366
24629 #EA 24628 121
24630 #EA 24629 82
24631 #EA 24630 10
24632 #EA 24631 8
24633 #EA 24624 24632
24634 #EA 244 24633
24635 #EA 4352 16418
24636 #EA 24635 8
24637 #EA 214 24636
24638 #EA 23821 82
24639 #EA 24638 16418
24640 #EA 24639 8
24641 #EA 24637 24640
24642 #EA 24634 24641
24643 #EA 860 24622
24644 #EA 24643 16418
24645 #EA 24644 24632
24646 #EA 24645 5
24647 #EA 24642 24646
24648 #EA 24647 5
24649 #EL #BD 649 24620 24648
24650 #EL #BD 22 24613 24649
24651 #EL #BD 22 24611 24650
24652 #EL #BI 4365 7378 24651
24653 #EL #BI 408 7310 24652
24654 #EL #BD 4370 24369 24653
24655 #EA 24608 24654
24656 #EA 21591 860
24657 #EA 1666 24656
24658 #EA 24657 1504
24659 #EA 23043 860
24660 #EA 24659 22261
24661 #EA 22455 2801
24662 #EA 24661 2799
24663 #EA 24662 860
24664 #EA 24663 698
24665 #EA 22455 4377
24666 #EA 24665 4379
24667 #EA 24666 22298
24668 #EA 24667 121
24669 #EA 24131 23337
24670 #EA 24669 121
24671 #EA 214 24670
24672 #EA 24139 23337
24673 #EA 24672 121
24674 #EA 24671 24673
24675 #EA 23087 2536
24676 #EA 24675 121
24677 #EA 214 24676
24678 #EA 24202 2582
24679 #EA 24678 2536
24680 #EA 24679 121
24681 #EA 24677 24680
24682 #EA 22288 2536
24683 #EA 22079 24682
24684 #EA 22292 911
24685 #EA 24683 24684
24686 #EA 21993 24685
24687 #EA 24686 910
24688 #EA 16531 24687
24689 #EA 24688 2582
24690 #EA 4431 24689
24691 #EA 24690 860
24692 #EA 24691 10
24693 #EA 214 24692
24694 #EA 24220 24689
24695 #EA 24694 860
24696 #EA 24695 10
24697 #EA 24693 24696
24698 #EA 16531 2682
24699 #EA 24698 2593
24700 #EA 24198 24699
24701 #EA 24700 910
24702 #EC 4405 
24703 #EA 24702 24233
24704 #EA 24703 24216
24705 #EA 24704 2778
24706 #EA 24705 2682
24707 #EA 24706 2593
24708 #EA 24707 2591
24709 #EA 24708 2582
24710 #EA 24709 2536
24711 #EA 24710 939
24712 #EA 24711 911
24713 #EA 24712 910
24714 #EA 24713 860
24715 #EA 24714 698
24716 #EA 24715 366
24717 #EA 24716 121
24718 #EA 24717 82
24719 #EA 24701 24718
24720 #EA 244 24719
24721 #EA 24198 2682
24722 #EA 24721 23286
24723 #EA 24722 860
24724 #EA 214 24723
24725 #EA 24260 2682
24726 #EA 24725 23286
24727 #EA 24726 860
24728 #EA 24724 24727
24729 #EA 15955 24728
24730 #EA 24198 2593
24731 #EA 24730 2591
24732 #EA 24731 698
24733 #EA 214 24732
24734 #EA 24260 2593
24735 #EA 24734 2591
24736 #EA 24735 698
24737 #EA 24733 24736
24738 #EA 15955 24737
24739 #EA 24198 23305
24740 #EA 24739 910
24741 #EA 24740 82
24742 #EA 214 24741
24743 #EA 24260 23305
24744 #EA 24743 910
24745 #EA 24744 82
24746 #EA 24742 24745
24747 #EA 24738 24746
24748 #EA 24729 24747
24749 #EA 24720 24748
24750 #EA 2801 24699
24751 #EA 24750 910
24752 #EA 24751 24718
24753 #EA 16514 24728
24754 #EA 24753 24747
24755 #EA 24754 10
24756 #EA 16514 24737
24757 #EA 24756 24746
24758 #EA 24757 8
24759 #EA 24758 5
24760 #EA 24755 24759
24761 #EA 24752 24760
24762 #EA 24749 24761
24763 #EA 24762 24760
24764 #EL #BD 649 24697 24763
24765 #EL #BD 649 24681 24764
24766 #EL #BD 649 24674 24765
24767 #EL #BD 22 24668 24766
24768 #EL #BD 22 22285 24767
24769 #EL #BD 22 22282 24768
24770 #EL #BD 22 24664 24769
24771 #EL #BD 22 24660 24770
24772 #EL #BI 232 7378 24771
24773 #EL #BI 4377 7386 24772
24774 #EL #BI 4376 7401 24773
24775 #EL #BI 1627 0 24774
24776 #EL #BI 3321 7402 24775
24777 #EL #BI 4341 7378 24776
24778 #EL #BI 18 7378 24777
24779 #EL #BI 82 7378 24778
24780 #EL #BD 4375 24658 24779
24781 #EA 24655 24780
24782 #EA 24083 22322
24783 #EA 23081 366
24784 #EA 23753 22336
24785 #EA 24784 82
24786 #EA 214 24785
24787 #EA 23757 22336
24788 #EA 24787 82
24789 #EA 24786 24788
24790 #EA 24099 82
24791 #EA 214 24790
24792 #EA 24107 82
24793 #EA 24791 24792
24794 #EA 16531 23337
24795 #EA 24794 939
24796 #EA 24110 24795
24797 #EC 4406 
24798 #EA 24797 4431
24799 #EA 24798 4377
24800 #EA 24799 2591
24801 #EA 24800 2582
24802 #EA 24801 2536
24803 #EA 24802 939
24804 #EA 24803 911
24805 #EA 24804 910
24806 #EA 24805 860
24807 #EA 24806 698
24808 #EA 24807 366
24809 #EA 24808 121
24810 #EA 24809 82
24811 #EA 24810 10
24812 #EA 24796 24811
24813 #EA 244 24812
24814 #EA 24669 366
24815 #EA 214 24814
24816 #EA 24672 366
24817 #EA 24815 24816
24818 #EA 15955 24817
24819 #EA 24145 121
24820 #EA 214 24819
24821 #EA 24149 121
24822 #EA 24820 24821
24823 #EA 24818 24822
24824 #EA 24813 24823
24825 #EA 24154 24795
24826 #EA 24825 24811
24827 #EA 16514 24817
24828 #EA 24827 24822
24829 #EA 24828 8
24830 #EA 24829 5
24831 #EA 24826 24830
24832 #EA 24824 24831
24833 #EA 24832 24830
24834 #EL #BD 649 24793 24833
24835 #EL #BD 649 24789 24834
24836 #EL #BD 22 22332 24835
24837 #EL #BD 22 22330 24836
24838 #EL #BD 22 24783 24837
24839 #EL #BD 22 24782 24838
24840 #EL #BI 4377 7386 24839
24841 #EL #BI 4376 7401 24840
24842 #EL #BI 1627 0 24841
24843 #EL #BI 3321 7402 24842
24844 #EL #BI 4341 7378 24843
24845 #EL #BI 18 7378 24844
24846 #EL #BI 82 7378 24845
24847 #EL #BD 4375 24658 24846
24848 #EA 24781 24847
24849 #EA 24657 1509
24850 #EA 24083 20326
24851 #EA 23279 22366
24852 #EA 24851 82
24853 #EA 23753 22334
24854 #EA 24853 82
24855 #EA 214 24854
24856 #EA 23757 22334
24857 #EA 24856 82
24858 #EA 24855 24857
24859 #EA 24099 10
24860 #EA 214 24859
24861 #EA 24107 10
24862 #EA 24860 24861
24863 #EA 22288 911
24864 #EA 22079 24863
24865 #EA 22292 860
24866 #EA 24864 24865
24867 #EA 16531 24866
24868 #EA 24867 939
24869 #EA 4379 24868
24870 #EA 24869 698
24871 #EA 24870 10
24872 #EA 214 24871
24873 #EA 24138 24868
24874 #EA 24873 698
24875 #EA 24874 10
24876 #EA 24872 24875
24877 #EA 16531 2591
24878 #EA 24877 2582
24879 #EA 4377 24878
24880 #EA 24879 860
24881 #EC 4407 
24882 #EA 24881 24198
24883 #EA 24882 4431
24884 #EA 24883 2593
24885 #EA 24884 2591
24886 #EA 24885 2582
24887 #EA 24886 2536
24888 #EA 24887 939
24889 #EA 24888 911
24890 #EA 24889 910
24891 #EA 24890 860
24892 #EA 24891 698
24893 #EA 24892 366
24894 #EA 24893 121
24895 #EA 24894 82
24896 #EA 24880 24895
24897 #EA 244 24896
24898 #EA 4377 2591
24899 #EA 24898 23368
24900 #EA 24899 698
24901 #EA 214 24900
24902 #EA 24202 2591
24903 #EA 24902 23368
24904 #EA 24903 698
24905 #EA 24901 24904
24906 #EA 15955 24905
24907 #EA 15955 24681
24908 #EA 4377 23385
24909 #EA 24908 860
24910 #EA 24909 82
24911 #EA 214 24910
24912 #EA 24202 23385
24913 #EA 24912 860
24914 #EA 24913 82
24915 #EA 24911 24914
24916 #EA 24907 24915
24917 #EA 24906 24916
24918 #EA 24897 24917
24919 #EA 2778 24878
24920 #EA 24919 860
24921 #EA 24920 24895
24922 #EA 16514 24905
24923 #EA 24922 24916
24924 #EA 24923 10
24925 #EA 16514 24681
24926 #EA 24925 24915
24927 #EA 24926 8
24928 #EA 24927 5
24929 #EA 24924 24928
24930 #EA 24921 24929
24931 #EA 24918 24930
24932 #EA 24931 24929
24933 #EL #BD 649 24876 24932
24934 #EL #BD 649 24862 24933
24935 #EL #BD 649 24858 24934
24936 #EL #BD 22 24852 24935
24937 #EL #BD 22 24664 24936
24938 #EL #BD 22 22360 24937
24939 #EL #BD 22 24850 24938
24940 #EL #BI 232 7378 24939
24941 #EL #BI 4376 7401 24940
24942 #EL #BI 1627 0 24941
24943 #EL #BI 3321 7402 24942
24944 #EL #BI 4341 7378 24943
24945 #EL #BI 18 7378 24944
24946 #EL #BI 82 7378 24945
24947 #EL #BD 4375 24849 24946
24948 #EA 24848 24947
24949 #EA 22586 82
24950 #EA 24949 8
24951 #EA 22386 2582
24952 #EA 24951 10
24953 #EA 1666 24952
24954 #EA 24953 1504
24955 #EA 23160 10
24956 #EA 23838 121
24957 #EA 24956 10
24958 #EA 214 24957
24959 #EA 23846 121
24960 #EA 24959 10
24961 #EA 24958 24960
24962 #EA 2593 698
24963 #EA 24962 121
24964 #EA 24963 8
24965 #EA 214 24964
24966 #EA 23898 698
24967 #EA 24966 121
24968 #EA 24967 8
24969 #EA 24965 24968
24970 #EA 2682 21840
24971 #EA 24970 22394
24972 #EC 4408 
24973 #EA 24972 2799
24974 #EA 24973 2778
24975 #EA 24974 910
24976 #EA 24975 860
24977 #EA 24976 698
24978 #EA 24977 366
24979 #EA 24978 121
24980 #EA 24979 82
24981 #EA 24980 10
24982 #EA 24971 24981
24983 #EA 244 24982
24984 #EA 23684 698
24985 #EA 24984 121
24986 #EA 214 24985
24987 #EA 23694 698
24988 #EA 24987 121
24989 #EA 24986 24988
24990 #EA 15955 24989
24991 #EA 23921 10
24992 #EA 214 24991
24993 #EA 23925 10
24994 #EA 24992 24993
24995 #EA 24990 24994
24996 #EA 24983 24995
24997 #EA 939 21840
24998 #EA 24997 22394
24999 #EA 24998 24981
25000 #EA 16514 24989
25001 #EA 25000 24994
25002 #EA 25001 8
25003 #EA 25002 5
25004 #EA 24999 25003
25005 #EA 24996 25004
25006 #EA 25005 25003
25007 #EL #BD 649 24969 25006
25008 #EL #BD 649 24961 25007
25009 #EL #BD 22 24955 25008
25010 #EL #BD 22 24954 25009
25011 #EL #BD 22 24950 25010
25012 #EL #BI 684 7378 25011
25013 #EL #BI 4381 7378 25012
25014 #EL #BI 18 7378 25013
25015 #EL #BI 82 7378 25014
25016 #EA 24948 25015
25017 #EA 366 16697
25018 #EA 25017 16697
25019 #EC 4383 
25020 #EA 25019 7378
25021 #EA 25020 7378
25022 #EA 25021 22493
25023 #EA 25018 25022
25024 #EA 244 25023
25025 #EA 25024 212
25026 #EA 5 16697
25027 #EA 25026 16697
25028 #EA 25027 25022
25029 #EA 25028 250
25030 #EA 25025 25029
25031 #EA 25030 250
25032 #EA 25016 25031
25033 #EA 24949 10
25034 #EA 24000 10
25035 #EA 25034 8
25036 #EA 2582 366
25037 #EA 25036 121
25038 #EA 25037 8
25039 #EA 214 25038
25040 #EA 23821 366
25041 #EA 25040 121
25042 #EA 25041 8
25043 #EA 25039 25042
25044 #EA 24032 121
25045 #EA 25044 82
25046 #EA 25045 8
25047 #EA 23817 25046
25048 #EA 16708 860
25049 #EA 25048 366
25050 #EA 2591 25049
25051 #EA 16708 698
25052 #EA 25051 121
25053 #EA 25050 25052
25054 #EC 4385 
25055 #EA 25054 7378
25056 #EA 25055 7378
25057 #EA 25056 22614
25058 #EA 25057 860
25059 #EA 25058 698
25060 #EA 25059 366
25061 #EA 25060 121
25062 #EA 25061 82
25063 #EA 25062 10
25064 #EA 25053 25063
25065 #EA 244 25064
25066 #EA 2593 860
25067 #EA 25066 698
25068 #EA 25067 82
25069 #EA 214 25068
25070 #EA 23898 860
25071 #EA 25070 698
25072 #EA 25071 82
25073 #EA 25069 25072
25074 #EA 15955 25073
25075 #EA 23529 2778
25076 #EA 25075 2682
25077 #EA 25076 2593
25078 #EA 25077 2591
25079 #EA 25078 366
25080 #EA 25079 121
25081 #EA 25080 10
25082 #EA 23854 25081
25083 #EA 25074 25082
25084 #EA 25065 25083
25085 #EA 910 25049
25086 #EA 25085 25052
25087 #EA 25086 25063
25088 #EA 16514 25073
25089 #EA 25088 25082
25090 #EA 25089 8
25091 #EA 25090 5
25092 #EA 25087 25091
25093 #EA 25084 25092
25094 #EA 25093 25091
25095 #EL #BD 649 25047 25094
25096 #EL #BD 649 25043 25095
25097 #EL #BD 22 25035 25096
25098 #EL #BD 22 25033 25097
25099 #EL #BI 362 7386 25098
25100 #EL #BI 361 7386 25099
25101 #EL #BI 1021 7378 25100
25102 #EL #BI 86 7378 25101
25103 #EA 25032 25102
25104 #EA 25103 121
25105 #EA 25104 82
25106 #EA 25105 10
25107 #EL #BD 3282 23540 25106
25108 #EL #BD 81 23525 25107
25109 #EL #BD 76 22866 25108
25110 #EL #BI 22 7378 25109
25111 #EL #BI 22 7378 25110
25112 #EL #BI 3262 22865 25111
25113 #EL #BI 3261 22859 25112
25114 #EL #BI 4227 20069 25113
25115 #EL #BI 4010 15810 25114
#DEF 4430 23560 25115 8
25116 #EP #BD 3282 23540 23542
25117 #EP #BD 81 23525 25116
25118 #EP #BD 76 22866 25117
25119 #EP #BI 22 7378 25118
25120 #EP #BI 22 7378 25119
25121 #EP #BI 3262 22865 25120
25122 #EP #BI 3261 22859 25121
25123 #EP #BI 4227 20069 25122
25124 #EP #BI 4010 15810 25123
25125 #EC 4430 2
25126 #EA 25125 910
25127 #EA 25126 860
25128 #EA 25127 698
25129 #EA 25128 366
25130 #EA 25129 121
25131 #EA 25130 82
25132 #EA 25131 10
25133 #EA 25132 8
25134 #EA 25133 5
25135 #EJ 70 0 25134
25136 #EL #BD 3282 23540 25135
25137 #EL #BD 81 23525 25136
25138 #EL #BD 76 22866 25137
25139 #EL #BI 22 7378 25138
25140 #EL #BI 22 7378 25139
25141 #EL #BI 3262 22865 25140
25142 #EL #BI 3261 22859 25141
25143 #EL #BI 4227 20069 25142
25144 #EL #BI 4010 15810 25143
#DEF 4429 25124 25144 8
4431 #NS 4386 casesOn
25145 #EA 22516 8
25146 #EA 25145 5
25147 #EA 20160 16418
25148 #EA 23597 366
25149 #EA 25148 121
25150 #EA 25147 25149
4432 #NS 0 lam
25151 #EA 16942 16941
25152 #EA 23611 910
25153 #EA 25152 860
25154 #EA 25153 8
25155 #EA 25154 5
25156 #EA 25151 25155
25157 #EP #BD 59 7378 25156
25158 #EP #BD 4 7288 25157
25159 #EA 16443 16439
25160 #EA 23629 910
25161 #EA 25160 860
25162 #EA 25161 5
25163 #EA 25159 25162
25164 #EP #BD 86 7286 25163
25165 #EP #BD 408 7404 23650
4433 #NS 0 fix_atom
25166 #EA 911 16979
25167 #EA 25166 16979
25168 #EA 23662 2536
25169 #EA 25168 939
25170 #EA 25169 8
25171 #EA 25170 5
25172 #EA 25167 25171
25173 #EP #BD 1571 0 25172
25174 #EP #BD 3321 7402 25173
4434 #NS 0 beta
25175 #EA 22614 366
25176 #EA 25175 20202
25177 #EA 23043 366
25178 #EA 25177 10
25179 #EA 24662 21834
25180 #EA 25179 10
25181 #EA 2799 21840
25182 #EA 25181 82
25183 #EA 23727 2855
25184 #EA 25183 2801
25185 #EA 25184 910
25186 #EA 25185 860
25187 #EA 25186 698
25188 #EA 25187 366
25189 #EA 25188 121
25190 #EA 25189 82
25191 #EA 25190 10
25192 #EA 25191 8
25193 #EA 25192 5
25194 #EA 25182 25193
25195 #EP #BD 22 25180 25194
25196 #EP #BD 22 25178 25195
25197 #EP #BD 22 25176 25196
25198 #EP #BI 232 7378 25197
25199 #EP #BI 4341 7378 25198
25200 #EP #BI 59 7378 25199
25201 #EP #BI 4 7288 25200
25202 #EP #BI 18 7378 25201
25203 #EP #BI 82 7378 25202
4435 #NS 0 app_box
25204 #EA 22714 10
25205 #EA 25204 16418
25206 #EA 22610 10
25207 #EA 25206 8
25208 #EA 2593 20239
25209 #EA 25208 16418
25210 #EA 23828 2778
25211 #EA 25210 2682
25212 #EA 25211 121
25213 #EA 25212 82
25214 #EA 25213 10
25215 #EA 25214 8
25216 #EA 25215 5
25217 #EA 25209 25216
25218 #EP #BD 22 25207 25217
25219 #EP #BD 22 25205 25218
25220 #EP #BI 4341 7378 25219
25221 #EP #BI 18 7378 25220
25222 #EP #BI 82 7378 25221
4436 #NS 0 zeta
25223 #EA 23043 82
25224 #EA 25223 8
25225 #EA 24662 21876
25226 #EA 25225 8
25227 #EA 2799 21881
25228 #EA 25227 10
25229 #EA 23908 2855
25230 #EA 25229 2801
25231 #EA 25230 698
25232 #EA 25231 366
25233 #EA 25232 121
25234 #EA 25233 82
25235 #EA 25234 10
25236 #EA 25235 8
25237 #EA 25236 5
25238 #EA 25228 25237
25239 #EP #BD 22 25226 25238
25240 #EP #BD 22 25224 25239
25241 #EP #BI 232 7378 25240
25242 #EP #BI 4344 7378 25241
25243 #EP #BI 59 7378 25242
25244 #EP #BI 39 7378 25243
25245 #EP #BI 4 7288 25244
4437 #NS 0 delta
25246 #EA 19974 2778
25247 #EA 25246 10
25248 #EA 21893 25247
25249 #EA 25248 21902
25250 #EA 23043 10
25251 #EA 25250 8
25252 #EA 2778 21904
25253 #EA 25252 10
25254 #EA 23973 2801
25255 #EA 25254 2799
25256 #EA 25255 121
25257 #EA 25256 82
25258 #EA 25257 10
25259 #EA 25258 8
25260 #EA 25259 5
25261 #EA 25253 25260
25262 #EP #BD 22 25251 25261
25263 #EP #BD 22 25249 25262
25264 #EP #BI 232 7378 25263
25265 #EP #BI 1638 7378 25264
25266 #EP #BI 3226 7297 25265
25267 #EA 21914 2591
25268 #EA 1666 25267
25269 #EA 25268 1504
25270 #EA 22559 23279
25271 #EA 25270 8
25272 #EA 25271 5
25273 #EA 2801 20271
25274 #EA 25273 22564
25275 #EA 24015 4379
25276 #EA 25275 2855
25277 #EA 25276 366
25278 #EA 25277 121
25279 #EA 25278 82
25280 #EA 25279 10
25281 #EA 25280 8
25282 #EA 25281 5
25283 #EA 25274 25282
25284 #EP #BD 4349 25272 25283
25285 #EP #BI 4347 7386 25284
25286 #EP #BI 3314 7386 25285
25287 #EP #BI 501 0 25286
25288 #EP #BI 4011 7300 25287
25289 #EP #BD 1513 25269 25288
4438 #NS 0 construct_atom
25290 #EA 21914 2593
25291 #EA 1666 25290
25292 #EA 25291 1509
25293 #EA 21974 2855
25294 #EA 25293 10
25295 #EA 25294 8
25296 #EA 21973 25295
25297 #EA 25296 21980
25298 #EA 2801 21982
25299 #EA 25298 21982
25300 #EA 24060 4379
25301 #EA 25300 2855
25302 #EA 25301 121
25303 #EA 25302 82
25304 #EA 25303 10
25305 #EA 25304 8
25306 #EA 25305 5
25307 #EA 25299 25306
25308 #EP #BD 22 25297 25307
25309 #EP #BI 4361 0 25308
25310 #EP #BI 318 0 25309
25311 #EP #BI 4011 7300 25310
25312 #EP #BD 1513 25292 25311
4439 #NS 0 construct_app
25313 #EA 21914 2682
25314 #EA 1666 25313
25315 #EA 25314 1509
25316 #EA 22455 24216
25317 #EA 25316 24198
25318 #EA 25317 698
25319 #EA 25318 21995
25320 #EA 21974 24233
25321 #EA 25320 121
25322 #EA 25321 82
25323 #EA 21973 25322
25324 #EA 25323 22001
25325 #EV 27
25326 #EA 22455 25325
25327 #EV 26
25328 #EA 25326 25327
25329 #EA 25328 910
25330 #EA 25329 860
25331 #EA 25327 22012
25332 #EA 25331 22020
25333 #EV 28
25334 #EA 24114 25333
25335 #EA 25334 25325
25336 #EA 25335 2536
25337 #EA 25336 939
25338 #EA 25337 911
25339 #EA 25338 910
25340 #EA 25339 860
25341 #EA 25340 698
25342 #EA 25341 366
25343 #EA 25342 121
25344 #EA 25343 82
25345 #EA 25344 10
25346 #EA 25345 8
25347 #EA 25346 5
25348 #EA 25332 25347
25349 #EP #BD 22 25330 25348
25350 #EP #BD 22 22004 25349
25351 #EP #BD 22 25324 25350
25352 #EP #BD 22 25319 25351
25353 #EP #BI 4361 0 25352
25354 #EP #BI 3314 7386 25353
25355 #EP #BI 318 0 25354
25356 #EP #BI 4011 7300 25355
25357 #EP #BI 684 7378 25356
25358 #EP #BI 18 7378 25357
25359 #EP #BI 82 7378 25358
25360 #EP #BD 1513 25315 25359
4440 #NS 0 iota
25361 #EA 21914 2778
25362 #EA 1666 25361
25363 #EA 25362 1509
25364 #EA 22036 25325
25365 #EA 25364 910
25366 #EA 1666 25365
25367 #EA 25366 1509
25368 #EA 22455 25333
25369 #EA 25368 25325
25370 #EA 25369 698
25371 #EA 25370 22046
25372 #EV 31
25373 #EA 22455 25372
25374 #EV 30
25375 #EA 25373 25374
25376 #EA 25375 22085
25377 #EA 25376 121
25378 #EA 25374 22096
25379 #EA 25378 366
25380 #EV 32
25381 #EA 24232 25380
25382 #EA 25381 25372
25383 #EA 25382 2593
25384 #EA 25383 2591
25385 #EA 25384 2582
25386 #EA 25385 2536
25387 #EA 25386 939
25388 #EA 25387 911
25389 #EA 25388 910
25390 #EA 25389 860
25391 #EA 25390 698
25392 #EA 25391 366
25393 #EA 25392 121
25394 #EA 25393 82
25395 #EA 25394 10
25396 #EA 25395 8
25397 #EA 25396 5
25398 #EA 25379 25397
25399 #EP #BD 22 25377 25398
25400 #EP #BD 22 22076 25399
25401 #EP #BD 22 22068 25400
25402 #EP #BD 22 25371 25401
25403 #EP #BD 22 25367 25402
25404 #EP #BI 232 7378 25403
25405 #EP #BI 1638 7378 25404
25406 #EP #BI 4366 7393 25405
25407 #EP #BI 3314 7386 25406
25408 #EP #BI 3318 7396 25407
25409 #EP #BI 4365 7378 25408
25410 #EP #BI 501 0 25409
25411 #EP #BI 4364 0 25410
25412 #EP #BI 4011 7300 25411
25413 #EP #BD 1513 25363 25412
4441 #NS 0 iota_block
25414 #EA 21914 2799
25415 #EA 1666 25414
25416 #EA 25415 1504
25417 #EA 22036 25333
25418 #EA 25417 910
25419 #EA 1666 25418
25420 #EA 25419 1509
25421 #EV 29
25422 #EA 22455 25421
25423 #EA 25422 25333
25424 #EA 25423 698
25425 #EA 25424 22116
25426 #EA 22455 25380
25427 #EA 25426 25372
25428 #EA 25427 22085
25429 #EA 25428 121
25430 #EA 25372 22096
25431 #EA 25430 366
25432 #EV 33
25433 #EA 24312 25432
25434 #EA 25433 25380
25435 #EA 25434 2593
25436 #EA 25435 2591
25437 #EA 25436 2582
25438 #EA 25437 2536
25439 #EA 25438 939
25440 #EA 25439 911
25441 #EA 25440 910
25442 #EA 25441 860
25443 #EA 25442 698
25444 #EA 25443 366
25445 #EA 25444 121
25446 #EA 25445 82
25447 #EA 25446 10
25448 #EA 25447 8
25449 #EA 25448 5
25450 #EA 25431 25449
25451 #EP #BD 22 25429 25450
25452 #EP #BD 22 22076 25451
25453 #EP #BD 22 22068 25452
25454 #EP #BD 22 25425 25453
25455 #EP #BD 22 25420 25454
25456 #EP #BI 232 7378 25455
25457 #EP #BI 1638 7378 25456
25458 #EP #BI 4366 7393 25457
25459 #EP #BI 4368 7386 25458
25460 #EP #BI 3318 7396 25459
25461 #EP #BI 4365 7378 25460
25462 #EP #BI 501 0 25461
25463 #EP #BI 4364 0 25462
25464 #EP #BI 4011 7300 25463
25465 #EP #BD 1513 25416 25464
4442 #NS 0 iota_sing
25466 #EA 22132 2801
25467 #EA 1666 25466
25468 #EA 25467 1504
25469 #EA 22036 25327
25470 #EA 25469 366
25471 #EA 1666 25470
25472 #EA 25471 1504
25473 #EA 25328 121
25474 #EA 25473 16418
25475 #EA 25369 22148
25476 #EA 25475 10
25477 #EA 25325 22161
25478 #EA 25477 82
25479 #EA 24410 25421
25480 #EA 25479 25333
25481 #EA 25480 911
25482 #EA 25481 910
25483 #EA 25482 860
25484 #EA 25483 698
25485 #EA 25484 366
25486 #EA 25485 121
25487 #EA 25486 82
25488 #EA 25487 10
25489 #EA 25488 8
25490 #EA 25489 5
25491 #EA 25478 25490
25492 #EP #BD 22 25476 25491
25493 #EP #BD 22 25474 25492
25494 #EP #BD 22 25472 25493
25495 #EP #BI 232 7378 25494
25496 #EP #BI 1638 7378 25495
25497 #EP #BI 4366 7393 25496
25498 #EP #BI 4365 7378 25497
25499 #EP #BI 4364 0 25498
25500 #EP #BI 4011 7300 25499
25501 #EP #BD 4370 25468 25500
25502 #EA 21914 2855
25503 #EA 1666 25502
25504 #EA 25503 1509
25505 #EA 25469 22178
25506 #EA 1666 25505
25507 #EA 25506 1509
25508 #EA 25473 22188
25509 #EA 25423 121
25510 #EA 25509 82
25511 #EA 25333 22211
25512 #EA 25511 121
25513 #EA 24499 25374
25514 #EA 25513 25421
25515 #EA 25514 911
25516 #EA 25515 910
25517 #EA 25516 860
25518 #EA 25517 698
25519 #EA 25518 366
25520 #EA 25519 121
25521 #EA 25520 82
25522 #EA 25521 10
25523 #EA 25522 8
25524 #EA 25523 5
25525 #EA 25512 25524
25526 #EP #BD 22 25510 25525
25527 #EP #BD 22 22207 25526
25528 #EP #BD 22 25508 25527
25529 #EP #BD 22 25507 25528
25530 #EP #BI 232 7378 25529
25531 #EP #BI 39 7378 25530
25532 #EP #BI 3314 7386 25531
25533 #EP #BI 4365 7378 25532
25534 #EP #BI 408 7310 25533
25535 #EP #BD 1513 25504 25534
4443 #NS 0 proj_block
25536 #EA 21914 4379
25537 #EA 1666 25536
25538 #EA 25537 1504
25539 #EA 25364 22178
25540 #EA 1666 25539
25541 #EA 25540 1509
25542 #EA 25369 121
25543 #EA 25542 22226
25544 #EA 22455 25374
25545 #EA 25544 25421
25546 #EA 25545 121
25547 #EA 25546 82
25548 #EA 25421 22211
25549 #EA 25548 121
25550 #EA 24564 25372
25551 #EA 25550 25374
25552 #EA 25551 911
25553 #EA 25552 910
25554 #EA 25553 860
25555 #EA 25554 698
25556 #EA 25555 366
25557 #EA 25556 121
25558 #EA 25557 82
25559 #EA 25558 10
25560 #EA 25559 8
25561 #EA 25560 5
25562 #EA 25549 25561
25563 #EP #BD 22 25547 25562
25564 #EP #BD 22 22207 25563
25565 #EP #BD 22 25543 25564
25566 #EP #BD 22 25541 25565
25567 #EP #BI 232 7378 25566
25568 #EP #BI 39 7378 25567
25569 #EP #BI 4368 7386 25568
25570 #EP #BI 4365 7378 25569
25571 #EP #BI 408 7310 25570
25572 #EP #BD 1513 25538 25571
4444 #NS 0 proj_prop
25573 #EA 22132 4377
25574 #EA 1666 25573
25575 #EA 25574 1504
25576 #EA 22036 24233
25577 #EA 25576 22239
25578 #EA 1666 25577
25579 #EA 25578 1504
25580 #EA 22455 25327
25581 #EA 25580 24233
25582 #EA 25581 8
25583 #EA 25582 16418
25584 #EA 24233 20309
25585 #EA 25584 16418
25586 #EA 24625 25325
25587 #EA 25586 25327
25588 #EA 25587 121
25589 #EA 25588 82
25590 #EA 25589 10
25591 #EA 25590 8
25592 #EA 25591 5
25593 #EA 25585 25592
25594 #EP #BD 22 25583 25593
25595 #EP #BD 22 25579 25594
25596 #EP #BI 4365 7378 25595
25597 #EP #BI 408 7310 25596
25598 #EP #BD 4370 25575 25597
4445 #NS 0 fix_guarded
25599 #EA 21591 4431
25600 #EA 1666 25599
25601 #EA 25600 1504
25602 #EA 25427 860
25603 #EA 25602 22261
25604 #EA 22455 25432
25605 #EA 25604 25380
25606 #EA 25605 860
25607 #EA 25606 698
25608 #EV 36
25609 #EA 22455 25608
25610 #EV 35
25611 #EA 25609 25610
25612 #EA 25611 22298
25613 #EA 25612 121
25614 #EA 25610 22302
25615 #EA 25614 366
25616 #EV 37
25617 #EA 24702 25616
25618 #EA 25617 25608
25619 #EA 25618 2591
25620 #EA 25619 2582
25621 #EA 25620 2536
25622 #EA 25621 939
25623 #EA 25622 911
25624 #EA 25623 910
25625 #EA 25624 860
25626 #EA 25625 698
25627 #EA 25626 366
25628 #EA 25627 121
25629 #EA 25628 82
25630 #EA 25629 10
25631 #EA 25630 8
25632 #EA 25631 5
25633 #EA 25615 25632
25634 #EP #BD 22 25613 25633
25635 #EP #BD 22 22285 25634
25636 #EP #BD 22 22282 25635
25637 #EP #BD 22 25607 25636
25638 #EP #BD 22 25603 25637
25639 #EP #BI 232 7378 25638
25640 #EP #BI 4377 7386 25639
25641 #EP #BI 4376 7401 25640
25642 #EP #BI 1627 0 25641
25643 #EP #BI 3321 7402 25642
25644 #EP #BI 4341 7378 25643
25645 #EP #BI 18 7378 25644
25646 #EP #BI 82 7378 25645
25647 #EP #BD 4375 25601 25646
4446 #NS 0 fix_stuck
25648 #EA 21591 24198
25649 #EA 1666 25648
25650 #EA 25649 1504
25651 #EA 25427 698
25652 #EA 25651 22322
25653 #EA 25605 698
25654 #EA 25653 366
25655 #EV 34
25656 #EA 25655 22012
25657 #EA 25656 22338
25658 #EA 24797 25608
25659 #EA 25658 25610
25660 #EA 25659 2536
25661 #EA 25660 939
25662 #EA 25661 911
25663 #EA 25662 910
25664 #EA 25663 860
25665 #EA 25664 698
25666 #EA 25665 366
25667 #EA 25666 121
25668 #EA 25667 82
25669 #EA 25668 10
25670 #EA 25669 8
25671 #EA 25670 5
25672 #EA 25657 25671
25673 #EP #BD 22 22332 25672
25674 #EP #BD 22 22330 25673
25675 #EP #BD 22 25654 25674
25676 #EP #BD 22 25652 25675
25677 #EP #BI 4377 7386 25676
25678 #EP #BI 4376 7401 25677
25679 #EP #BI 1627 0 25678
25680 #EP #BI 3321 7402 25679
25681 #EP #BI 4341 7378 25680
25682 #EP #BI 18 7378 25681
25683 #EP #BI 82 7378 25682
25684 #EP #BD 4375 25650 25683
4447 #NS 0 fix_unguarded
25685 #EA 21591 24216
25686 #EA 1666 25685
25687 #EA 25686 1509
25688 #EA 25653 20326
25689 #EA 22455 25610
25690 #EA 25689 25655
25691 #EA 25690 860
25692 #EA 25691 698
25693 #EA 25611 22366
25694 #EA 25693 82
25695 #EA 25610 22012
25696 #EA 25695 121
25697 #EA 24881 25616
25698 #EA 25697 25608
25699 #EA 25698 2536
25700 #EA 25699 939
25701 #EA 25700 911
25702 #EA 25701 910
25703 #EA 25702 860
25704 #EA 25703 698
25705 #EA 25704 366
25706 #EA 25705 121
25707 #EA 25706 82
25708 #EA 25707 10
25709 #EA 25708 8
25710 #EA 25709 5
25711 #EA 25696 25710
25712 #EP #BD 22 25694 25711
25713 #EP #BD 22 25692 25712
25714 #EP #BD 22 22360 25713
25715 #EP #BD 22 25688 25714
25716 #EP #BI 232 7378 25715
25717 #EP #BI 4376 7401 25716
25718 #EP #BI 1627 0 25717
25719 #EP #BI 3321 7402 25718
25720 #EP #BI 4341 7378 25719
25721 #EP #BI 18 7378 25720
25722 #EP #BI 82 7378 25721
25723 #EP #BD 4375 25687 25722
4448 #NS 0 app_cong
25724 #EA 25545 82
25725 #EA 25724 8
25726 #EA 22386 25374
25727 #EA 25726 10
25728 #EA 1666 25727
25729 #EA 25728 1504
25730 #EA 25427 121
25731 #EA 25730 10
25732 #EA 25372 22394
25733 #EA 25732 20239
25734 #EA 24972 25432
25735 #EA 25734 25380
25736 #EA 25735 698
25737 #EA 25736 366
25738 #EA 25737 121
25739 #EA 25738 82
25740 #EA 25739 10
25741 #EA 25740 8
25742 #EA 25741 5
25743 #EA 25733 25742
25744 #EP #BD 22 25731 25743
25745 #EP #BD 22 25729 25744
25746 #EP #BD 22 25725 25745
25747 #EP #BI 684 7378 25746
25748 #EP #BI 4381 7378 25747
25749 #EP #BI 18 7378 25748
25750 #EP #BI 82 7378 25749
25751 #EA 24233 24216
25752 #EA 25751 24198
25753 #EA 25752 4431
25754 #EP #BD 4448 25750 25753
25755 #EP #BD 4447 25723 25754
25756 #EP #BD 4446 25684 25755
25757 #EP #BD 4445 25647 25756
25758 #EP #BD 4444 25598 25757
25759 #EP #BD 4443 25572 25758
25760 #EP #BD 3298 25535 25759
25761 #EP #BD 4442 25501 25760
25762 #EP #BD 4441 25465 25761
25763 #EP #BD 4440 25413 25762
25764 #EP #BD 4439 25360 25763
25765 #EP #BD 4438 25312 25764
25766 #EP #BD 3296 25289 25765
25767 #EP #BD 4437 25266 25766
25768 #EP #BD 4436 25245 25767
25769 #EP #BD 4435 25222 25768
25770 #EP #BD 4434 25203 25769
25771 #EP #BD 4433 25174 25770
25772 #EP #BD 3300 25165 25771
25773 #EP #BD 3291 25164 25772
25774 #EP #BD 4432 25158 25773
25775 #EP #BD 3289 25150 25774
25776 #EP #BD 76 25146 25775
25777 #EP #BI 22 7378 25776
25778 #EP #BI 22 7378 25777
25779 #EP #BI 3261 22859 25778
25780 #EP #BI 4227 20069 25779
25781 #EP #BI 4010 15810 25780
25782 #EC 4425 2
25783 #EA 25782 25325
25784 #EA 25783 25327
25785 #EA 25784 24233
25786 #EA 22559 25423
25787 #EA 25786 8
25788 #EA 25787 5
25789 #EL #BD 76 25788 193
25790 #EL #BD 22 7386 25789
25791 #EL #BD 22 7386 25790
25792 #EA 25785 25791
25793 #EA 25792 4377
25794 #EA 4431 8
25795 #EA 25794 5
25796 #EL #BD 59 7378 25795
25797 #EL #BD 4 7288 25796
25798 #EA 25793 25797
25799 #EA 4379 5
25800 #EL #BD 86 7286 25799
25801 #EA 25798 25800
25802 #EA 2855 5
25803 #EL #BD 408 7404 25802
25804 #EA 25801 25803
25805 #EL #BD 1571 0 2859
25806 #EL #BD 3321 7402 25805
25807 #EA 25804 25806
25808 #EA 25605 366
25809 #EA 25808 20202
25810 #EA 22455 25655
25811 #EA 25810 25432
25812 #EA 25811 366
25813 #EA 25812 10
25814 #EA 25690 21834
25815 #EA 25814 10
25816 #EA 25655 910
25817 #EA 25816 23686
25818 #EA 25817 10
25819 #EA 25610 910
25820 #EA 25819 366
25821 #EA 25820 10
25822 #EA 25608 23710
25823 #EA 25822 366
25824 #EA 25823 10
25825 #EA 25333 2536
25826 #EA 25825 939
25827 #EA 25826 911
25828 #EA 25827 910
25829 #EA 25828 860
25830 #EA 25829 698
25831 #EA 25830 366
25832 #EA 25831 121
25833 #EA 25832 82
25834 #EL #BD 649 25824 25833
25835 #EL #BD 649 25821 25834
25836 #EL #BD 649 25818 25835
25837 #EL #BD 22 25815 25836
25838 #EL #BD 22 25813 25837
25839 #EL #BD 22 25809 25838
25840 #EL #BI 232 7378 25839
25841 #EL #BI 4341 7378 25840
25842 #EL #BI 59 7378 25841
25843 #EL #BI 4 7288 25842
25844 #EL #BI 18 7378 25843
25845 #EL #BI 82 7378 25844
25846 #EA 25807 25845
25847 #EA 25545 10
25848 #EA 25847 16418
25849 #EA 25375 10
25850 #EA 25849 8
25851 #EA 25374 121
25852 #EA 25851 16418
25853 #EA 25852 8
25854 #EA 25372 121
25855 #EA 25854 82
25856 #EA 25855 8
25857 #EA 4431 698
25858 #EA 25857 366
25859 #EA 25858 121
25860 #EA 25859 82
25861 #EA 25860 10
25862 #EL #BD 649 25856 25861
25863 #EL #BD 649 25853 25862
25864 #EL #BD 22 25850 25863
25865 #EL #BD 22 25848 25864
25866 #EL #BI 4341 7378 25865
25867 #EL #BI 18 7378 25866
25868 #EL #BI 82 7378 25867
25869 #EA 25846 25868
25870 #EA 25427 82
25871 #EA 25870 8
25872 #EA 25605 21876
25873 #EA 25872 8
25874 #EA 25380 366
25875 #EA 25874 82
25876 #EA 25875 8
25877 #EA 25432 23890
25878 #EA 25877 82
25879 #EA 25878 8
25880 #EA 24198 910
25881 #EA 25880 860
25882 #EA 25881 698
25883 #EA 25882 366
25884 #EA 25883 121
25885 #EA 25884 82
25886 #EA 25885 10
25887 #EL #BD 649 25879 25886
25888 #EL #BD 649 25876 25887
25889 #EL #BD 22 25873 25888
25890 #EL #BD 22 25871 25889
25891 #EL #BI 232 7378 25890
25892 #EL #BI 4344 7378 25891
25893 #EL #BI 59 7378 25892
25894 #EL #BI 39 7378 25893
25895 #EL #BI 4 7288 25894
25896 #EA 25869 25895
25897 #EA 19974 25374
25898 #EA 25897 10
25899 #EA 21893 25898
25900 #EA 25899 21902
25901 #EA 25374 82
25902 #EA 25901 10
25903 #EA 25902 5
25904 #EA 2855 366
25905 #EA 25904 121
25906 #EA 25905 82
25907 #EA 25906 10
25908 #EA 25907 8
25909 #EL #BD 649 25903 25908
25910 #EL #BD 22 25850 25909
25911 #EL #BD 22 25900 25910
25912 #EL #BI 232 7378 25911
25913 #EL #BI 1638 7378 25912
25914 #EL #BI 3226 7297 25913
25915 #EA 25896 25914
25916 #EA 21914 25327
25917 #EA 1666 25916
25918 #EA 25917 1504
25919 #EA 22559 25427
25920 #EA 25919 8
25921 #EA 25920 5
25922 #EA 2855 698
25923 #EA 25922 366
25924 #EA 25923 121
25925 #EA 25924 82
25926 #EA 25925 10
25927 #EA 25926 8
25928 #EL #BD 4426 193 25927
25929 #EL #BD 4349 25921 25928
25930 #EL #BI 4347 7386 25929
25931 #EL #BI 3314 7386 25930
25932 #EL #BI 501 0 25931
25933 #EL #BI 4011 7300 25932
25934 #EL #BD 1513 25918 25933
25935 #EA 25915 25934
25936 #EA 25917 1509
25937 #EA 21974 25372
25938 #EA 25937 10
25939 #EA 25938 8
25940 #EA 21973 25939
25941 #EA 25940 21980
25942 #EA 2829 8
25943 #EA 25942 5
25944 #EL #BD 22 25941 25943
25945 #EL #BI 4361 0 25944
25946 #EL #BI 318 0 25945
25947 #EL #BI 4011 7300 25946
25948 #EL #BD 1513 25936 25947
25949 #EA 25935 25948
25950 #EA 25690 698
25951 #EA 25950 21995
25952 #EA 21974 25608
25953 #EA 25952 121
25954 #EA 25953 82
25955 #EA 21973 25954
25956 #EA 25955 22001
25957 #EV 38
25958 #EA 22455 25957
25959 #EA 25958 25616
25960 #EA 25959 910
25961 #EA 25960 860
25962 #EA 25616 939
25963 #EA 25962 22018
25964 #EA 25963 82
25965 #EA 25957 939
25966 #EA 25965 911
25967 #EA 25966 8
25968 #EA 24216 2591
25969 #EA 25968 2582
25970 #EA 25969 2536
25971 #EA 25970 939
25972 #EA 25971 911
25973 #EA 25972 910
25974 #EA 25973 860
25975 #EA 25974 698
25976 #EA 25975 366
25977 #EA 25976 121
25978 #EA 25977 82
25979 #EA 25978 10
25980 #EL #BD 649 25967 25979
25981 #EL #BD 649 25964 25980
25982 #EL #BD 22 25961 25981
25983 #EL #BD 22 22004 25982
25984 #EL #BD 22 25956 25983
25985 #EL #BD 22 25951 25984
25986 #EL #BI 4361 0 25985
25987 #EL #BI 3314 7386 25986
25988 #EL #BI 318 0 25987
25989 #EL #BI 4011 7300 25988
25990 #EL #BI 684 7378 25989
25991 #EL #BI 18 7378 25990
25992 #EL #BI 82 7378 25991
25993 #EL #BD 1513 25936 25992
25994 #EA 25949 25993
25995 #EA 22036 25616
25996 #EA 25995 910
25997 #EA 1666 25996
25998 #EA 25997 1509
25999 #EA 25959 698
26000 #EA 25999 22046
26001 #EV 41
26002 #EA 22455 26001
26003 #EV 40
26004 #EA 26002 26003
26005 #EA 26004 22085
26006 #EA 26005 121
26007 #EA 26003 939
26008 #EA 26007 24194
26009 #EA 26008 82
26010 #EA 26001 24211
26011 #EA 26010 698
26012 #EA 26011 8
26013 #EA 25327 2778
26014 #EA 26013 2682
26015 #EA 26014 2593
26016 #EA 26015 2591
26017 #EA 26016 2582
26018 #EA 26017 2536
26019 #EA 26018 939
26020 #EA 26019 911
26021 #EA 26020 910
26022 #EA 26021 860
26023 #EA 26022 698
26024 #EA 26023 366
26025 #EA 26024 121
26026 #EA 26025 82
26027 #EA 26026 10
26028 #EL #BD 649 26012 26027
26029 #EL #BD 649 26009 26028
26030 #EL #BD 22 26006 26029
26031 #EL #BD 22 22076 26030
26032 #EL #BD 22 22068 26031
26033 #EL #BD 22 26000 26032
26034 #EL #BD 22 25998 26033
26035 #EL #BI 232 7378 26034
26036 #EL #BI 1638 7378 26035
26037 #EL #BI 4366 7393 26036
26038 #EL #BI 3314 7386 26037
26039 #EL #BI 3318 7396 26038
26040 #EL #BI 4365 7378 26039
26041 #EL #BI 501 0 26040
26042 #EL #BI 4364 0 26041
26043 #EL #BI 4011 7300 26042
26044 #EL #BD 1513 25936 26043
26045 #EA 25994 26044
26046 #EA 25999 22116
26047 #EA 26007 24305
26048 #EA 26047 82
26049 #EA 24233 2778
26050 #EA 26049 2682
26051 #EA 26050 2593
26052 #EA 26051 2591
26053 #EA 26052 2582
26054 #EA 26053 2536
26055 #EA 26054 939
26056 #EA 26055 911
26057 #EA 26056 910
26058 #EA 26057 860
26059 #EA 26058 698
26060 #EA 26059 366
26061 #EA 26060 121
26062 #EA 26061 82
26063 #EA 26062 10
26064 #EL #BD 649 26012 26063
26065 #EL #BD 649 26048 26064
26066 #EL #BD 22 26006 26065
26067 #EL #BD 22 22076 26066
26068 #EL #BD 22 22068 26067
26069 #EL #BD 22 26046 26068
26070 #EL #BD 22 25998 26069
26071 #EL #BI 232 7378 26070
26072 #EL #BI 1638 7378 26071
26073 #EL #BI 4366 7393 26072
26074 #EL #BI 4368 7386 26073
26075 #EL #BI 3318 7396 26074
26076 #EL #BI 4365 7378 26075
26077 #EL #BI 501 0 26076
26078 #EL #BI 4364 0 26077
26079 #EL #BI 4011 7300 26078
26080 #EL #BD 1513 25918 26079
26081 #EA 26045 26080
26082 #EA 22132 25327
26083 #EA 1666 26082
26084 #EA 26083 1504
26085 #EA 22036 25655
26086 #EA 26085 366
26087 #EA 1666 26086
26088 #EA 26087 1504
26089 #EA 25690 121
26090 #EA 26089 16418
26091 #EA 25611 22148
26092 #EA 26091 10
26093 #EA 25610 698
26094 #EA 26093 16418
26095 #EA 26094 8
26096 #EA 25608 24390
26097 #EA 26096 121
26098 #EA 26097 8
26099 #EA 2855 2536
26100 #EA 26099 939
26101 #EA 26100 911
26102 #EA 26101 910
26103 #EA 26102 860
26104 #EA 26103 698
26105 #EA 26104 366
26106 #EA 26105 121
26107 #EA 26106 82
26108 #EA 26107 10
26109 #EL #BD 649 26098 26108
26110 #EL #BD 649 26095 26109
26111 #EL #BD 22 26092 26110
26112 #EL #BD 22 26090 26111
26113 #EL #BD 22 26088 26112
26114 #EL #BI 232 7378 26113
26115 #EL #BI 1638 7378 26114
26116 #EL #BI 4366 7393 26115
26117 #EL #BI 4365 7378 26116
26118 #EL #BI 4364 0 26117
26119 #EL #BI 4011 7300 26118
26120 #EL #BD 4370 26084 26119
26121 #EA 26081 26120
26122 #EA 22036 25432
26123 #EA 26122 22178
26124 #EA 1666 26123
26125 #EA 26124 1509
26126 #EA 25811 121
26127 #EA 26126 22188
26128 #EA 25611 121
26129 #EA 26128 82
26130 #EA 25610 860
26131 #EA 26130 24479
26132 #EA 26131 10
26133 #EA 25608 698
26134 #EA 26133 366
26135 #EA 26134 8
26136 #EA 23057 911
26137 #EA 26136 910
26138 #EA 26137 860
26139 #EA 26138 698
26140 #EA 26139 366
26141 #EA 26140 121
26142 #EA 26141 82
26143 #EA 26142 10
26144 #EL #BD 649 26135 26143
26145 #EL #BD 649 26132 26144
26146 #EL #BD 22 26129 26145
26147 #EL #BD 22 22207 26146
26148 #EL #BD 22 26127 26147
26149 #EL #BD 22 26125 26148
26150 #EL #BI 232 7378 26149
26151 #EL #BI 39 7378 26150
26152 #EL #BI 3314 7386 26151
26153 #EL #BI 4365 7378 26152
26154 #EL #BI 408 7310 26153
26155 #EL #BD 1513 25936 26154
26156 #EA 26121 26155
26157 #EA 26126 22226
26158 #EA 26130 24557
26159 #EA 26158 10
26160 #EA 2799 2536
26161 #EA 26160 939
26162 #EA 26161 911
26163 #EA 26162 910
26164 #EA 26163 860
26165 #EA 26164 698
26166 #EA 26165 366
26167 #EA 26166 121
26168 #EA 26167 82
26169 #EA 26168 10
26170 #EL #BD 649 26135 26169
26171 #EL #BD 649 26159 26170
26172 #EL #BD 22 26129 26171
26173 #EL #BD 22 22207 26172
26174 #EL #BD 22 26157 26173
26175 #EL #BD 22 26125 26174
26176 #EL #BI 232 7378 26175
26177 #EL #BI 39 7378 26176
26178 #EL #BI 4368 7386 26177
26179 #EL #BI 4365 7378 26178
26180 #EL #BI 408 7310 26179
26181 #EL #BD 1513 25918 26180
26182 #EA 26156 26181
26183 #EA 22036 25374
26184 #EA 26183 22239
26185 #EA 1666 26184
26186 #EA 26185 1504
26187 #EA 25375 8
26188 #EA 26187 16418
26189 #EA 25374 10
26190 #EA 26189 16418
26191 #EA 26190 5
26192 #EA 939 366
26193 #EA 26192 121
26194 #EA 26193 82
26195 #EA 26194 10
26196 #EA 26195 8
26197 #EL #BD 649 26191 26196
26198 #EL #BD 22 26188 26197
26199 #EL #BD 22 26186 26198
26200 #EL #BI 4365 7378 26199
26201 #EL #BI 408 7310 26200
26202 #EL #BD 4370 26084 26201
26203 #EA 26182 26202
26204 #EA 21591 25327
26205 #EA 1666 26204
26206 #EA 26205 1504
26207 #EA 25611 860
26208 #EA 26207 22261
26209 #EA 22455 25616
26210 #EA 26209 25608
26211 #EA 26210 860
26212 #EA 26211 698
26213 #EA 22455 26003
26214 #EV 39
26215 #EA 26213 26214
26216 #EA 26215 22298
26217 #EA 26216 121
26218 #EA 26214 2582
26219 #EA 26218 23337
26220 #EA 26219 121
26221 #EA 26003 2582
26222 #EA 26221 2536
26223 #EA 26222 121
26224 #EA 26001 24689
26225 #EA 26224 860
26226 #EA 26225 10
26227 #EA 4379 2778
26228 #EA 26227 2682
26229 #EA 26228 2593
26230 #EA 26229 2591
26231 #EA 26230 2582
26232 #EA 26231 2536
26233 #EA 26232 939
26234 #EA 26233 911
26235 #EA 26234 910
26236 #EA 26235 860
26237 #EA 26236 698
26238 #EA 26237 366
26239 #EA 26238 121
26240 #EA 26239 82
26241 #EL #BD 649 26226 26240
26242 #EL #BD 649 26223 26241
26243 #EL #BD 649 26220 26242
26244 #EL #BD 22 26217 26243
26245 #EL #BD 22 22285 26244
26246 #EL #BD 22 22282 26245
26247 #EL #BD 22 26212 26246
26248 #EL #BD 22 26208 26247
26249 #EL #BI 232 7378 26248
26250 #EL #BI 4377 7386 26249
26251 #EL #BI 4376 7401 26250
26252 #EL #BI 1627 0 26251
26253 #EL #BI 3321 7402 26252
26254 #EL #BI 4341 7378 26253
26255 #EL #BI 18 7378 26254
26256 #EL #BI 82 7378 26255
26257 #EL #BD 4375 26206 26256
26258 #EA 26203 26257
26259 #EA 25950 22322
26260 #EA 25611 698
26261 #EA 26260 366
26262 #EA 25962 22336
26263 #EA 26262 82
26264 #EA 25966 82
26265 #EA 2778 2591
26266 #EA 26265 2582
26267 #EA 26266 2536
26268 #EA 26267 939
26269 #EA 26268 911
26270 #EA 26269 910
26271 #EA 26270 860
26272 #EA 26271 698
26273 #EA 26272 366
26274 #EA 26273 121
26275 #EA 26274 82
26276 #EA 26275 10
26277 #EL #BD 649 26264 26276
26278 #EL #BD 649 26263 26277
26279 #EL #BD 22 22332 26278
26280 #EL #BD 22 22330 26279
26281 #EL #BD 22 26261 26280
26282 #EL #BD 22 26259 26281
26283 #EL #BI 4377 7386 26282
26284 #EL #BI 4376 7401 26283
26285 #EL #BI 1627 0 26284
26286 #EL #BI 3321 7402 26285
26287 #EL #BI 4341 7378 26286
26288 #EL #BI 18 7378 26287
26289 #EL #BI 82 7378 26288
26290 #EL #BD 4375 26206 26289
26291 #EA 26258 26290
26292 #EA 26205 1509
26293 #EA 25950 20326
26294 #EA 25959 22366
26295 #EA 26294 82
26296 #EA 25962 22334
26297 #EA 26296 82
26298 #EA 25966 10
26299 #EA 26214 24868
26300 #EA 26299 698
26301 #EA 26300 10
26302 #EA 2778 2593
26303 #EA 26302 2591
26304 #EA 26303 2582
26305 #EA 26304 2536
26306 #EA 26305 939
26307 #EA 26306 911
26308 #EA 26307 910
26309 #EA 26308 860
26310 #EA 26309 698
26311 #EA 26310 366
26312 #EA 26311 121
26313 #EA 26312 82
26314 #EL #BD 649 26301 26313
26315 #EL #BD 649 26298 26314
26316 #EL #BD 649 26297 26315
26317 #EL #BD 22 26295 26316
26318 #EL #BD 22 26212 26317
26319 #EL #BD 22 22360 26318
26320 #EL #BD 22 26293 26319
26321 #EL #BI 232 7378 26320
26322 #EL #BI 4376 7401 26321
26323 #EL #BI 1627 0 26322
26324 #EL #BI 3321 7402 26323
26325 #EL #BI 4341 7378 26324
26326 #EL #BI 18 7378 26325
26327 #EL #BI 82 7378 26326
26328 #EL #BD 4375 26292 26327
26329 #EA 26291 26328
26330 #EA 25375 82
26331 #EA 26330 8
26332 #EA 22386 25372
26333 #EA 26332 10
26334 #EA 1666 26333
26335 #EA 26334 1504
26336 #EA 25605 121
26337 #EA 26336 10
26338 #EA 25380 698
26339 #EA 26338 121
26340 #EA 26339 10
26341 #EA 25432 698
26342 #EA 26341 121
26343 #EA 26342 8
26344 #EA 911 910
26345 #EA 26344 860
26346 #EA 26345 698
26347 #EA 26346 366
26348 #EA 26347 121
26349 #EA 26348 82
26350 #EA 26349 10
26351 #EL #BD 649 26343 26350
26352 #EL #BD 649 26340 26351
26353 #EL #BD 22 26337 26352
26354 #EL #BD 22 26335 26353
26355 #EL #BD 22 26331 26354
26356 #EL #BI 684 7378 26355
26357 #EL #BI 4381 7378 26356
26358 #EL #BI 18 7378 26357
26359 #EL #BI 82 7378 26358
26360 #EA 26329 26359
26361 #EA 26360 17062
26362 #EA 26330 10
26363 #EA 25919 10
26364 #EA 26363 8
26365 #EA 25372 366
26366 #EA 26365 121
26367 #EA 26366 8
26368 #EL #BD 649 26367 17064
26369 #EL #BD 22 26364 26368
26370 #EL #BD 22 26362 26369
26371 #EL #BI 362 7386 26370
26372 #EL #BI 361 7386 26371
26373 #EL #BI 1021 7378 26372
26374 #EL #BI 86 7378 26373
26375 #EA 26361 26374
26376 #EA 26375 24216
26377 #EA 26376 24198
26378 #EA 26377 4431
26379 #EL #BD 4448 25750 26378
26380 #EL #BD 4447 25723 26379
26381 #EL #BD 4446 25684 26380
26382 #EL #BD 4445 25647 26381
26383 #EL #BD 4444 25598 26382
26384 #EL #BD 4443 25572 26383
26385 #EL #BD 3298 25535 26384
26386 #EL #BD 4442 25501 26385
26387 #EL #BD 4441 25465 26386
26388 #EL #BD 4440 25413 26387
26389 #EL #BD 4439 25360 26388
26390 #EL #BD 4438 25312 26389
26391 #EL #BD 3296 25289 26390
26392 #EL #BD 4437 25266 26391
26393 #EL #BD 4436 25245 26392
26394 #EL #BD 4435 25222 26393
26395 #EL #BD 4434 25203 26394
26396 #EL #BD 4433 25174 26395
26397 #EL #BD 3300 25165 26396
26398 #EL #BD 3291 25164 26397
26399 #EL #BD 4432 25158 26398
26400 #EL #BD 3289 25150 26399
26401 #EL #BD 76 25146 26400
26402 #EL #BI 22 7378 26401
26403 #EL #BI 22 7378 26402
26404 #EL #BI 3261 22859 26403
26405 #EL #BI 4227 20069 26404
26406 #EL #BI 4010 15810 26405
#DEF 4431 25781 26406 8
4449 #NS 4386 toWcbvEval
4450 #NS 4449 match_1
4451 #NS 1650 Export
4452 #NS 4451 EvalT
4453 #NI 4452 256180002
4454 #NS 4453 _hygCtx
4455 #NI 4454 66
4456 #NS 4455 LeanToLambdaBox
4457 #NS 4456 Export
4458 #NS 4457 EvalT
4459 #NI 4458 256180002
4460 #NS 4459 _hygCtx
4461 #NS 4460 _hyg
4462 #NI 4461 93
4463 #NI 4454 67
4464 #NS 4463 LeanToLambdaBox
4465 #NS 4464 Export
4466 #NS 4465 EvalT
4467 #NI 4466 256180002
4468 #NS 4467 _hygCtx
4469 #NS 4468 _hyg
4470 #NI 4469 96
4471 #NI 4454 68
4472 #NS 4471 LeanToLambdaBox
4473 #NS 4472 Export
4474 #NS 4473 EvalT
4475 #NI 4474 256180002
4476 #NS 4475 _hygCtx
4477 #NS 4476 _hyg
4478 #NI 4477 99
26407 #EP #BD 4478 22856 20
26408 #EP #BD 4470 7378 26407
26409 #EP #BD 4462 7378 26408
26410 #EA 121 16418
26411 #EA 26410 16418
26412 #EA 23597 698
26413 #EA 26412 366
26414 #EA 26411 26413
26415 #EP #BD 0 333 26414
26416 #EA 698 16941
26417 #EA 26416 16941
26418 #EA 26417 25155
26419 #EP #BD 59 7378 26418
26420 #EP #BD 4 7288 26419
26421 #EA 698 16439
26422 #EA 26421 16439
26423 #EA 26422 25162
26424 #EP #BD 86 7286 26423
26425 #EA 860 16687
26426 #EA 26425 16687
26427 #EA 26426 23649
26428 #EP #BD 408 7404 26427
26429 #EA 911 16979
26430 #EA 26429 16979
26431 #EA 26430 25171
26432 #EP #BD 1571 0 26431
26433 #EP #BD 3321 7402 26432
4479 #NS 4454 _hyg
4480 #NI 4479 197
4481 #NS 82 _@
4482 #NS 4481 LeanToLambdaBox
4483 #NS 4482 Export
4484 #NS 4483 EvalT
4485 #NI 4484 256180002
4486 #NS 4485 _hygCtx
4487 #NS 4486 _hyg
4488 #NI 4487 192
4489 #NS 19 LeanToLambdaBox
4490 #NS 4489 Export
4491 #NS 4490 EvalT
4492 #NI 4491 256180002
4493 #NS 4492 _hygCtx
4494 #NS 4493 _hyg
4495 #NI 4494 193
4496 #NS 114 LeanToLambdaBox
4497 #NS 4496 Export
4498 #NS 4497 EvalT
4499 #NI 4498 256180002
4500 #NS 4499 _hygCtx
4501 #NS 4500 _hyg
4502 #NI 4501 194
4503 #NS 474 LeanToLambdaBox
4504 #NS 4503 Export
4505 #NS 4504 EvalT
4506 #NI 4505 256180002
4507 #NS 4506 _hygCtx
4508 #NS 4507 _hyg
4509 #NI 4508 195
4510 #NS 4341 _@
4511 #NS 4510 LeanToLambdaBox
4512 #NS 4511 Export
4513 #NS 4512 EvalT
4514 #NI 4513 256180002
4515 #NS 4514 _hygCtx
4516 #NS 4515 _hyg
4517 #NI 4516 196
4518 #NS 0 hf
26434 #EA 24374 16461
26435 #EA 24472 8
4519 #NS 0 hbody
26436 #EA 25225 860
26437 #EA 16531 860
26438 #EA 26437 698
26439 #EA 2799 26438
26440 #EA 26439 910
26441 #EA 25184 860
26442 #EA 26441 698
26443 #EA 26442 366
26444 #EA 26443 121
26445 #EA 26444 82
26446 #EA 26445 910
26447 #EA 26446 10
26448 #EA 26447 8
26449 #EA 26448 5
26450 #EA 26440 26449
26451 #EP #BD 4519 26436 26450
26452 #EP #BD 1519 26435 26451
26453 #EP #BD 4518 26434 26452
26454 #EP #BD 4517 7378 26453
26455 #EP #BD 4509 7378 26454
26456 #EP #BD 4502 7288 26455
26457 #EP #BD 4495 7378 26456
26458 #EP #BD 4488 7378 26457
26459 #EP #BD 4480 7378 26458
4520 #NI 4487 217
4521 #NI 4494 218
4522 #NI 4516 219
26460 #EA 2593 20239
26461 #EA 26460 16418
26462 #EA 26461 25216
26463 #EP #BD 1519 25207 26462
26464 #EP #BD 4518 25205 26463
26465 #EP #BD 4522 7378 26464
26466 #EP #BD 4521 7378 26465
26467 #EP #BD 4520 7378 26466
4523 #NI 4479 242
4524 #NI 4501 238
4525 #NS 39 _@
4526 #NS 4525 LeanToLambdaBox
4527 #NS 4526 Export
4528 #NS 4527 EvalT
4529 #NI 4528 256180002
4530 #NS 4529 _hygCtx
4531 #NS 4530 _hyg
4532 #NI 4531 239
4533 #NI 4508 240
4534 #NS 4344 _@
4535 #NS 4534 LeanToLambdaBox
4536 #NS 4535 Export
4537 #NS 4536 EvalT
4538 #NI 4537 256180002
4539 #NS 4538 _hygCtx
4540 #NS 4539 _hyg
4541 #NI 4540 241
4542 #NS 0 hv
26468 #EA 25250 5
26469 #EA 17766 8
26470 #EA 26469 10
26471 #EA 24662 26470
26472 #EA 26471 366
26473 #EA 2799 20218
26474 #EA 26473 698
26475 #EA 25230 366
26476 #EA 26475 121
26477 #EA 26476 82
26478 #EA 26477 10
26479 #EA 26478 698
26480 #EA 26479 8
26481 #EA 26480 5
26482 #EA 26474 26481
26483 #EP #BD 4519 26472 26482
26484 #EP #BD 4542 26468 26483
26485 #EP #BD 4541 7378 26484
26486 #EP #BD 4533 7378 26485
26487 #EP #BD 4532 7378 26486
26488 #EP #BD 4524 7288 26487
26489 #EP #BD 4523 7378 26488
4543 #NI 4479 263
4544 #NS 3226 _@
4545 #NS 4544 LeanToLambdaBox
4546 #NS 4545 Export
4547 #NS 4546 EvalT
4548 #NI 4547 256180002
4549 #NS 4548 _hygCtx
4550 #NS 4549 _hyg
4551 #NI 4550 261
4552 #NS 3589 Export
4553 #NS 4552 EvalT
4554 #NI 4553 256180002
4555 #NS 4554 _hygCtx
4556 #NS 4555 _hyg
4557 #NI 4556 262
4558 #NS 0 hlk
26490 #EA 25246 8
26491 #EA 21893 26490
26492 #EA 21898 5
26493 #EA 21897 26492
26494 #EA 18186 26493
26495 #EA 15900 26494
26496 #EA 26491 26495
26497 #EA 23043 8
26498 #EA 26497 82
26499 #EA 16559 82
26500 #EA 2778 26499
26501 #EA 26500 121
26502 #EA 25255 82
26503 #EA 26502 10
26504 #EA 26503 121
26505 #EA 26504 8
26506 #EA 26505 5
26507 #EA 26501 26506
26508 #EP #BD 4519 26498 26507
26509 #EP #BD 4558 26496 26508
26510 #EP #BD 4557 7378 26509
26511 #EP #BD 4551 7297 26510
26512 #EP #BD 4543 7378 26511
4559 #NS 4011 _@
4560 #NS 4559 LeanToLambdaBox
4561 #NS 4560 Export
4562 #NS 4561 EvalT
4563 #NI 4562 256180002
4564 #NS 4563 _hygCtx
4565 #NS 4564 _hyg
4566 #NI 4565 282
4567 #NS 967 LeanToLambdaBox
4568 #NS 4567 Export
4569 #NS 4568 EvalT
4570 #NI 4569 256180002
4571 #NS 4570 _hygCtx
4572 #NS 4571 _hyg
4573 #NI 4572 283
4574 #NS 3314 _@
4575 #NS 4574 LeanToLambdaBox
4576 #NS 4575 Export
4577 #NS 4576 EvalT
4578 #NI 4577 256180002
4579 #NS 4578 _hygCtx
4580 #NS 4579 _hyg
4581 #NI 4580 284
4582 #NS 4347 _@
4583 #NS 4582 LeanToLambdaBox
4584 #NS 4583 Export
4585 #NS 4584 EvalT
4586 #NI 4585 256180002
4587 #NS 4586 _hygCtx
4588 #NS 4587 _hyg
4589 #NI 4588 285
26513 #EA 2801 20271
26514 #EA 26513 22564
26515 #EA 26514 25282
26516 #EP #BD 4349 25272 26515
26517 #EP #BD 4589 7386 26516
26518 #EP #BD 4581 7386 26517
26519 #EP #BD 4573 0 26518
26520 #EP #BD 4566 7300 26519
26521 #EP #BD 1513 25269 26520
4590 #NI 4565 325
4591 #NS 4027 LeanToLambdaBox
4592 #NS 4591 Export
4593 #NS 4592 EvalT
4594 #NI 4593 256180002
4595 #NS 4594 _hygCtx
4596 #NS 4595 _hyg
4597 #NI 4596 326
4598 #NS 4361 _@
4599 #NS 4598 LeanToLambdaBox
4600 #NS 4599 Export
4601 #NS 4600 EvalT
4602 #NI 4601 256180002
4603 #NS 4602 _hygCtx
4604 #NS 4603 _hyg
4605 #NI 4604 327
4606 #NS 0 harity
26522 #EA 2801 21982
26523 #EA 26522 21982
26524 #EA 26523 25306
26525 #EP #BD 4606 25297 26524
26526 #EP #BD 4605 0 26525
26527 #EP #BD 4597 0 26526
26528 #EP #BD 4590 7300 26527
26529 #EP #BD 1513 25292 26528
4607 #NI 4487 352
4608 #NI 4494 353
4609 #NS 684 _@
4610 #NS 4609 LeanToLambdaBox
4611 #NS 4610 Export
4612 #NS 4611 EvalT
4613 #NI 4612 256180002
4614 #NS 4613 _hygCtx
4615 #NS 4614 _hyg
4616 #NI 4615 354
4617 #NI 4565 355
4618 #NI 4596 356
4619 #NI 4580 357
4620 #NI 4604 358
4621 #NS 0 hlt
26530 #EA 25327 22012
26531 #EA 26530 22020
26532 #EA 26531 25347
26533 #EP #BD 1519 25330 26532
26534 #EP #BD 4621 22004 26533
26535 #EP #BD 4606 25324 26534
26536 #EP #BD 4518 25319 26535
26537 #EP #BD 4620 0 26536
26538 #EP #BD 4619 7386 26537
26539 #EP #BD 4618 0 26538
26540 #EP #BD 4617 7300 26539
26541 #EP #BD 4616 7378 26540
26542 #EP #BD 4608 7378 26541
26543 #EP #BD 4607 7378 26542
26544 #EP #BD 1513 25315 26543
4622 #NS 0 h_13
4623 #NI 4479 396
26545 #EA 25415 1509
4624 #NI 4565 388
4625 #NS 4364 _@
4626 #NS 4625 LeanToLambdaBox
4627 #NS 4626 Export
4628 #NS 4627 EvalT
4629 #NI 4628 256180002
4630 #NS 4629 _hygCtx
4631 #NS 4630 _hyg
4632 #NI 4631 389
4633 #NI 4572 390
4634 #NS 4365 _@
4635 #NS 4634 LeanToLambdaBox
4636 #NS 4635 Export
4637 #NS 4636 EvalT
4638 #NI 4637 256180002
4639 #NS 4638 _hygCtx
4640 #NS 4639 _hyg
4641 #NI 4640 391
4642 #NS 3318 _@
4643 #NS 4642 LeanToLambdaBox
4644 #NS 4643 Export
4645 #NS 4644 EvalT
4646 #NI 4645 256180002
4647 #NS 4646 _hygCtx
4648 #NS 4647 _hyg
4649 #NI 4648 392
4650 #NI 4580 393
4651 #NS 4366 _@
4652 #NS 4651 LeanToLambdaBox
4653 #NS 4652 Export
4654 #NS 4653 EvalT
4655 #NI 4654 256180002
4656 #NS 4655 _hygCtx
4657 #NS 4656 _hyg
4658 #NI 4657 394
4659 #NI 4556 395
4660 #NS 0 hnp
26546 #EA 25364 860
26547 #EA 1666 26546
26548 #EA 26547 1509
26549 #EA 25369 366
26550 #EA 16578 910
26551 #EA 26550 698
26552 #EA 26551 16697
26553 #EA 21993 26552
26554 #EA 26553 82
26555 #EA 26549 26554
4661 #NS 0 hsel
26556 #EA 22060 366
26557 #EA 26556 860
26558 #EA 22049 26557
26559 #EA 17520 10
26560 #EA 22064 26559
26561 #EA 26558 26560
4662 #NS 0 hlen
26562 #EA 22070 911
26563 #EA 26562 366
26564 #EA 21918 26563
26565 #EA 1972 26564
26566 #EA 26565 22144
26567 #EA 22080 22072
26568 #EA 22079 26567
26569 #EA 26568 121
26570 #EA 25375 26569
26571 #EA 26570 2591
26572 #EA 22091 2582
26573 #EA 26572 2536
26574 #EA 16610 26573
26575 #EA 26574 911
26576 #EA 26575 910
26577 #EA 25374 26576
26578 #EA 26577 2593
26579 #EA 25382 2591
26580 #EA 26579 2582
26581 #EA 26580 2536
26582 #EA 26581 939
26583 #EA 26582 911
26584 #EA 26583 910
26585 #EA 26584 860
26586 #EA 26585 698
26587 #EA 26586 366
26588 #EA 26587 2593
26589 #EA 26588 121
26590 #EA 26589 82
26591 #EA 26590 10
26592 #EA 26591 8
26593 #EA 26592 5
26594 #EA 26578 26593
26595 #EP #BD 4519 26571 26594
26596 #EP #BD 4662 26566 26595
26597 #EP #BD 4661 26561 26596
26598 #EP #BD 2264 26555 26597
26599 #EP #BD 4660 26548 26598
26600 #EP #BD 4659 7378 26599
26601 #EP #BD 4658 7393 26600
26602 #EP #BD 4650 7386 26601
26603 #EP #BD 4649 7396 26602
26604 #EP #BD 4641 7378 26603
26605 #EP #BD 4633 0 26604
26606 #EP #BD 4632 0 26605
26607 #EP #BD 4624 7300 26606
26608 #EP #BD 1513 26545 26607
26609 #EP #BD 4623 7378 26608
4663 #NS 0 h_14
4664 #NI 4479 435
26610 #EA 21914 2801
26611 #EA 1666 26610
26612 #EA 26611 1504
4665 #NI 4565 427
4666 #NI 4631 428
4667 #NI 4572 429
4668 #NI 4640 430
4669 #NI 4648 431
4670 #NS 4368 _@
4671 #NS 4670 LeanToLambdaBox
4672 #NS 4671 Export
4673 #NS 4672 EvalT
4674 #NI 4673 256180002
4675 #NS 4674 _hygCtx
4676 #NS 4675 _hyg
4677 #NI 4676 432
4678 #NI 4657 433
4679 #NI 4556 434
26613 #EA 25417 860
26614 #EA 1666 26613
26615 #EA 26614 1509
26616 #EA 25423 366
26617 #EA 26551 82
26618 #EA 26616 26617
26619 #EA 25427 26569
26620 #EA 26619 2591
26621 #EA 25372 26576
26622 #EA 26621 2593
26623 #EA 25434 2591
26624 #EA 26623 2582
26625 #EA 26624 2536
26626 #EA 26625 939
26627 #EA 26626 911
26628 #EA 26627 910
26629 #EA 26628 860
26630 #EA 26629 698
26631 #EA 26630 366
26632 #EA 26631 2593
26633 #EA 26632 121
26634 #EA 26633 82
26635 #EA 26634 10
26636 #EA 26635 8
26637 #EA 26636 5
26638 #EA 26622 26637
26639 #EP #BD 4519 26620 26638
26640 #EP #BD 4662 26566 26639
26641 #EP #BD 4661 26561 26640
26642 #EP #BD 2264 26618 26641
26643 #EP #BD 4660 26615 26642
26644 #EP #BD 4679 7378 26643
26645 #EP #BD 4678 7393 26644
26646 #EP #BD 4677 7386 26645
26647 #EP #BD 4669 7396 26646
26648 #EP #BD 4668 7378 26647
26649 #EP #BD 4667 0 26648
26650 #EP #BD 4666 0 26649
26651 #EP #BD 4665 7300 26650
26652 #EP #BD 1513 26612 26651
26653 #EP #BD 4664 7378 26652
4680 #NS 0 h_15
4681 #NI 4479 467
26654 #EA 22132 2855
26655 #EA 1666 26654
26656 #EA 26655 1504
4682 #NI 4565 462
4683 #NI 4631 463
4684 #NI 4640 464
4685 #NI 4657 465
4686 #NI 4556 466
26657 #EA 25469 121
26658 #EA 1666 26657
26659 #EA 26658 1504
26660 #EA 25328 82
26661 #EA 26660 16418
26662 #EA 22143 17524
26663 #EA 26662 16418
26664 #EA 22079 26663
26665 #EA 26664 10
26666 #EA 25369 26665
26667 #EA 26666 910
26668 #EA 22091 860
26669 #EA 26668 698
26670 #EA 16610 26669
26671 #EA 26670 366
26672 #EA 16757 22066
26673 #EA 26672 16729
26674 #EA 26671 26673
26675 #EA 25325 26674
26676 #EA 26675 911
26677 #EA 25480 910
26678 #EA 26677 860
26679 #EA 26678 698
26680 #EA 26679 366
26681 #EA 26680 121
26682 #EA 26681 82
26683 #EA 26682 911
26684 #EA 26683 10
26685 #EA 26684 8
26686 #EA 26685 5
26687 #EA 26676 26686
26688 #EP #BD 4519 26667 26687
26689 #EP #BD 2264 26661 26688
26690 #EP #BD 1893 26659 26689
26691 #EP #BD 4686 7378 26690
26692 #EP #BD 4685 7393 26691
26693 #EP #BD 4684 7378 26692
26694 #EP #BD 4683 0 26693
26695 #EP #BD 4682 7300 26694
26696 #EP #BD 4370 26656 26695
26697 #EP #BD 4681 7378 26696
4687 #NS 0 h_16
4688 #NI 4479 498
26698 #EA 25537 1509
4689 #NS 408 _@
4690 #NS 4689 LeanToLambdaBox
4691 #NS 4690 Export
4692 #NS 4691 EvalT
4693 #NI 4692 256180002
4694 #NS 4693 _hygCtx
4695 #NS 4694 _hyg
4696 #NI 4695 494
4697 #NI 4640 495
4698 #NI 4580 496
4699 #NI 4531 497
26699 #EA 22177 82
26700 #EA 25469 26699
26701 #EA 1666 26700
26702 #EA 26701 1509
26703 #EA 16578 22178
26704 #EA 26703 343
26705 #EA 26704 16697
26706 #EA 21993 26705
26707 #EA 26706 10
26708 #EA 26660 26707
26709 #EA 22196 82
26710 #EA 22198 366
26711 #EA 3092 26710
26712 #EA 22201 366
26713 #EA 26711 26712
26714 #EA 26709 26713
26715 #EA 22190 26714
26716 #EA 21898 10
26717 #EA 26715 26716
26718 #EA 25423 82
26719 #EA 26718 910
26720 #EA 16640 860
26721 #EA 26720 698
26722 #EA 25333 26721
26723 #EA 26722 911
26724 #EA 25514 910
26725 #EA 26724 860
26726 #EA 26725 698
26727 #EA 26726 366
26728 #EA 26727 121
26729 #EA 26728 911
26730 #EA 26729 82
26731 #EA 26730 10
26732 #EA 26731 8
26733 #EA 26732 5
26734 #EA 26723 26733
26735 #EP #BD 4542 26719 26734
26736 #EP #BD 4661 26717 26735
26737 #EP #BD 2264 26708 26736
26738 #EP #BD 4660 26702 26737
26739 #EP #BD 4699 7378 26738
26740 #EP #BD 4698 7386 26739
26741 #EP #BD 4697 7378 26740
26742 #EP #BD 4696 7310 26741
26743 #EP #BD 1513 26698 26742
26744 #EP #BD 4688 7378 26743
4700 #NS 0 h_17
4701 #NI 4479 530
26745 #EA 21914 4377
26746 #EA 1666 26745
26747 #EA 26746 1504
4702 #NI 4695 526
4703 #NI 4640 527
4704 #NI 4676 528
4705 #NI 4531 529
26748 #EA 25364 26699
26749 #EA 1666 26748
26750 #EA 26749 1509
26751 #EA 25369 82
26752 #EA 26704 10
26753 #EA 26751 26752
26754 #EA 25724 910
26755 #EA 25421 26721
26756 #EA 26755 911
26757 #EA 25551 910
26758 #EA 26757 860
26759 #EA 26758 698
26760 #EA 26759 366
26761 #EA 26760 121
26762 #EA 26761 911
26763 #EA 26762 82
26764 #EA 26763 10
26765 #EA 26764 8
26766 #EA 26765 5
26767 #EA 26756 26766
26768 #EP #BD 4542 26754 26767
26769 #EP #BD 4661 26717 26768
26770 #EP #BD 2264 26753 26769
26771 #EP #BD 4660 26750 26770
26772 #EP #BD 4705 7378 26771
26773 #EP #BD 4704 7386 26772
26774 #EP #BD 4703 7378 26773
26775 #EP #BD 4702 7310 26774
26776 #EP #BD 1513 26747 26775
26777 #EP #BD 4701 7378 26776
4706 #NS 0 h_18
4707 #NI 4695 554
4708 #NI 4640 555
26778 #EA 24233 20309
26779 #EA 26778 16418
26780 #EA 26779 25592
26781 #EP #BD 2264 25583 26780
26782 #EP #BD 1893 25579 26781
26783 #EP #BD 4708 7378 26782
26784 #EP #BD 4707 7310 26783
26785 #EP #BD 4370 25575 26784
4709 #NS 0 h_19
4710 #NI 4479 590
4711 #NI 4487 583
4712 #NI 4494 584
4713 #NI 4516 585
4714 #NS 3321 _@
4715 #NS 4714 LeanToLambdaBox
4716 #NS 4715 Export
4717 #NS 4716 EvalT
4718 #NI 4717 256180002
4719 #NS 4718 _hygCtx
4720 #NS 4719 _hyg
4721 #NI 4720 586
4722 #NS 1627 _@
4723 #NS 4722 LeanToLambdaBox
4724 #NS 4723 Export
4725 #NS 4724 EvalT
4726 #NI 4725 256180002
4727 #NS 4726 _hygCtx
4728 #NS 4727 _hyg
4729 #NI 4728 587
4730 #NS 4376 _@
4731 #NS 4730 LeanToLambdaBox
4732 #NS 4731 Export
4733 #NS 4732 EvalT
4734 #NI 4733 256180002
4735 #NS 4734 _hygCtx
4736 #NS 4735 _hyg
4737 #NI 4736 588
4738 #NS 4377 _@
4739 #NS 4738 LeanToLambdaBox
4740 #NS 4739 Export
4741 #NS 4740 EvalT
4742 #NI 4741 256180002
4743 #NS 4742 _hygCtx
4744 #NS 4743 _hyg
4745 #NI 4744 589
4746 #NS 0 hrarg
26786 #EA 1972 22331
26787 #EA 26786 21923
4747 #NS 0 hunf
26788 #EA 22288 860
26789 #EA 22079 26788
26790 #EA 22292 366
26791 #EA 26789 26790
26792 #EA 21993 26791
26793 #EA 26792 121
26794 #EA 16531 26793
26795 #EA 26794 910
26796 #EA 25611 26795
26797 #EA 26796 2582
26798 #EA 25610 23724
26799 #EA 26798 2591
26800 #EA 25618 2582
26801 #EA 26800 2536
26802 #EA 26801 939
26803 #EA 26802 911
26804 #EA 26803 910
26805 #EA 26804 860
26806 #EA 26805 698
26807 #EA 26806 366
26808 #EA 26807 2591
26809 #EA 26808 121
26810 #EA 26809 82
26811 #EA 26810 10
26812 #EA 26811 8
26813 #EA 26812 5
26814 #EA 26799 26813
26815 #EP #BD 4747 26797 26814
26816 #EP #BD 4746 26787 26815
26817 #EP #BD 4661 22330 26816
26818 #EP #BD 1519 25654 26817
26819 #EP #BD 4518 25652 26818
26820 #EP #BD 4745 7386 26819
26821 #EP #BD 4737 7401 26820
26822 #EP #BD 4729 0 26821
26823 #EP #BD 4721 7402 26822
26824 #EP #BD 4713 7378 26823
26825 #EP #BD 4712 7378 26824
26826 #EP #BD 4711 7378 26825
26827 #EP #BD 4375 25650 26826
26828 #EP #BD 4710 7378 26827
4748 #NS 0 h_20
4749 #NI 4487 619
4750 #NI 4494 620
4751 #NI 4516 621
4752 #NI 4720 622
4753 #NI 4728 623
4754 #NI 4736 624
4755 #NI 4744 625
26829 #EA 25655 22012
26830 #EA 26829 22338
26831 #EA 26830 25671
26832 #EP #BD 4621 22332 26831
26833 #EP #BD 4661 22330 26832
26834 #EP #BD 1519 25654 26833
26835 #EP #BD 4518 25652 26834
26836 #EP #BD 4755 7386 26835
26837 #EP #BD 4754 7401 26836
26838 #EP #BD 4753 0 26837
26839 #EP #BD 4752 7402 26838
26840 #EP #BD 4751 7378 26839
26841 #EP #BD 4750 7378 26840
26842 #EP #BD 4749 7378 26841
26843 #EP #BD 4375 25650 26842
4756 #NS 0 h_21
4757 #NI 4479 659
26844 #EA 21591 24233
26845 #EA 1666 26844
26846 #EA 26845 1509
4758 #NI 4487 653
4759 #NI 4494 654
4760 #NI 4516 655
4761 #NI 4720 656
4762 #NI 4728 657
4763 #NI 4736 658
26847 #EA 25808 16665
26848 #EA 22276 82
26849 #EA 26848 10
26850 #EA 22266 26849
26851 #EA 22280 8
26852 #EA 26850 26851
26853 #EA 25950 366
26854 #EA 22288 366
26855 #EA 22079 26854
26856 #EA 22292 82
26857 #EA 26855 26856
26858 #EA 16531 26857
26859 #EA 26858 698
26860 #EA 25611 26859
26861 #EA 26860 939
26862 #EA 16531 911
26863 #EA 26862 910
26864 #EA 25610 26863
26865 #EA 26864 2536
26866 #EA 25698 939
26867 #EA 26866 911
26868 #EA 26867 910
26869 #EA 26868 860
26870 #EA 26869 698
26871 #EA 26870 366
26872 #EA 26871 121
26873 #EA 26872 2536
26874 #EA 26873 82
26875 #EA 26874 10
26876 #EA 26875 8
26877 #EA 26876 5
26878 #EA 26865 26877
26879 #EP #BD 4747 26861 26878
26880 #EP #BD 1519 26853 26879
26881 #EP #BD 4661 26852 26880
26882 #EP #BD 4518 26847 26881
26883 #EP #BD 4763 7401 26882
26884 #EP #BD 4762 0 26883
26885 #EP #BD 4761 7402 26884
26886 #EP #BD 4760 7378 26885
26887 #EP #BD 4759 7378 26886
26888 #EP #BD 4758 7378 26887
26889 #EP #BD 4375 26846 26888
26890 #EP #BD 4757 7378 26889
4764 #NS 0 h_22
4765 #NI 4487 683
4766 #NI 4494 684
4767 #NS 4381 _@
4768 #NS 4767 LeanToLambdaBox
4769 #NS 4768 Export
4770 #NS 4769 EvalT
4771 #NI 4770 256180002
4772 #NS 4771 _hygCtx
4773 #NS 4772 _hyg
4774 #NI 4773 685
4775 #NI 4615 686
4776 #NS 0 hstuck
26891 #EA 25372 22394
26892 #EA 26891 20239
26893 #EA 26892 25742
26894 #EP #BD 1519 25731 26893
26895 #EP #BD 4776 25729 26894
26896 #EP #BD 4518 25725 26895
26897 #EP #BD 4775 7378 26896
26898 #EP #BD 4774 7378 26897
26899 #EP #BD 4766 7378 26898
26900 #EP #BD 4765 7378 26899
26901 #EP #BD 4764 26900 25753
26902 #EP #BD 4756 26890 26901
26903 #EP #BD 4748 26843 26902
26904 #EP #BD 4709 26828 26903
26905 #EP #BD 4706 26785 26904
26906 #EP #BD 4700 26777 26905
26907 #EP #BD 4687 26744 26906
26908 #EP #BD 4680 26697 26907
26909 #EP #BD 4663 26653 26908
26910 #EP #BD 4622 26609 26909
26911 #EP #BD 3325 26544 26910
26912 #EP #BD 3324 26529 26911
26913 #EP #BD 3323 26521 26912
26914 #EP #BD 3322 26512 26913
26915 #EP #BD 3320 26489 26914
26916 #EP #BD 3319 26467 26915
26917 #EP #BD 3315 26459 26916
26918 #EP #BD 3313 26433 26917
26919 #EP #BD 481 26428 26918
26920 #EP #BD 455 26424 26919
26921 #EP #BD 113 26420 26920
26922 #EP #BD 112 26415 26921
26923 #EP #BD 4478 25146 26922
26924 #EP #BD 4470 7378 26923
26925 #EP #BD 4462 7378 26924
26926 #EP #BD 75 26409 26925
26927 #EP #BI 4227 20069 26926
26928 #EP #BI 4010 15810 26927
26929 #EA 25328 24216
26930 #EA 26929 24198
26931 #EC 4431 0
26932 #EA 26931 25333
26933 #EA 26932 25325
26934 #EA 25545 8
26935 #EA 26934 5
26936 #EA 1665 7378
26937 #EA 26936 25333
26938 #EA 26937 10
26939 #EA 25605 25374
26940 #EA 26939 25421
26941 #EA 15037 26940
26942 #EA 26941 25333
26943 #EA 26336 82
26944 #EA 26942 26943
26945 #EA 26944 10
26946 #EA 25380 25372
26947 #EA 26946 25374
26948 #EA 26947 25421
26949 #EP #BD 188 26945 26948
26950 #EP #BD 188 26938 26949
26951 #EP #BD 188 26938 26950
26952 #EL #BD 86 26935 26951
26953 #EL #BD 22 7378 26952
26954 #EL #BD 22 7378 26953
26955 #EA 26933 26954
26956 #EA 26955 24233
26957 #EA 26956 24216
26958 #EA 26957 5
4777 #NS 2727 Export
4778 #NS 4777 EvalT
4779 #NI 4778 256180002
4780 #NS 4779 _hygCtx
4781 #NS 4780 _hyg
4782 #NI 4781 925
26959 #EA 26936 24233
26960 #EA 26959 16418
26961 #EA 2624 7378
26962 #EA 26961 16418
26963 #EA 25545 5
26964 #EA 26963 25327
26965 #EA 26936 25325
26966 #EA 26965 16418
26967 #EA 25427 10
26968 #EA 26967 25333
26969 #EA 15037 26968
26970 #EA 26969 8
26971 #EA 25427 16418
26972 #EA 26971 16418
26973 #EA 26970 26972
26974 #EA 23597 25380
26975 #EA 26974 25372
26976 #EA 26973 26975
26977 #EA 25372 82
26978 #EA 26977 25421
26979 #EA 26978 10
26980 #EP #BD 188 26976 26979
26981 #EP #BD 188 26966 26980
26982 #EP #BD 4478 26964 26981
26983 #EL #BD 4462 7378 26982
26984 #EA 26962 26983
26985 #EA 25423 16418
26986 #EA 26985 24233
4783 #NI 4781 926
26987 #EA 26936 25327
26988 #EA 26987 16418
26989 #EA 26971 5
26990 #EA 25605 16418
26991 #EA 26990 8
26992 #EA 15037 26991
26993 #EA 26992 5
26994 #EA 26990 16418
26995 #EA 26993 26994
26996 #EA 23597 25432
26997 #EA 26996 25380
26998 #EA 26995 26997
26999 #EA 25380 16418
27000 #EA 26999 10
27001 #EA 27000 8
27002 #EP #BD 188 26998 27001
27003 #EP #BD 4478 26989 27002
27004 #EL #BD 4470 7378 27003
27005 #EA 26962 27004
27006 #EA 25375 16418
27007 #EA 27006 16418
4784 #NI 4781 927
27008 #EA 15037 26972
27009 #EA 27008 5
27010 #EA 27009 26972
27011 #EA 27010 26975
27012 #EA 2624 26994
27013 #EA 27012 26997
27014 #EA 26999 16418
27015 #EA 27014 5
27016 #EL #BD 4478 26994 27015
27017 #EA 27013 27016
27018 #EA 25325 353
27019 #EA 27017 27018
27020 #EA 27019 8
27021 #EA 2761 26994
27022 #EA 27021 8
27023 #EA 27022 26997
27024 #EA 15124 26994
27025 #EA 27024 8
27026 #EA 27025 26997
27027 #EA 27026 5
27028 #EA 27023 27027
27029 #EA 27020 27028
27030 #EL #BD 4784 27011 27029
27031 #EL #BD 4478 27007 27030
27032 #EA 27005 27031
27033 #EA 27032 25325
27034 #EA 2761 7378
27035 #EA 27034 25325
27036 #EA 27035 16418
27037 #EA 27036 5
27038 #EA 27033 27037
27039 #EA 27038 8
27040 #EL #BD 4783 26988 27039
27041 #EL #BD 4478 26986 27040
27042 #EA 26984 27041
27043 #EA 27042 25327
27044 #EA 27034 25327
27045 #EA 27044 16418
27046 #EA 27045 5
27047 #EA 27043 27046
27048 #EA 27047 24216
27049 #EL #BD 4782 26960 27048
27050 #EA 26958 27049
4785 #NI 4501 760
4786 #NI 4508 761
4787 #NI 4781 929
27051 #EA 26965 16941
27052 #EA 26961 16461
27053 #EA 25427 5
27054 #EA 27053 25333
27055 #EA 26936 25421
27056 #EA 16459 121
27057 #EA 27056 82
27058 #EA 27055 27057
27059 #EA 25811 10
27060 #EA 27059 25374
27061 #EA 15037 27060
27062 #EA 27061 8
27063 #EA 16459 366
27064 #EA 27063 121
27065 #EA 25811 27064
27066 #EA 27065 27064
27067 #EA 27062 27066
27068 #EA 23611 25655
27069 #EA 27068 25432
27070 #EA 27069 366
27071 #EA 27070 121
27072 #EA 27067 27071
27073 #EA 25432 82
27074 #EA 27073 25372
27075 #EA 27074 10
27076 #EP #BD 188 27072 27075
27077 #EP #BD 188 27058 27076
27078 #EP #BD 4478 27054 27077
27079 #EL #BD 4462 7378 27078
27080 #EA 27052 27079
27081 #EA 25375 16461
27082 #EA 27081 25325
4788 #NI 4781 930
27083 #EA 26937 20202
27084 #EA 26961 27057
27085 #EA 27065 5
27086 #EA 25690 23686
27087 #EA 27086 8
27088 #EA 15037 27087
27089 #EA 27088 5
27090 #EA 27086 23686
27091 #EA 27089 27090
27092 #EA 23611 25610
27093 #EA 27092 25655
27094 #EA 27093 698
27095 #EA 27094 366
27096 #EA 27091 27095
27097 #EA 16459 860
27098 #EA 27097 698
27099 #EA 25655 27098
27100 #EA 27099 10
27101 #EA 27100 8
27102 #EP #BD 188 27096 27101
27103 #EP #BD 4478 27085 27102
27104 #EL #BD 4470 7378 27103
27105 #EA 27084 27104
27106 #EA 25605 27057
27107 #EA 27106 27057
4789 #NI 4781 931
27108 #EA 15037 27066
27109 #EA 27108 5
27110 #EA 27109 27066
27111 #EA 27110 27071
27112 #EA 2624 27090
27113 #EA 27112 27095
27114 #EA 27099 27098
27115 #EA 27114 5
27116 #EL #BD 4478 27090 27115
27117 #EA 27113 27116
27118 #EA 25333 698
27119 #EA 27118 366
27120 #EA 27117 27119
27121 #EA 27120 8
27122 #EA 2761 27090
27123 #EA 27122 8
27124 #EA 27123 27095
27125 #EA 15124 27090
27126 #EA 27125 8
27127 #EA 27126 27095
27128 #EA 27127 5
27129 #EA 27124 27128
27130 #EA 27121 27129
27131 #EL #BD 4789 27111 27130
27132 #EL #BD 4478 27107 27131
27133 #EA 27105 27132
27134 #EA 27133 25421
27135 #EA 27034 25421
27136 #EA 27135 27057
27137 #EA 27136 5
27138 #EA 27134 27137
27139 #EA 27138 8
27140 #EL #BD 4788 27083 27139
27141 #EL #BD 4478 27082 27140
27142 #EA 27080 27141
27143 #EA 27142 25333
27144 #EA 27034 25333
27145 #EA 27144 16461
27146 #EA 27145 5
27147 #EA 27143 27146
27148 #EA 27147 25327
27149 #EL #BD 4787 27051 27148
27150 #EL #BD 4786 7378 27149
27151 #EL #BD 4785 7288 27150
27152 #EA 27050 27151
4790 #NI 4479 762
4791 #NI 4781 933
27153 #EA 26987 16439
27154 #EA 26961 17454
27155 #EA 25375 5
27156 #EA 27155 25325
27157 #EA 16438 82
27158 #EA 26937 27157
27159 #EA 25605 10
27160 #EA 27159 25421
27161 #EA 15037 27160
27162 #EA 27161 8
27163 #EA 16438 121
27164 #EA 25605 27163
27165 #EA 27164 27163
27166 #EA 27162 27165
27167 #EA 23629 25432
27168 #EA 27167 25380
27169 #EA 27168 121
27170 #EA 27166 27169
27171 #EA 25380 82
27172 #EA 27171 25374
27173 #EA 27172 10
27174 #EP #BD 188 27170 27173
27175 #EP #BD 188 27158 27174
27176 #EP #BD 4478 27156 27175
27177 #EL #BD 4462 7378 27176
27178 #EA 27154 27177
27179 #EA 25545 17454
27180 #EA 27179 25327
4792 #NI 4781 934
27181 #EA 16438 10
27182 #EA 26965 27181
27183 #EA 26961 27157
27184 #EA 27164 5
27185 #EA 16438 366
27186 #EA 25811 27185
27187 #EA 27186 8
27188 #EA 15037 27187
27189 #EA 27188 5
27190 #EA 27186 27185
27191 #EA 27189 27190
27192 #EA 23629 25655
27193 #EA 27192 25432
27194 #EA 27193 366
27195 #EA 27191 27194
27196 #EA 16438 698
27197 #EA 25432 27196
27198 #EA 27197 10
27199 #EA 27198 8
27200 #EP #BD 188 27195 27199
27201 #EP #BD 4478 27184 27200
27202 #EL #BD 4470 7378 27201
27203 #EA 27183 27202
27204 #EA 25427 27157
27205 #EA 27204 27157
4793 #NI 4781 935
27206 #EA 15037 27165
27207 #EA 27206 5
27208 #EA 27207 27165
27209 #EA 27208 27169
27210 #EA 2624 27190
27211 #EA 27210 27194
27212 #EA 27197 27196
27213 #EA 27212 5
27214 #EL #BD 4478 27190 27213
27215 #EA 27211 27214
27216 #EA 25327 366
27217 #EA 27215 27216
27218 #EA 27217 8
27219 #EA 2761 27190
27220 #EA 27219 8
27221 #EA 27220 27194
27222 #EA 15124 27190
27223 #EA 27222 8
27224 #EA 27223 27194
27225 #EA 27224 5
27226 #EA 27221 27225
27227 #EA 27218 27226
27228 #EL #BD 4793 27209 27227
27229 #EL #BD 4478 27205 27228
27230 #EA 27203 27229
27231 #EA 27230 25333
27232 #EA 27144 27157
27233 #EA 27232 5
27234 #EA 27231 27233
27235 #EA 27234 8
27236 #EL #BD 4792 27182 27235
27237 #EL #BD 4478 27180 27236
27238 #EA 27178 27237
27239 #EA 27238 25325
27240 #EA 27035 17454
27241 #EA 27240 5
27242 #EA 27239 27241
27243 #EA 27242 24233
27244 #EL #BD 4791 27153 27243
27245 #EL #BD 4790 7286 27244
27246 #EA 27152 27245
4794 #NI 4695 763
4795 #NI 4781 937
27247 #EA 26987 16687
27248 #EA 26961 17464
27249 #EA 16686 82
27250 #EA 26937 27249
27251 #EA 16686 121
27252 #EA 25605 27251
27253 #EA 27252 27251
27254 #EA 27162 27253
27255 #EA 23646 25432
27256 #EA 27255 25380
27257 #EA 27256 121
27258 #EA 27254 27257
27259 #EP #BD 188 27258 27173
27260 #EP #BD 188 27250 27259
27261 #EP #BD 4478 27156 27260
27262 #EL #BD 4462 7378 27261
27263 #EA 27248 27262
27264 #EA 25545 17464
27265 #EA 27264 25327
4796 #NI 4781 938
27266 #EA 16686 10
27267 #EA 26965 27266
27268 #EA 26961 27249
27269 #EA 27252 5
27270 #EA 16686 366
27271 #EA 25811 27270
27272 #EA 27271 8
27273 #EA 15037 27272
27274 #EA 27273 5
27275 #EA 27271 27270
27276 #EA 27274 27275
27277 #EA 23646 25655
27278 #EA 27277 25432
27279 #EA 27278 366
27280 #EA 27276 27279
27281 #EA 16686 698
27282 #EA 25432 27281
27283 #EA 27282 10
27284 #EA 27283 8
27285 #EP #BD 188 27280 27284
27286 #EP #BD 4478 27269 27285
27287 #EL #BD 4470 7378 27286
27288 #EA 27268 27287
27289 #EA 25427 27249
27290 #EA 27289 27249
4797 #NI 4781 939
27291 #EA 15037 27253
27292 #EA 27291 5
27293 #EA 27292 27253
27294 #EA 27293 27257
27295 #EA 2624 27275
27296 #EA 27295 27279
27297 #EA 27282 27281
27298 #EA 27297 5
27299 #EL #BD 4478 27275 27298
27300 #EA 27296 27299
27301 #EA 24233 366
27302 #EA 27300 27301
27303 #EA 27302 8
27304 #EA 2761 27275
27305 #EA 27304 8
27306 #EA 27305 27279
27307 #EA 15124 27275
27308 #EA 27307 8
27309 #EA 27308 27279
27310 #EA 27309 5
27311 #EA 27306 27310
27312 #EA 27303 27311
27313 #EL #BD 4797 27294 27312
27314 #EL #BD 4478 27290 27313
27315 #EA 27288 27314
27316 #EA 27315 25333
27317 #EA 27144 27249
27318 #EA 27317 5
27319 #EA 27316 27318
27320 #EA 27319 8
27321 #EL #BD 4796 27267 27320
27322 #EL #BD 4478 27265 27321
27323 #EA 27263 27322
27324 #EA 27323 25325
27325 #EA 27035 17464
27326 #EA 27325 5
27327 #EA 27324 27326
27328 #EA 27327 24233
27329 #EL #BD 4795 27247 27328
27330 #EL #BD 4794 7404 27329
27331 #EA 27246 27330
4798 #NI 4720 764
4799 #NS 1571 _@
4800 #NS 4799 LeanToLambdaBox
4801 #NS 4800 Export
4802 #NS 4801 EvalT
4803 #NI 4802 256180002
4804 #NS 4803 _hygCtx
4805 #NS 4804 _hyg
4806 #NI 4805 765
4807 #NI 4781 941
27332 #EA 26965 16979
27333 #EA 26961 16665
27334 #EA 27055 22259
27335 #EA 16663 366
27336 #EA 27335 121
27337 #EA 25811 27336
27338 #EA 27337 27336
27339 #EA 27062 27338
27340 #EA 23662 25655
27341 #EA 27340 25432
27342 #EA 27341 366
27343 #EA 27342 121
27344 #EA 27339 27343
27345 #EP #BD 188 27344 27075
27346 #EP #BD 188 27334 27345
27347 #EP #BD 4478 27054 27346
27348 #EL #BD 4462 7378 27347
27349 #EA 27333 27348
27350 #EA 25375 16665
27351 #EA 27350 25325
4808 #NI 4781 942
27352 #EA 26937 20326
27353 #EA 26961 22259
27354 #EA 27337 5
27355 #EA 16663 698
27356 #EA 27355 366
27357 #EA 25690 27356
27358 #EA 27357 8
27359 #EA 15037 27358
27360 #EA 27359 5
27361 #EA 27357 27356
27362 #EA 27360 27361
27363 #EA 23662 25610
27364 #EA 27363 25655
27365 #EA 27364 698
27366 #EA 27365 366
27367 #EA 27362 27366
27368 #EA 25655 22334
27369 #EA 27368 10
27370 #EA 27369 8
27371 #EP #BD 188 27367 27370
27372 #EP #BD 4478 27354 27371
27373 #EL #BD 4470 7378 27372
27374 #EA 27353 27373
27375 #EA 25605 22259
27376 #EA 27375 22259
4809 #NI 4781 943
27377 #EA 15037 27338
27378 #EA 27377 5
27379 #EA 27378 27338
27380 #EA 27379 27343
27381 #EA 2624 27361
27382 #EA 27381 27366
27383 #EA 27368 22334
27384 #EA 27383 5
27385 #EL #BD 4478 27361 27384
27386 #EA 27382 27385
27387 #EA 24233 698
27388 #EA 27387 366
27389 #EA 27386 27388
27390 #EA 27389 8
27391 #EA 2761 27361
27392 #EA 27391 8
27393 #EA 27392 27366
27394 #EA 15124 27361
27395 #EA 27394 8
27396 #EA 27395 27366
27397 #EA 27396 5
27398 #EA 27393 27397
27399 #EA 27390 27398
27400 #EL #BD 4809 27380 27399
27401 #EL #BD 4478 27376 27400
27402 #EA 27374 27401
27403 #EA 27402 25421
27404 #EA 27135 22259
27405 #EA 27404 5
27406 #EA 27403 27405
27407 #EA 27406 8
27408 #EL #BD 4808 27352 27407
27409 #EL #BD 4478 27351 27408
27410 #EA 27349 27409
27411 #EA 27410 25333
27412 #EA 27144 16665
27413 #EA 27412 5
27414 #EA 27411 27413
27415 #EA 27414 25327
27416 #EL #BD 4807 27332 27415
27417 #EL #BD 4806 0 27416
27418 #EL #BD 4798 7402 27417
27419 #EA 27331 27418
4810 #NI 4487 766
4811 #NI 4494 767
4812 #NI 4501 768
4813 #NI 4508 769
4814 #NI 4516 770
4815 #NS 232 _@
4816 #NS 4815 LeanToLambdaBox
4817 #NS 4816 Export
4818 #NS 4817 EvalT
4819 #NI 4818 256180002
4820 #NS 4819 _hygCtx
4821 #NS 4820 _hyg
4822 #NI 4821 771
4823 #NS 3326 Export
4824 #NS 4823 EvalT
4825 #NI 4824 256180002
4826 #NS 4825 _hygCtx
4827 #NS 4826 _hyg
4828 #NI 4827 772
27420 #EA 25812 20202
4829 #NI 4827 773
27421 #EA 25690 366
27422 #EA 27421 10
4830 #NI 4827 774
27423 #EA 25611 21834
27424 #EA 27423 10
4831 #NI 4781 945
27425 #EA 26936 25655
27426 #EA 27425 21840
27427 #EA 26961 26863
27428 #EA 22455 26214
27429 #EA 27428 25957
27430 #EA 27429 5
27431 #EA 27430 25610
27432 #EA 26936 25608
27433 #EA 27432 698
27434 #EA 26004 10
27435 #EA 27434 25616
27436 #EA 15037 27435
27437 #EA 27436 8
27438 #EA 26004 22302
27439 #EA 27438 860
27440 #EA 27437 27439
27441 #EA 23727 26001
27442 #EA 27441 26003
27443 #EA 27442 2582
27444 #EA 27443 2536
27445 #EA 27444 939
27446 #EA 27445 911
27447 #EA 27446 910
27448 #EA 27447 860
27449 #EA 27448 698
27450 #EA 27449 366
27451 #EA 27450 121
27452 #EA 27440 27451
27453 #EA 26003 82
27454 #EA 27453 25957
27455 #EA 27454 10
27456 #EP #BD 188 27452 27455
27457 #EP #BD 188 27433 27456
27458 #EP #BD 4478 27431 27457
27459 #EL #BD 4462 7378 27458
27460 #EA 27427 27459
27461 #EA 25959 26863
27462 #EA 27461 25655
4832 #NI 4781 946
27463 #EA 26936 25610
27464 #EA 27463 366
27465 #EA 26961 25608
27466 #EA 17766 910
27467 #EA 27466 911
27468 #EA 26004 27467
27469 #EA 27468 5
27470 #EV 42
27471 #EA 22455 27470
27472 #EA 27471 26001
27473 #EA 27472 24878
27474 #EA 27473 25957
27475 #EA 15037 27474
27476 #EA 27475 82
27477 #EA 27473 8
27478 #EA 27476 27477
27479 #EA 23727 27470
27480 #EA 27479 26001
27481 #EA 27480 2591
27482 #EA 27481 2582
27483 #EA 27482 2536
27484 #EA 27483 939
27485 #EA 27484 911
27486 #EA 27485 8
27487 #EA 27486 860
27488 #EA 27487 698
27489 #EA 27488 5
27490 #EA 27478 27489
27491 #EA 16531 2593
27492 #EA 27491 2591
27493 #EA 26001 27492
27494 #EA 27493 26214
27495 #EA 27494 121
27496 #EP #BD 188 27490 27495
27497 #EP #BD 4830 27469 27496
27498 #EL #BI 4822 7378 27497
27499 #EA 27465 27498
27500 #EA 26215 22919
27501 #EA 27500 25608
4833 #NI 4781 947
27502 #EA 27438 25616
27503 #EA 15037 27502
27504 #EA 27503 10
27505 #EA 27504 27502
27506 #EA 27447 25616
27507 #EA 27506 698
27508 #EA 27507 366
27509 #EA 27508 5
27510 #EA 27505 27509
27511 #EA 2624 27474
27512 #EA 27485 25957
27513 #EA 27512 860
27514 #EA 27513 698
27515 #EA 27514 8
27516 #EA 27511 27515
27517 #EA 27494 5
27518 #EL #BD 4478 27474 27517
27519 #EA 27516 27518
27520 #EA 25372 25957
27521 #EA 27520 2591
27522 #EA 27521 2582
27523 #EA 27522 2536
27524 #EA 27523 939
27525 #EA 27524 911
27526 #EA 27525 860
27527 #EA 27526 698
27528 #EA 27527 8
27529 #EA 27519 27528
27530 #EA 27529 82
27531 #EA 2761 27474
27532 #EA 27531 82
27533 #EA 27532 27515
27534 #EA 15124 27474
27535 #EA 27534 82
27536 #EA 27535 27515
27537 #EA 27536 5
27538 #EA 27533 27537
27539 #EA 27530 27538
27540 #EL #BD 4833 27510 27539
27541 #EL #BD 4830 27501 27540
27542 #EA 27499 27541
27543 #EA 27542 698
27544 #EA 27543 5
27545 #EA 27544 82
27546 #EL #BD 4832 27464 27545
27547 #EL #BD 4478 27462 27546
27548 #EA 27460 27547
27549 #EA 27548 25610
27550 #EA 27034 25610
27551 #EA 27550 26863
27552 #EA 27551 5
27553 #EA 27549 27552
27554 #EA 27553 25432
27555 #EL #BD 4831 27426 27554
27556 #EL #BD 4830 27424 27555
27557 #EL #BD 4829 27422 27556
27558 #EL #BD 4828 27420 27557
27559 #EL #BI 4822 7378 27558
27560 #EL #BI 4814 7378 27559
27561 #EL #BI 4813 7378 27560
27562 #EL #BI 4812 7288 27561
27563 #EL #BI 4811 7378 27562
27564 #EL #BI 4810 7378 27563
27565 #EA 27419 27564
4834 #NI 4487 775
4835 #NI 4494 776
4836 #NI 4516 777
4837 #NI 4827 778
27566 #EA 25849 16418
4838 #NI 4827 779
27567 #EA 26967 8
4839 #NI 4781 949
27568 #EA 26936 25374
27569 #EA 27568 20239
27570 #EA 16531 366
27571 #EA 27570 121
27572 #EA 26961 27571
27573 #EA 25690 5
27574 #EA 27573 25372
27575 #EA 26936 25380
27576 #EA 27575 16418
27577 #EA 26210 10
27578 #EA 27577 25432
27579 #EA 15037 27578
27580 #EA 27579 8
27581 #EA 26210 21840
27582 #EA 27581 16418
27583 #EA 27580 27582
27584 #EA 23828 25616
27585 #EA 27584 25608
27586 #EA 27585 910
27587 #EA 27586 860
27588 #EA 27587 698
27589 #EA 27588 366
27590 #EA 27589 121
27591 #EA 27583 27590
27592 #EA 25608 82
27593 #EA 27592 25655
27594 #EA 27593 10
27595 #EP #BD 188 27591 27594
27596 #EP #BD 188 27576 27595
27597 #EP #BD 4478 27574 27596
27598 #EL #BD 4462 7378 27597
27599 #EA 27572 27598
27600 #EA 25811 27571
27601 #EA 27600 25374
4840 #NI 4781 950
27602 #EA 26936 25372
27603 #EA 27602 16418
27604 #EA 27581 5
27605 #EA 27461 8
27606 #EA 15037 27605
27607 #EA 27606 5
27608 #EA 27461 16418
27609 #EA 27607 27608
27610 #EA 23828 25957
27611 #EA 27610 25616
27612 #EA 27611 911
27613 #EA 27612 910
27614 #EA 27613 860
27615 #EA 27614 698
27616 #EA 27615 366
27617 #EA 27609 27616
27618 #EA 25616 22012
27619 #EA 27618 10
27620 #EA 27619 8
27621 #EP #BD 188 27617 27620
27622 #EP #BD 4478 27604 27621
27623 #EL #BD 4470 7378 27622
27624 #EA 26962 27623
27625 #EA 25611 26438
27626 #EA 27625 16418
4841 #NI 4781 951
27627 #EA 15037 27582
27628 #EA 27627 5
27629 #EA 27628 27582
27630 #EA 27629 27590
27631 #EA 2624 27608
27632 #EA 27631 27616
27633 #EA 27618 16418
27634 #EA 27633 5
27635 #EL #BD 4478 27608 27634
27636 #EA 27632 27635
27637 #EA 25327 911
27638 #EA 27637 910
27639 #EA 27638 860
27640 #EA 27639 698
27641 #EA 27640 366
27642 #EA 27636 27641
27643 #EA 27642 8
27644 #EA 2761 27608
27645 #EA 27644 8
27646 #EA 27645 27616
27647 #EA 15124 27608
27648 #EA 27647 8
27649 #EA 27648 27616
27650 #EA 27649 5
27651 #EA 27646 27650
27652 #EA 27643 27651
27653 #EL #BD 4841 27630 27652
27654 #EL #BD 4478 27626 27653
27655 #EA 27624 27654
27656 #EA 27655 25380
27657 #EA 27034 25380
27658 #EA 27657 16418
27659 #EA 27658 5
27660 #EA 27656 27659
27661 #EA 27660 8
27662 #EL #BD 4840 27603 27661
27663 #EL #BD 4478 27601 27662
27664 #EA 27599 27663
27665 #EA 27664 25372
27666 #EA 27034 25372
27667 #EA 27666 27571
27668 #EA 27667 5
27669 #EA 27665 27668
27670 #EA 27669 25421
27671 #EL #BD 4839 27569 27670
27672 #EL #BD 4838 27567 27671
27673 #EL #BD 4837 27566 27672
27674 #EL #BI 4836 7378 27673
27675 #EL #BI 4835 7378 27674
27676 #EL #BI 4834 7378 27675
27677 #EA 27565 27676
4842 #NI 4501 780
4843 #NI 4531 781
4844 #NI 4508 782
4845 #NI 4540 783
4846 #NI 4821 784
4847 #NI 4827 785
27678 #EA 25605 82
27679 #EA 27678 8
4848 #NI 4827 786
27680 #EA 25811 21876
27681 #EA 27680 8
4849 #NI 4781 953
27682 #EA 27575 21881
27683 #EA 16491 860
27684 #EA 27683 698
27685 #EA 27684 366
27686 #EA 26961 27685
27687 #EA 26210 5
27688 #EA 27687 25432
27689 #EA 27425 366
27690 #EA 27429 10
27691 #EA 27690 25610
27692 #EA 15037 27691
27693 #EA 27692 8
27694 #EA 16491 939
27695 #EA 27694 911
27696 #EA 27695 910
27697 #EA 27429 27696
27698 #EA 27697 698
27699 #EA 27693 27698
27700 #EA 23908 26214
27701 #EA 27700 25957
27702 #EA 27701 939
27703 #EA 27702 911
27704 #EA 27703 910
27705 #EA 27704 860
27706 #EA 27705 698
27707 #EA 27706 366
27708 #EA 27707 121
27709 #EA 27699 27708
27710 #EA 25957 82
27711 #EA 27710 25608
27712 #EA 27711 10
27713 #EP #BD 188 27709 27712
27714 #EP #BD 188 27689 27713
27715 #EP #BD 4478 27688 27714
27716 #EL #BD 4462 7378 27715
27717 #EA 27686 27716
27718 #EA 25611 27685
27719 #EA 27718 25380
4850 #NI 4781 954
27720 #EA 26936 25432
27721 #EA 27720 121
27722 #EA 26961 25655
27723 #EA 27429 22919
27724 #EA 27723 5
27725 #EA 16491 2536
27726 #EA 27725 939
27727 #EA 27726 911
27728 #EA 26215 27727
27729 #EA 27728 25608
27730 #EA 15037 27729
27731 #EA 27730 82
27732 #EA 27728 8
27733 #EA 27731 27732
27734 #EA 23908 26003
27735 #EA 27734 26214
27736 #EA 27735 2536
27737 #EA 27736 939
27738 #EA 27737 911
27739 #EA 27738 910
27740 #EA 27739 8
27741 #EA 27740 698
27742 #EA 27741 5
27743 #EA 27733 27742
27744 #EA 16491 2582
27745 #EA 27744 2536
27746 #EA 27745 939
27747 #EA 26214 27746
27748 #EA 27747 25616
27749 #EA 27748 121
27750 #EP #BD 188 27743 27749
27751 #EP #BD 4848 27724 27750
27752 #EL #BI 4846 7378 27751
27753 #EA 27722 27752
27754 #EA 25959 23710
27755 #EA 27754 25655
4851 #NI 4781 955
27756 #EA 27697 25610
27757 #EA 15037 27756
27758 #EA 27757 10
27759 #EA 27758 27756
27760 #EA 27705 25610
27761 #EA 27760 366
27762 #EA 27761 5
27763 #EA 27759 27762
27764 #EA 2624 27729
27765 #EA 27739 25608
27766 #EA 27765 698
27767 #EA 27766 8
27768 #EA 27764 27767
27769 #EA 27748 5
27770 #EL #BD 4478 27729 27769
27771 #EA 27768 27770
27772 #EA 25325 25608
27773 #EA 27772 2536
27774 #EA 27773 939
27775 #EA 27774 911
27776 #EA 27775 910
27777 #EA 27776 698
27778 #EA 27777 8
27779 #EA 27771 27778
27780 #EA 27779 82
27781 #EA 2761 27729
27782 #EA 27781 82
27783 #EA 27782 27767
27784 #EA 15124 27729
27785 #EA 27784 82
27786 #EA 27785 27767
27787 #EA 27786 5
27788 #EA 27783 27787
27789 #EA 27780 27788
27790 #EL #BD 4851 27763 27789
27791 #EL #BD 4848 27755 27790
27792 #EA 27753 27791
27793 #EA 27792 366
27794 #EA 27793 5
27795 #EA 27794 82
27796 #EL #BD 4850 27721 27795
27797 #EL #BD 4478 27719 27796
27798 #EA 27717 27797
27799 #EA 27798 25432
27800 #EA 27034 25432
27801 #EA 27800 27685
27802 #EA 27801 5
27803 #EA 27799 27802
27804 #EA 27803 25372
27805 #EL #BD 4849 27682 27804
27806 #EL #BD 4848 27681 27805
27807 #EL #BD 4847 27679 27806
27808 #EL #BI 4846 7378 27807
27809 #EL #BI 4845 7378 27808
27810 #EL #BI 4844 7378 27809
27811 #EL #BI 4843 7378 27810
27812 #EL #BI 4842 7288 27811
27813 #EA 27677 27812
4852 #NI 4550 787
4853 #NI 4556 788
4854 #NI 4821 789
4855 #NI 4827 790
27814 #EA 19974 25372
27815 #EA 27814 10
27816 #EA 21893 27815
27817 #EA 27816 21902
4856 #NI 4827 791
4857 #NI 4781 957
27818 #EA 27568 21904
27819 #EA 26961 23970
27820 #EA 27575 366
27821 #EA 16559 910
27822 #EA 26210 27821
27823 #EA 27822 698
27824 #EA 27580 27823
27825 #EA 23973 25616
27826 #EA 27825 25608
27827 #EA 27826 910
27828 #EA 27827 860
27829 #EA 27828 698
27830 #EA 27829 366
27831 #EA 27830 121
27832 #EA 27824 27831
27833 #EP #BD 188 27832 27594
27834 #EP #BD 188 27820 27833
27835 #EP #BD 4478 27574 27834
27836 #EL #BD 4462 7378 27835
27837 #EA 27819 27836
27838 #EA 25811 23970
27839 #EA 27838 25374
4858 #NI 4781 958
27840 #EA 27602 121
27841 #EA 26961 25380
27842 #EA 26211 5
27843 #EA 16559 911
27844 #EA 25959 27843
27845 #EA 27844 25655
27846 #EA 15037 27845
27847 #EA 27846 82
27848 #EA 27844 8
27849 #EA 27847 27848
27850 #EA 23973 25957
27851 #EA 27850 25616
27852 #EA 27851 911
27853 #EA 27852 910
27854 #EA 27853 8
27855 #EA 27854 698
27856 #EA 27855 5
27857 #EA 27849 27856
27858 #EA 16559 939
27859 #EA 25616 27858
27860 #EA 27859 25610
27861 #EA 27860 121
27862 #EP #BD 188 27857 27861
27863 #EP #BD 4856 27842 27862
27864 #EL #BI 4854 7378 27863
27865 #EA 27841 27864
27866 #EA 26260 25380
4859 #NI 4781 959
27867 #EA 27822 25432
27868 #EA 15037 27867
27869 #EA 27868 10
27870 #EA 27869 27867
27871 #EA 27828 25432
27872 #EA 27871 366
27873 #EA 27872 5
27874 #EA 27870 27873
27875 #EA 2624 27845
27876 #EA 27853 25655
27877 #EA 27876 698
27878 #EA 27877 8
27879 #EA 27875 27878
27880 #EA 27860 5
27881 #EL #BD 4478 27845 27880
27882 #EA 27879 27881
27883 #EA 24216 25655
27884 #EA 27883 911
27885 #EA 27884 910
27886 #EA 27885 698
27887 #EA 27886 8
27888 #EA 27882 27887
27889 #EA 27888 82
27890 #EA 2761 27845
27891 #EA 27890 82
27892 #EA 27891 27878
27893 #EA 15124 27845
27894 #EA 27893 82
27895 #EA 27894 27878
27896 #EA 27895 5
27897 #EA 27892 27896
27898 #EA 27889 27897
27899 #EL #BD 4859 27874 27898
27900 #EL #BD 4856 27866 27899
27901 #EA 27865 27900
27902 #EA 27901 366
27903 #EA 27902 5
27904 #EA 27903 82
27905 #EL #BD 4858 27840 27904
27906 #EL #BD 4478 27839 27905
27907 #EA 27837 27906
27908 #EA 27907 25372
27909 #EA 27666 23970
27910 #EA 27909 5
27911 #EA 27908 27910
27912 #EA 27911 25421
27913 #EL #BD 4857 27818 27912
27914 #EL #BD 4856 27567 27913
27915 #EL #BD 4855 27817 27914
27916 #EL #BI 4854 7378 27915
27917 #EL #BI 4853 7378 27916
27918 #EL #BI 4852 7297 27917
27919 #EA 27813 27918
4860 #NS 1513 _@
4861 #NS 4860 LeanToLambdaBox
4862 #NS 4861 Export
4863 #NS 4862 EvalT
4864 #NI 4863 256180002
4865 #NS 4864 _hygCtx
4866 #NS 4865 _hyg
4867 #NI 4866 792
27920 #EA 21914 25325
27921 #EA 1666 27920
27922 #EA 27921 1504
4868 #NI 4565 793
4869 #NI 4572 794
4870 #NI 4580 795
4871 #NI 4588 796
4872 #NS 4349 _@
4873 #NS 4872 LeanToLambdaBox
4874 #NS 4873 Export
4875 #NS 4874 EvalT
4876 #NI 4875 256180002
4877 #NS 4876 _hygCtx
4878 #NS 4877 _hyg
4879 #NI 4878 797
27923 #EA 22559 25605
27924 #EA 27923 8
27925 #EA 27924 5
4880 #NI 4781 961
27926 #EA 27602 20271
27927 #EA 26961 21959
27928 #EA 25611 5
27929 #EA 27928 25380
27930 #EA 22015 121
27931 #EA 27720 27930
27932 #EA 25959 10
27933 #EA 27932 25655
27934 #EA 15037 27933
27935 #EA 27934 8
27936 #EA 26550 860
27937 #EA 27936 698
27938 #EA 25959 27937
27939 #EA 27936 366
27940 #EA 27938 27939
27941 #EA 27935 27940
27942 #EA 24015 25957
27943 #EA 27942 25616
27944 #EA 27943 911
27945 #EA 27944 910
27946 #EA 27945 860
27947 #EA 27946 698
27948 #EA 27947 366
27949 #EA 27948 121
27950 #EA 27941 27949
27951 #EA 25616 82
27952 #EA 27951 25610
27953 #EA 27952 10
27954 #EP #BD 188 27950 27953
27955 #EP #BD 188 27931 27954
27956 #EP #BD 4478 27929 27955
27957 #EL #BD 4462 7378 27956
27958 #EA 27927 27957
27959 #EA 25690 21959
27960 #EA 27959 25372
4881 #NI 4781 962
27961 #EA 16578 698
27962 #EA 27961 366
27963 #EA 27962 82
27964 #EA 27575 27963
27965 #EA 26961 27930
27966 #EA 27938 5
27967 #EA 23047 860
27968 #EA 27429 27967
27969 #EA 27968 8
27970 #EA 15037 27969
27971 #EA 27970 5
27972 #EA 23047 698
27973 #EA 27968 27972
27974 #EA 27971 27973
27975 #EA 24015 26214
27976 #EA 27975 25957
27977 #EA 27976 939
27978 #EA 27977 911
27979 #EA 27978 910
27980 #EA 27979 860
27981 #EA 27980 698
27982 #EA 27981 366
27983 #EA 27974 27982
27984 #EA 16578 939
27985 #EA 27984 911
27986 #EA 27985 910
27987 #EA 25957 27986
27988 #EA 27987 10
27989 #EA 27988 8
27990 #EP #BD 188 27983 27989
27991 #EP #BD 4478 27966 27990
27992 #EL #BD 4470 7378 27991
27993 #EA 27965 27992
27994 #EA 22015 366
27995 #EA 26210 27994
27996 #EA 27995 27930
4882 #NI 4781 963
27997 #EA 15037 27940
27998 #EA 27997 5
27999 #EA 27998 27940
28000 #EA 27999 27949
28001 #EA 2624 27973
28002 #EA 28001 27982
28003 #EA 27985 860
28004 #EA 27987 28003
28005 #EA 28004 5
28006 #EL #BD 4478 27973 28005
28007 #EA 28002 28006
28008 #EA 24216 939
28009 #EA 28008 911
28010 #EA 28009 910
28011 #EA 28010 860
28012 #EA 28011 698
28013 #EA 28012 366
28014 #EA 28007 28013
28015 #EA 28014 8
28016 #EA 2761 27973
28017 #EA 28016 8
28018 #EA 28017 27982
28019 #EA 15124 27973
28020 #EA 28019 8
28021 #EA 28020 27982
28022 #EA 28021 5
28023 #EA 28018 28022
28024 #EA 28015 28023
28025 #EL #BD 4882 28000 28024
28026 #EL #BD 4478 27996 28025
28027 #EA 27993 28026
28028 #EA 28027 25432
28029 #EA 27800 27930
28030 #EA 28029 5
28031 #EA 28028 28030
28032 #EA 28031 8
28033 #EL #BD 4881 27964 28032
28034 #EL #BD 4478 27960 28033
28035 #EA 27958 28034
28036 #EA 28035 25380
28037 #EA 27657 21959
28038 #EA 28037 5
28039 #EA 28036 28038
28040 #EA 28039 25374
28041 #EL #BD 4880 27926 28040
28042 #EL #BD 4879 27925 28041
28043 #EL #BI 4871 7386 28042
28044 #EL #BI 4870 7386 28043
28045 #EL #BI 4869 0 28044
28046 #EL #BI 4868 7300 28045
28047 #EL #BD 4867 27922 28046
28048 #EA 27919 28047
4883 #NI 4866 798
28049 #EA 27921 1509
4884 #NI 4565 799
4885 #NI 4596 800
4886 #NI 4604 801
4887 #NI 4827 802
28050 #EA 21974 25380
28051 #EA 28050 10
28052 #EA 28051 8
28053 #EA 21973 28052
28054 #EA 28053 21980
4888 #NI 4781 965
28055 #EA 27568 21982
28056 #EA 20270 16697
28057 #EA 26961 28056
28058 #EA 27962 16697
28059 #EA 27575 28058
28060 #EA 26210 22016
28061 #EA 28060 22016
28062 #EA 27580 28061
28063 #EA 24060 25616
28064 #EA 28063 25608
28065 #EA 28064 910
28066 #EA 28065 860
28067 #EA 28066 698
28068 #EA 28067 366
28069 #EA 28068 121
28070 #EA 28062 28069
28071 #EP #BD 188 28070 27594
28072 #EP #BD 188 28059 28071
28073 #EP #BD 4478 27574 28072
28074 #EL #BD 4462 7378 28073
28075 #EA 28057 28074
28076 #EA 25811 28056
28077 #EA 28076 25374
4889 #NI 4781 966
28078 #EA 21958 16697
28079 #EA 27602 28078
28080 #EA 26961 28058
28081 #EA 28060 5
28082 #EA 27936 16697
28083 #EA 25959 28082
28084 #EA 28083 8
28085 #EA 15037 28084
28086 #EA 28085 5
28087 #EA 28083 28082
28088 #EA 28086 28087
28089 #EA 24060 25957
28090 #EA 28089 25616
28091 #EA 28090 911
28092 #EA 28091 910
28093 #EA 28092 860
28094 #EA 28093 698
28095 #EA 28094 366
28096 #EA 28088 28095
28097 #EA 25616 23048
28098 #EA 28097 10
28099 #EA 28098 8
28100 #EP #BD 188 28096 28099
28101 #EP #BD 4478 28081 28100
28102 #EL #BD 4470 7378 28101
28103 #EA 28080 28102
28104 #EA 25611 28058
28105 #EA 28104 28058
4890 #NI 4781 967
28106 #EA 15037 28061
28107 #EA 28106 5
28108 #EA 28107 28061
28109 #EA 28108 28069
28110 #EA 2624 28087
28111 #EA 28110 28095
28112 #EA 28097 23048
28113 #EA 28112 5
28114 #EL #BD 4478 28087 28113
28115 #EA 28111 28114
28116 #EA 4431 911
28117 #EA 28116 910
28118 #EA 28117 860
28119 #EA 28118 698
28120 #EA 28119 366
28121 #EA 28115 28120
28122 #EA 28121 8
28123 #EA 2761 28087
28124 #EA 28123 8
28125 #EA 28124 28095
28126 #EA 15124 28087
28127 #EA 28126 8
28128 #EA 28127 28095
28129 #EA 28128 5
28130 #EA 28125 28129
28131 #EA 28122 28130
28132 #EL #BD 4890 28109 28131
28133 #EL #BD 4478 28105 28132
28134 #EA 28103 28133
28135 #EA 28134 25380
28136 #EA 27657 28058
28137 #EA 28136 5
28138 #EA 28135 28137
28139 #EA 28138 8
28140 #EL #BD 4889 28079 28139
28141 #EL #BD 4478 28077 28140
28142 #EA 28075 28141
28143 #EA 28142 25372
28144 #EA 27666 28056
28145 #EA 28144 5
28146 #EA 28143 28145
28147 #EA 28146 25421
28148 #EL #BD 4888 28055 28147
28149 #EL #BD 4887 28054 28148
28150 #EL #BI 4886 0 28149
28151 #EL #BI 4885 0 28150
28152 #EL #BI 4884 7300 28151
28153 #EL #BD 4883 28049 28152
28154 #EA 28048 28153
4891 #NI 4866 803
4892 #NI 4487 804
4893 #NI 4494 805
4894 #NI 4615 806
4895 #NI 4565 807
4896 #NI 4596 808
4897 #NI 4580 809
4898 #NI 4604 810
4899 #NI 4827 811
28155 #EA 26260 21995
4900 #NI 4827 812
28156 #EA 21974 25616
28157 #EA 28156 121
28158 #EA 28157 82
28159 #EA 21973 28158
28160 #EA 28159 22001
4901 #NI 4827 813
4902 #NI 4827 814
28161 #EA 27429 910
28162 #EA 28161 860
4903 #NI 4781 969
28163 #EA 26936 25616
28164 #EA 28163 22012
28165 #EA 26961 23724
28166 #EA 27472 5
28167 #EA 28166 25957
28168 #EA 26936 26214
28169 #EA 27985 16697
28170 #EA 21993 28169
28171 #EA 28170 910
28172 #EA 16531 28171
28173 #EA 28172 2536
28174 #EA 28168 28173
28175 #EV 44
28176 #EA 22455 28175
28177 #EV 43
28178 #EA 28176 28177
28179 #EA 28178 10
28180 #EA 28179 26003
28181 #EA 15037 28180
28182 #EA 28181 8
28183 #EA 28178 27492
28184 #EA 16578 2536
28185 #EA 28184 939
28186 #EA 28185 16697
28187 #EA 21993 28186
28188 #EA 28187 911
28189 #EA 16531 28188
28190 #EA 28189 2582
28191 #EA 28183 28190
28192 #EA 28182 28191
28193 #EA 24114 28175
28194 #EA 28193 28177
28195 #EA 28194 2682
28196 #EA 28195 2593
28197 #EA 28196 2591
28198 #EA 28197 2582
28199 #EA 28198 2536
28200 #EA 28199 939
28201 #EA 28200 911
28202 #EA 28201 910
28203 #EA 28202 860
28204 #EA 28203 698
28205 #EA 28204 366
28206 #EA 28205 121
28207 #EA 28192 28206
28208 #EA 28177 82
28209 #EA 28208 26001
28210 #EA 28209 10
28211 #EP #BD 188 28207 28210
28212 #EP #BD 188 28174 28211
28213 #EP #BD 4478 28167 28212
28214 #EL #BD 4462 7378 28213
28215 #EA 28165 28214
28216 #EA 26004 23724
28217 #EA 28216 25616
4904 #NI 4781 970
28218 #EA 26936 25957
28219 #EA 28218 24112
28220 #EA 26961 28173
28221 #EA 28183 5
28222 #EV 45
28223 #EA 22455 28222
28224 #EA 28223 28175
28225 #EA 28224 24699
28226 #EA 28225 8
28227 #EA 15037 28226
28228 #EA 28227 5
28229 #EA 16578 2582
28230 #EA 28229 2536
28231 #EA 28230 16697
28232 #EA 21993 28231
28233 #EA 28232 939
28234 #EA 16531 28233
28235 #EA 28234 2591
28236 #EA 28225 28235
28237 #EA 28228 28236
28238 #EA 24114 28222
28239 #EA 28238 28175
28240 #EA 28239 2778
28241 #EA 28240 2682
28242 #EA 28241 2593
28243 #EA 28242 2591
28244 #EA 28243 2582
28245 #EA 28244 2536
28246 #EA 28245 939
28247 #EA 28246 911
28248 #EA 28247 910
28249 #EA 28248 860
28250 #EA 28249 698
28251 #EA 28250 366
28252 #EA 28237 28251
28253 #EA 16531 2778
28254 #EA 28253 2682
28255 #EA 28175 28254
28256 #EA 28255 10
28257 #EA 28256 8
28258 #EP #BD 188 28252 28257
28259 #EP #BD 4478 28221 28258
28260 #EL #BD 4470 7378 28259
28261 #EA 28220 28260
28262 #EA 22455 28177
28263 #EA 28262 27470
28264 #EA 28263 24878
28265 #EA 28264 28173
4905 #NI 4781 971
28266 #EA 15037 28191
28267 #EA 28266 5
28268 #EA 28267 28191
28269 #EA 28268 28206
28270 #EA 2624 28236
28271 #EA 28270 28251
28272 #EA 24190 2582
28273 #EA 28272 16697
28274 #EA 21993 28273
28275 #EA 28274 2536
28276 #EA 16531 28275
28277 #EA 28276 2593
28278 #EA 28255 28277
28279 #EA 28278 5
28280 #EL #BD 4478 28236 28279
28281 #EA 28271 28280
28282 #EA 25333 2778
28283 #EA 28282 2682
28284 #EA 28283 2593
28285 #EA 28284 2591
28286 #EA 28285 2582
28287 #EA 28286 2536
28288 #EA 28287 939
28289 #EA 28288 911
28290 #EA 28289 910
28291 #EA 28290 860
28292 #EA 28291 698
28293 #EA 28292 366
28294 #EA 28281 28293
28295 #EA 28294 8
28296 #EA 2761 28236
28297 #EA 28296 8
28298 #EA 28297 28251
28299 #EA 15124 28236
28300 #EA 28299 8
28301 #EA 28300 28251
28302 #EA 28301 5
28303 #EA 28298 28302
28304 #EA 28295 28303
28305 #EL #BD 4905 28269 28304
28306 #EL #BD 4478 28265 28305
28307 #EA 28261 28306
28308 #EA 28307 26214
28309 #EA 27034 26214
28310 #EA 28309 28173
28311 #EA 28310 5
28312 #EA 28308 28311
28313 #EA 28312 8
28314 #EL #BD 4904 28219 28313
28315 #EL #BD 4478 28217 28314
28316 #EA 28215 28315
28317 #EA 28316 25957
28318 #EA 27034 25957
28319 #EA 28318 23724
28320 #EA 28319 5
28321 #EA 28317 28320
28322 #EA 28321 25608
28323 #EL #BD 4903 28164 28322
28324 #EL #BD 4902 28162 28323
28325 #EL #BD 4901 22004 28324
28326 #EL #BD 4900 28160 28325
28327 #EL #BD 4899 28155 28326
28328 #EL #BI 4898 0 28327
28329 #EL #BI 4897 7386 28328
28330 #EL #BI 4896 0 28329
28331 #EL #BI 4895 7300 28330
28332 #EL #BI 4894 7378 28331
28333 #EL #BI 4893 7378 28332
28334 #EL #BI 4892 7378 28333
28335 #EL #BD 4891 28049 28334
28336 #EA 28154 28335
4906 #NI 4866 815
4907 #NI 4565 816
4908 #NI 4631 817
4909 #NI 4572 818
4910 #NI 4640 819
4911 #NI 4648 820
4912 #NI 4580 821
4913 #NI 4657 822
4914 #NI 4556 823
4915 #NI 4821 824
4916 #NI 4827 825
28337 #EA 22036 25957
28338 #EA 28337 910
28339 #EA 1666 28338
28340 #EA 28339 1509
4917 #NI 4827 826
28341 #EA 27429 698
28342 #EA 28341 22046
4918 #NI 4827 827
4919 #NI 4827 828
4920 #NI 4827 829
28343 #EA 27472 22085
28344 #EA 28343 121
4921 #NI 4781 973
28345 #EA 26936 26003
28346 #EA 28345 22096
28347 #EA 22091 2593
28348 #EA 28347 2591
28349 #EA 16610 28348
28350 #EA 28349 2536
28351 #EA 28350 939
28352 #EA 26961 28351
28353 #EA 28224 5
28354 #EA 28353 26001
28355 #EA 26936 27470
28356 #EA 28355 910
28357 #EV 47
28358 #EA 22455 28357
28359 #EV 46
28360 #EA 28358 28359
28361 #EA 28360 10
28362 #EA 28361 28177
28363 #EA 15037 28362
28364 #EA 28363 8
28365 #EA 22091 2799
28366 #EA 28365 2778
28367 #EA 16610 28366
28368 #EA 28367 2593
28369 #EA 28368 2591
28370 #EA 28360 28369
28371 #EA 28370 911
28372 #EA 28364 28371
28373 #EA 24232 28357
28374 #EA 28373 28359
28375 #EA 28374 2801
28376 #EA 28375 2799
28377 #EA 28376 2778
28378 #EA 28377 2682
28379 #EA 28378 2593
28380 #EA 28379 2591
28381 #EA 28380 2582
28382 #EA 28381 2536
28383 #EA 28382 939
28384 #EA 28383 911
28385 #EA 28384 910
28386 #EA 28385 860
28387 #EA 28386 698
28388 #EA 28387 366
28389 #EA 28388 121
28390 #EA 28372 28389
28391 #EA 28359 82
28392 #EA 28391 28175
28393 #EA 28392 10
28394 #EP #BD 188 28390 28393
28395 #EP #BD 188 28356 28394
28396 #EP #BD 4478 28354 28395
28397 #EL #BD 4462 7378 28396
28398 #EA 28352 28397
28399 #EA 28178 28351
28400 #EA 28399 26003
4922 #NI 4781 974
28401 #EA 26936 26001
28402 #EA 28401 860
28403 #EA 26961 27470
28404 #EA 22070 2778
28405 #EA 28404 2582
28406 #EA 22080 28405
28407 #EA 22079 28406
28408 #EA 28407 939
28409 #EA 28360 28408
28410 #EA 28409 5
28411 #EV 48
28412 #EA 22455 28411
28413 #EA 28412 28357
28414 #EA 22091 2801
28415 #EA 28414 2799
28416 #EA 16610 28415
28417 #EA 28416 2682
28418 #EA 28417 2593
28419 #EA 28413 28418
28420 #EA 28419 28175
28421 #EA 15037 28420
28422 #EA 28421 82
28423 #EA 28419 8
28424 #EA 28422 28423
28425 #EA 24232 28411
28426 #EA 28425 28357
28427 #EA 28426 2855
28428 #EA 28427 2801
28429 #EA 28428 2799
28430 #EA 28429 2778
28431 #EA 28430 2682
28432 #EA 28431 2593
28433 #EA 28432 2591
28434 #EA 28433 2582
28435 #EA 28434 2536
28436 #EA 28435 8
28437 #EA 28436 911
28438 #EA 28437 910
28439 #EA 28438 860
28440 #EA 28439 698
28441 #EA 28440 5
28442 #EA 28424 28441
28443 #EA 22091 2855
28444 #EA 28443 2801
28445 #EA 16610 28444
28446 #EA 28445 2778
28447 #EA 28446 2682
28448 #EA 28357 28447
28449 #EA 28448 28222
28450 #EA 28449 121
28451 #EP #BD 188 28442 28450
28452 #EP #BD 4920 28410 28451
28453 #EL #BI 4915 7378 28452
28454 #EA 28403 28453
28455 #EA 22455 28359
28456 #EA 28455 28222
28457 #EA 22070 2682
28458 #EA 28457 2536
28459 #EA 22080 28458
28460 #EA 22079 28459
28461 #EA 28460 911
28462 #EA 28456 28461
28463 #EA 28462 27470
4923 #NI 4781 975
28464 #EA 28370 28177
28465 #EA 15037 28464
28466 #EA 28465 10
28467 #EA 28466 28464
28468 #EA 28383 28177
28469 #EA 28468 910
28470 #EA 28469 860
28471 #EA 28470 698
28472 #EA 28471 366
28473 #EA 28472 5
28474 #EA 28467 28473
28475 #EA 2624 28420
28476 #EA 28435 28175
28477 #EA 28476 911
28478 #EA 28477 910
28479 #EA 28478 860
28480 #EA 28479 698
28481 #EA 28480 8
28482 #EA 28475 28481
28483 #EA 28449 5
28484 #EL #BD 4478 28420 28483
28485 #EA 28482 28484
28486 #EA 25374 28175
28487 #EA 28486 2855
28488 #EA 28487 2801
28489 #EA 28488 2799
28490 #EA 28489 2778
28491 #EA 28490 2682
28492 #EA 28491 2593
28493 #EA 28492 2591
28494 #EA 28493 2582
28495 #EA 28494 2536
28496 #EA 28495 911
28497 #EA 28496 910
28498 #EA 28497 860
28499 #EA 28498 698
28500 #EA 28499 8
28501 #EA 28485 28500
28502 #EA 28501 82
28503 #EA 2761 28420
28504 #EA 28503 82
28505 #EA 28504 28481
28506 #EA 15124 28420
28507 #EA 28506 82
28508 #EA 28507 28481
28509 #EA 28508 5
28510 #EA 28505 28509
28511 #EA 28502 28510
28512 #EL #BD 4923 28474 28511
28513 #EL #BD 4920 28463 28512
28514 #EA 28454 28513
28515 #EA 28514 910
28516 #EA 28515 5
28517 #EA 28516 82
28518 #EL #BD 4922 28402 28517
28519 #EL #BD 4478 28400 28518
28520 #EA 28398 28519
28521 #EA 28520 26001
28522 #EA 27034 26001
28523 #EA 28522 28351
28524 #EA 28523 5
28525 #EA 28521 28524
28526 #EA 28525 26214
28527 #EL #BD 4921 28346 28526
28528 #EL #BD 4920 28344 28527
28529 #EL #BD 4919 22076 28528
28530 #EL #BD 4918 22068 28529
28531 #EL #BD 4917 28342 28530
28532 #EL #BD 4916 28340 28531
28533 #EL #BI 4915 7378 28532
28534 #EL #BI 4914 7378 28533
28535 #EL #BI 4913 7393 28534
28536 #EL #BI 4912 7386 28535
28537 #EL #BI 4911 7396 28536
28538 #EL #BI 4910 7378 28537
28539 #EL #BI 4909 0 28538
28540 #EL #BI 4908 0 28539
28541 #EL #BI 4907 7300 28540
28542 #EL #BD 4906 28049 28541
28543 #EA 28336 28542
4924 #NI 4866 830
4925 #NI 4565 831
4926 #NI 4631 832
4927 #NI 4572 833
4928 #NI 4640 834
4929 #NI 4648 835
4930 #NI 4676 836
4931 #NI 4657 837
4932 #NI 4556 838
4933 #NI 4821 839
4934 #NI 4827 840
4935 #NI 4827 841
28544 #EA 28341 22116
4936 #NI 4827 842
4937 #NI 4827 843
4938 #NI 4827 844
4939 #NI 4781 977
28545 #EA 24312 28357
28546 #EA 28545 28359
28547 #EA 28546 2801
28548 #EA 28547 2799
28549 #EA 28548 2778
28550 #EA 28549 2682
28551 #EA 28550 2593
28552 #EA 28551 2591
28553 #EA 28552 2582
28554 #EA 28553 2536
28555 #EA 28554 939
28556 #EA 28555 911
28557 #EA 28556 910
28558 #EA 28557 860
28559 #EA 28558 698
28560 #EA 28559 366
28561 #EA 28560 121
28562 #EA 28372 28561
28563 #EP #BD 188 28562 28393
28564 #EP #BD 188 28356 28563
28565 #EP #BD 4478 28354 28564
28566 #EL #BD 4462 7378 28565
28567 #EA 28352 28566
4940 #NI 4781 978
28568 #EA 24312 28411
28569 #EA 28568 28357
28570 #EA 28569 2855
28571 #EA 28570 2801
28572 #EA 28571 2799
28573 #EA 28572 2778
28574 #EA 28573 2682
28575 #EA 28574 2593
28576 #EA 28575 2591
28577 #EA 28576 2582
28578 #EA 28577 2536
28579 #EA 28578 8
28580 #EA 28579 911
28581 #EA 28580 910
28582 #EA 28581 860
28583 #EA 28582 698
28584 #EA 28583 5
28585 #EA 28424 28584
28586 #EP #BD 188 28585 28450
28587 #EP #BD 4938 28410 28586
28588 #EL #BI 4933 7378 28587
28589 #EA 28403 28588
4941 #NI 4781 979
28590 #EA 28555 28177
28591 #EA 28590 910
28592 #EA 28591 860
28593 #EA 28592 698
28594 #EA 28593 366
28595 #EA 28594 5
28596 #EA 28467 28595
28597 #EA 28578 28175
28598 #EA 28597 911
28599 #EA 28598 910
28600 #EA 28599 860
28601 #EA 28600 698
28602 #EA 28601 8
28603 #EA 28475 28602
28604 #EA 28603 28484
28605 #EA 25421 28175
28606 #EA 28605 2855
28607 #EA 28606 2801
28608 #EA 28607 2799
28609 #EA 28608 2778
28610 #EA 28609 2682
28611 #EA 28610 2593
28612 #EA 28611 2591
28613 #EA 28612 2582
28614 #EA 28613 2536
28615 #EA 28614 911
28616 #EA 28615 910
28617 #EA 28616 860
28618 #EA 28617 698
28619 #EA 28618 8
28620 #EA 28604 28619
28621 #EA 28620 82
28622 #EA 28504 28602
28623 #EA 28507 28602
28624 #EA 28623 5
28625 #EA 28622 28624
28626 #EA 28621 28625
28627 #EL #BD 4941 28596 28626
28628 #EL #BD 4938 28463 28627
28629 #EA 28589 28628
28630 #EA 28629 910
28631 #EA 28630 5
28632 #EA 28631 82
28633 #EL #BD 4940 28402 28632
28634 #EL #BD 4478 28400 28633
28635 #EA 28567 28634
28636 #EA 28635 26001
28637 #EA 28636 28524
28638 #EA 28637 26214
28639 #EL #BD 4939 28346 28638
28640 #EL #BD 4938 28344 28639
28641 #EL #BD 4937 22076 28640
28642 #EL #BD 4936 22068 28641
28643 #EL #BD 4935 28544 28642
28644 #EL #BD 4934 28340 28643
28645 #EL #BI 4933 7378 28644
28646 #EL #BI 4932 7378 28645
28647 #EL #BI 4931 7393 28646
28648 #EL #BI 4930 7386 28647
28649 #EL #BI 4929 7396 28648
28650 #EL #BI 4928 7378 28649
28651 #EL #BI 4927 0 28650
28652 #EL #BI 4926 0 28651
28653 #EL #BI 4925 7300 28652
28654 #EL #BD 4924 27922 28653
28655 #EA 28543 28654
4942 #NS 4370 _@
4943 #NS 4942 LeanToLambdaBox
4944 #NS 4943 Export
4945 #NS 4944 EvalT
4946 #NI 4945 256180002
4947 #NS 4946 _hygCtx
4948 #NS 4947 _hyg
4949 #NI 4948 845
28656 #EA 22132 25325
28657 #EA 1666 28656
28658 #EA 28657 1504
4950 #NI 4565 846
4951 #NI 4631 847
4952 #NI 4640 848
4953 #NI 4657 849
4954 #NI 4556 850
4955 #NI 4821 851
4956 #NI 4827 852
28659 #EA 22036 25610
28660 #EA 28659 366
28661 #EA 1666 28660
28662 #EA 28661 1504
4957 #NI 4827 853
28663 #EA 26128 16418
4958 #NI 4827 854
28664 #EA 26210 22148
28665 #EA 28664 10
4959 #NI 4781 981
28666 #EA 27463 22161
28667 #EA 22091 911
28668 #EA 28667 910
28669 #EA 16610 28668
28670 #EA 28669 860
28671 #EA 16849 698
28672 #EA 28671 366
28673 #EA 16757 28672
28674 #EA 28673 16729
28675 #EA 28670 28674
28676 #EA 26961 28675
28677 #EA 26215 5
28678 #EA 28677 25608
28679 #EA 28163 698
28680 #EA 27472 10
28681 #EA 28680 25957
28682 #EA 15037 28681
28683 #EA 28682 8
28684 #EA 26574 939
28685 #EA 16849 911
28686 #EA 28685 910
28687 #EA 16757 28686
28688 #EA 28687 16729
28689 #EA 28684 28688
28690 #EA 27472 28689
28691 #EA 28690 860
28692 #EA 28683 28691
28693 #EA 24410 27470
28694 #EA 28693 26001
28695 #EA 28694 2591
28696 #EA 28695 2582
28697 #EA 28696 2536
28698 #EA 28697 939
28699 #EA 28698 911
28700 #EA 28699 910
28701 #EA 28700 860
28702 #EA 28701 698
28703 #EA 28702 366
28704 #EA 28703 121
28705 #EA 28692 28704
28706 #EA 26001 82
28707 #EA 28706 26214
28708 #EA 28707 10
28709 #EP #BD 188 28705 28708
28710 #EP #BD 188 28679 28709
28711 #EP #BD 4478 28678 28710
28712 #EL #BD 4462 7378 28711
28713 #EA 28676 28712
28714 #EA 27429 28675
28715 #EA 28714 25610
4960 #NI 4781 982
28716 #EA 27432 366
28717 #EA 26961 25616
28718 #EA 17523 911
28719 #EA 22143 28718
28720 #EA 28719 16418
28721 #EA 22079 28720
28722 #EA 28721 910
28723 #EA 27472 28722
28724 #EA 28723 5
28725 #EA 22094 2536
28726 #EA 16849 939
28727 #EA 28726 911
28728 #EA 16757 28727
28729 #EA 28728 16729
28730 #EA 28725 28729
28731 #EA 28263 28730
28732 #EA 28731 26214
28733 #EA 15037 28732
28734 #EA 28733 82
28735 #EA 28731 8
28736 #EA 28734 28735
28737 #EA 24410 28177
28738 #EA 28737 27470
28739 #EA 28738 2593
28740 #EA 28739 2591
28741 #EA 28740 2582
28742 #EA 28741 2536
28743 #EA 28742 939
28744 #EA 28743 911
28745 #EA 28744 8
28746 #EA 28745 860
28747 #EA 28746 698
28748 #EA 28747 5
28749 #EA 28736 28748
28750 #EA 28349 2582
28751 #EA 16849 2536
28752 #EA 28751 939
28753 #EA 16757 28752
28754 #EA 28753 16729
28755 #EA 28750 28754
28756 #EA 27470 28755
28757 #EA 28756 26003
28758 #EA 28757 121
28759 #EP #BD 188 28749 28758
28760 #EP #BD 4958 28724 28759
28761 #EL #BI 4955 7378 28760
28762 #EA 28717 28761
28763 #EA 17523 910
28764 #EA 22143 28763
28765 #EA 28764 16418
28766 #EA 22079 28765
28767 #EA 28766 860
28768 #EA 26004 28767
28769 #EA 28768 25616
4961 #NI 4781 983
28770 #EA 28690 25957
28771 #EA 15037 28770
28772 #EA 28771 10
28773 #EA 28772 28770
28774 #EA 28700 25957
28775 #EA 28774 698
28776 #EA 28775 366
28777 #EA 28776 5
28778 #EA 28773 28777
28779 #EA 2624 28732
28780 #EA 28744 26214
28781 #EA 28780 860
28782 #EA 28781 698
28783 #EA 28782 8
28784 #EA 28779 28783
28785 #EA 28757 5
28786 #EL #BD 4478 28732 28785
28787 #EA 28784 28786
28788 #EA 24198 26214
28789 #EA 28788 2593
28790 #EA 28789 2591
28791 #EA 28790 2582
28792 #EA 28791 2536
28793 #EA 28792 939
28794 #EA 28793 911
28795 #EA 28794 860
28796 #EA 28795 698
28797 #EA 28796 8
28798 #EA 28787 28797
28799 #EA 28798 82
28800 #EA 2761 28732
28801 #EA 28800 82
28802 #EA 28801 28783
28803 #EA 15124 28732
28804 #EA 28803 82
28805 #EA 28804 28783
28806 #EA 28805 5
28807 #EA 28802 28806
28808 #EA 28799 28807
28809 #EL #BD 4961 28778 28808
28810 #EL #BD 4958 28769 28809
28811 #EA 28762 28810
28812 #EA 28811 698
28813 #EA 28812 5
28814 #EA 28813 82
28815 #EL #BD 4960 28716 28814
28816 #EL #BD 4478 28715 28815
28817 #EA 28713 28816
28818 #EA 28817 25608
28819 #EA 27034 25608
28820 #EA 28819 28675
28821 #EA 28820 5
28822 #EA 28818 28821
28823 #EA 28822 25655
28824 #EL #BD 4959 28666 28823
28825 #EL #BD 4958 28665 28824
28826 #EL #BD 4957 28663 28825
28827 #EL #BD 4956 28662 28826
28828 #EL #BI 4955 7378 28827
28829 #EL #BI 4954 7378 28828
28830 #EL #BI 4953 7393 28829
28831 #EL #BI 4952 7378 28830
28832 #EL #BI 4951 0 28831
28833 #EL #BI 4950 7300 28832
28834 #EL #BD 4949 28658 28833
28835 #EA 28655 28834
4962 #NI 4866 855
4963 #NI 4695 856
4964 #NI 4640 857
4965 #NI 4580 858
4966 #NI 4531 859
4967 #NI 4821 860
4968 #NI 4827 861
28836 #EA 26085 22178
28837 #EA 1666 28836
28838 #EA 28837 1509
4969 #NI 4827 862
28839 #EA 26089 22188
4970 #NI 4827 863
4971 #NI 4827 864
28840 #EA 26210 121
28841 #EA 28840 82
4972 #NI 4781 985
28842 #EA 27463 22211
28843 #EA 16640 911
28844 #EA 28843 910
28845 #EA 26961 28844
28846 #EA 28163 860
28847 #EA 16640 2582
28848 #EA 28847 2536
28849 #EA 27472 28848
28850 #EA 28849 910
28851 #EA 28683 28850
28852 #EA 24499 27470
28853 #EA 28852 26001
28854 #EA 28853 2591
28855 #EA 28854 2582
28856 #EA 28855 2536
28857 #EA 28856 939
28858 #EA 28857 911
28859 #EA 28858 910
28860 #EA 28859 860
28861 #EA 28860 698
28862 #EA 28861 366
28863 #EA 28862 121
28864 #EA 28851 28863
28865 #EP #BD 188 28864 28708
28866 #EP #BD 188 28846 28865
28867 #EP #BD 4478 28678 28866
28868 #EL #BD 4462 7378 28867
28869 #EA 28845 28868
28870 #EA 27429 28844
28871 #EA 28870 25610
4973 #NI 4781 986
28872 #EA 27472 911
28873 #EA 28872 5
28874 #EA 16640 2591
28875 #EA 28874 2582
28876 #EA 28263 28875
28877 #EA 28876 26214
28878 #EA 15037 28877
28879 #EA 28878 82
28880 #EA 28876 8
28881 #EA 28879 28880
28882 #EA 24499 28177
28883 #EA 28882 27470
28884 #EA 28883 2593
28885 #EA 28884 2591
28886 #EA 28885 2582
28887 #EA 28886 2536
28888 #EA 28887 939
28889 #EA 28888 8
28890 #EA 28889 910
28891 #EA 28890 860
28892 #EA 28891 698
28893 #EA 28892 5
28894 #EA 28881 28893
28895 #EA 16640 2593
28896 #EA 28895 2591
28897 #EA 27470 28896
28898 #EA 28897 26003
28899 #EA 28898 121
28900 #EP #BD 188 28894 28899
28901 #EP #BD 4971 28873 28900
28902 #EL #BI 4967 7378 28901
28903 #EA 28717 28902
28904 #EA 26004 910
28905 #EA 28904 25616
4974 #NI 4781 987
28906 #EA 28849 25957
28907 #EA 15037 28906
28908 #EA 28907 10
28909 #EA 28908 28906
28910 #EA 28858 25957
28911 #EA 28910 860
28912 #EA 28911 698
28913 #EA 28912 366
28914 #EA 28913 5
28915 #EA 28909 28914
28916 #EA 2624 28877
28917 #EA 28888 26214
28918 #EA 28917 910
28919 #EA 28918 860
28920 #EA 28919 698
28921 #EA 28920 8
28922 #EA 28916 28921
28923 #EA 28898 5
28924 #EL #BD 4478 28877 28923
28925 #EA 28922 28924
28926 #EA 4431 26214
28927 #EA 28926 2593
28928 #EA 28927 2591
28929 #EA 28928 2582
28930 #EA 28929 2536
28931 #EA 28930 939
28932 #EA 28931 910
28933 #EA 28932 860
28934 #EA 28933 698
28935 #EA 28934 8
28936 #EA 28925 28935
28937 #EA 28936 82
28938 #EA 2761 28877
28939 #EA 28938 82
28940 #EA 28939 28921
28941 #EA 15124 28877
28942 #EA 28941 82
28943 #EA 28942 28921
28944 #EA 28943 5
28945 #EA 28940 28944
28946 #EA 28937 28945
28947 #EL #BD 4974 28915 28946
28948 #EL #BD 4971 28905 28947
28949 #EA 28903 28948
28950 #EA 28949 860
28951 #EA 28950 5
28952 #EA 28951 82
28953 #EL #BD 4973 27433 28952
28954 #EL #BD 4478 28871 28953
28955 #EA 28869 28954
28956 #EA 28955 25608
28957 #EA 28819 28844
28958 #EA 28957 5
28959 #EA 28956 28958
28960 #EA 28959 25655
28961 #EL #BD 4972 28842 28960
28962 #EL #BD 4971 28841 28961
28963 #EL #BD 4970 22207 28962
28964 #EL #BD 4969 28839 28963
28965 #EL #BD 4968 28838 28964
28966 #EL #BI 4967 7378 28965
28967 #EL #BI 4966 7378 28966
28968 #EL #BI 4965 7386 28967
28969 #EL #BI 4964 7378 28968
28970 #EL #BI 4963 7310 28969
28971 #EL #BD 4962 28049 28970
28972 #EA 28835 28971
4975 #NI 4866 865
4976 #NI 4695 866
4977 #NI 4640 867
4978 #NI 4676 868
4979 #NI 4531 869
4980 #NI 4821 870
4981 #NI 4827 871
4982 #NI 4827 872
28973 #EA 26089 22226
4983 #NI 4827 873
4984 #NI 4827 874
4985 #NI 4781 989
28974 #EA 24564 27470
28975 #EA 28974 26001
28976 #EA 28975 2591
28977 #EA 28976 2582
28978 #EA 28977 2536
28979 #EA 28978 939
28980 #EA 28979 911
28981 #EA 28980 910
28982 #EA 28981 860
28983 #EA 28982 698
28984 #EA 28983 366
28985 #EA 28984 121
28986 #EA 28851 28985
28987 #EP #BD 188 28986 28708
28988 #EP #BD 188 28846 28987
28989 #EP #BD 4478 28678 28988
28990 #EL #BD 4462 7378 28989
28991 #EA 28845 28990
4986 #NI 4781 990
28992 #EA 24564 28177
28993 #EA 28992 27470
28994 #EA 28993 2593
28995 #EA 28994 2591
28996 #EA 28995 2582
28997 #EA 28996 2536
28998 #EA 28997 939
28999 #EA 28998 8
29000 #EA 28999 910
29001 #EA 29000 860
29002 #EA 29001 698
29003 #EA 29002 5
29004 #EA 28881 29003
29005 #EP #BD 188 29004 28899
29006 #EP #BD 4984 28873 29005
29007 #EL #BI 4980 7378 29006
29008 #EA 28717 29007
4987 #NI 4781 991
29009 #EA 28980 25957
29010 #EA 29009 860
29011 #EA 29010 698
29012 #EA 29011 366
29013 #EA 29012 5
29014 #EA 28909 29013
29015 #EA 28998 26214
29016 #EA 29015 910
29017 #EA 29016 860
29018 #EA 29017 698
29019 #EA 29018 8
29020 #EA 28916 29019
29021 #EA 29020 28924
29022 #EA 4377 26214
29023 #EA 29022 2593
29024 #EA 29023 2591
29025 #EA 29024 2582
29026 #EA 29025 2536
29027 #EA 29026 939
29028 #EA 29027 910
29029 #EA 29028 860
29030 #EA 29029 698
29031 #EA 29030 8
29032 #EA 29021 29031
29033 #EA 29032 82
29034 #EA 28939 29019
29035 #EA 28942 29019
29036 #EA 29035 5
29037 #EA 29034 29036
29038 #EA 29033 29037
29039 #EL #BD 4987 29014 29038
29040 #EL #BD 4984 28905 29039
29041 #EA 29008 29040
29042 #EA 29041 860
29043 #EA 29042 5
29044 #EA 29043 82
29045 #EL #BD 4986 27433 29044
29046 #EL #BD 4478 28871 29045
29047 #EA 28991 29046
29048 #EA 29047 25608
29049 #EA 29048 28958
29050 #EA 29049 25655
29051 #EL #BD 4985 28842 29050
29052 #EL #BD 4984 28841 29051
29053 #EL #BD 4983 22207 29052
29054 #EL #BD 4982 28973 29053
29055 #EL #BD 4981 28838 29054
29056 #EL #BI 4980 7378 29055
29057 #EL #BI 4979 7378 29056
29058 #EL #BI 4978 7386 29057
29059 #EL #BI 4977 7378 29058
29060 #EL #BI 4976 7310 29059
29061 #EL #BD 4975 27922 29060
29062 #EA 28972 29061
4988 #NI 4948 875
4989 #NI 4695 876
4990 #NI 4640 877
4991 #NI 4827 878
29063 #EA 22036 25372
29064 #EA 29063 22239
29065 #EA 1666 29064
29066 #EA 29065 1504
4992 #NI 4827 879
29067 #EA 25427 8
29068 #EA 29067 16418
4993 #NI 4781 993
29069 #EA 27568 20309
29070 #EA 26961 24622
29071 #EA 26210 26721
29072 #EA 29071 16418
29073 #EA 27580 29072
29074 #EA 24625 25616
29075 #EA 29074 25608
29076 #EA 29075 910
29077 #EA 29076 860
29078 #EA 29077 698
29079 #EA 29078 366
29080 #EA 29079 121
29081 #EA 29073 29080
29082 #EP #BD 188 29081 27594
29083 #EP #BD 188 27576 29082
29084 #EP #BD 4478 27574 29083
29085 #EL #BD 4462 7378 29084
29086 #EA 29070 29085
29087 #EA 25811 24622
29088 #EA 29087 25374
4994 #NI 4781 994
29089 #EA 29071 5
29090 #EA 25959 22211
29091 #EA 29090 8
29092 #EA 15037 29091
29093 #EA 29092 5
29094 #EA 29090 16418
29095 #EA 29093 29094
29096 #EA 24625 25957
29097 #EA 29096 25616
29098 #EA 29097 911
29099 #EA 29098 910
29100 #EA 29099 860
29101 #EA 29100 698
29102 #EA 29101 366
29103 #EA 29095 29102
29104 #EA 25616 28844
29105 #EA 29104 10
29106 #EA 29105 8
29107 #EP #BD 188 29103 29106
29108 #EP #BD 4478 29089 29107
29109 #EL #BD 4470 7378 29108
29110 #EA 26962 29109
29111 #EA 16640 698
29112 #EA 29111 366
29113 #EA 25611 29112
29114 #EA 29113 16418
4995 #NI 4781 995
29115 #EA 15037 29072
29116 #EA 29115 5
29117 #EA 29116 29072
29118 #EA 29117 29080
29119 #EA 2624 29094
29120 #EA 29119 29102
29121 #EA 29104 16418
29122 #EA 29121 5
29123 #EL #BD 4478 29094 29122
29124 #EA 29120 29123
29125 #EA 2682 911
29126 #EA 29125 910
29127 #EA 29126 860
29128 #EA 29127 698
29129 #EA 29128 366
29130 #EA 29124 29129
29131 #EA 29130 8
29132 #EA 2761 29094
29133 #EA 29132 8
29134 #EA 29133 29102
29135 #EA 15124 29094
29136 #EA 29135 8
29137 #EA 29136 29102
29138 #EA 29137 5
29139 #EA 29134 29138
29140 #EA 29131 29139
29141 #EL #BD 4995 29118 29140
29142 #EL #BD 4478 29114 29141
29143 #EA 29110 29142
29144 #EA 29143 25380
29145 #EA 29144 27659
29146 #EA 29145 8
29147 #EL #BD 4994 27603 29146
29148 #EL #BD 4478 29088 29147
29149 #EA 29086 29148
29150 #EA 29149 25372
29151 #EA 27666 24622
29152 #EA 29151 5
29153 #EA 29150 29152
29154 #EA 29153 25421
29155 #EL #BD 4993 29069 29154
29156 #EL #BD 4992 29068 29155
29157 #EL #BD 4991 29066 29156
29158 #EL #BI 4990 7378 29157
29159 #EL #BI 4989 7310 29158
29160 #EL #BD 4988 28658 29159
29161 #EA 29062 29160
4996 #NS 4375 _@
4997 #NS 4996 LeanToLambdaBox
4998 #NS 4997 Export
4999 #NS 4998 EvalT
5000 #NI 4999 256180002
5001 #NS 5000 _hygCtx
5002 #NS 5001 _hyg
5003 #NI 5002 880
29162 #EA 21591 25325
29163 #EA 1666 29162
29164 #EA 29163 1504
5004 #NI 4487 881
5005 #NI 4494 882
5006 #NI 4516 883
5007 #NI 4720 884
5008 #NI 4728 885
5009 #NI 4736 886
5010 #NI 4744 887
5011 #NI 4821 888
5012 #NI 4827 889
29165 #EA 26211 22261
5013 #NI 4827 890
29166 #EA 25959 860
29167 #EA 29166 698
5014 #NI 4827 891
5015 #NI 4827 892
5016 #NI 4827 893
29168 #EA 26004 22298
29169 #EA 29168 121
5017 #NI 4781 997
29170 #EA 28168 22302
29171 #EA 26961 24878
29172 #EA 28178 5
29173 #EA 29172 26003
29174 #EA 28401 910
29175 #EA 28456 10
29176 #EA 29175 27470
29177 #EA 15037 29176
29178 #EA 29177 8
29179 #EA 28456 28254
29180 #EA 29179 911
29181 #EA 29178 29180
29182 #EA 24702 28359
29183 #EA 29182 28222
29184 #EA 29183 2799
29185 #EA 29184 2778
29186 #EA 29185 2682
29187 #EA 29186 2593
29188 #EA 29187 2591
29189 #EA 29188 2582
29190 #EA 29189 2536
29191 #EA 29190 939
29192 #EA 29191 911
29193 #EA 29192 910
29194 #EA 29193 860
29195 #EA 29194 698
29196 #EA 29195 366
29197 #EA 29196 121
29198 #EA 29181 29197
29199 #EA 28222 82
29200 #EA 29199 28177
29201 #EA 29200 10
29202 #EP #BD 188 29198 29201
29203 #EP #BD 188 29174 29202
29204 #EP #BD 4478 29173 29203
29205 #EL #BD 4462 7378 29204
29206 #EA 29171 29205
29207 #EA 28264 26214
5018 #NI 4781 998
29208 #EA 28345 860
29209 #EA 26961 26001
29210 #EA 22288 2591
29211 #EA 22079 29210
29212 #EA 22292 2536
29213 #EA 29211 29212
29214 #EA 21993 29213
29215 #EA 29214 939
29216 #EA 16531 29215
29217 #EA 29216 2593
29218 #EA 28456 29217
29219 #EA 29218 5
29220 #EA 16531 2799
29221 #EA 29220 2778
29222 #EA 28360 29221
29223 #EA 29222 28177
29224 #EA 15037 29223
29225 #EA 29224 82
29226 #EA 29222 8
29227 #EA 29225 29226
29228 #EA 24702 28357
29229 #EA 29228 28359
29230 #EA 29229 2801
29231 #EA 29230 2799
29232 #EA 29231 2778
29233 #EA 29232 2682
29234 #EA 29233 2593
29235 #EA 29234 2591
29236 #EA 29235 2582
29237 #EA 29236 2536
29238 #EA 29237 8
29239 #EA 29238 911
29240 #EA 29239 910
29241 #EA 29240 860
29242 #EA 29241 698
29243 #EA 29242 5
29244 #EA 29227 29243
29245 #EA 16531 2801
29246 #EA 29245 2799
29247 #EA 28359 29246
29248 #EA 29247 28175
29249 #EA 29248 121
29250 #EP #BD 188 29244 29249
29251 #EP #BD 5016 29219 29250
29252 #EL #BI 5011 7378 29251
29253 #EA 29209 29252
29254 #EA 28224 23305
29255 #EA 29254 26001
5019 #NI 4781 999
29256 #EA 29179 27470
29257 #EA 15037 29256
29258 #EA 29257 10
29259 #EA 29258 29256
29260 #EA 29191 27470
29261 #EA 29260 910
29262 #EA 29261 860
29263 #EA 29262 698
29264 #EA 29263 366
29265 #EA 29264 5
29266 #EA 29259 29265
29267 #EA 2624 29223
29268 #EA 29237 28177
29269 #EA 29268 911
29270 #EA 29269 910
29271 #EA 29270 860
29272 #EA 29271 698
29273 #EA 29272 8
29274 #EA 29267 29273
29275 #EA 29248 5
29276 #EL #BD 4478 29223 29275
29277 #EA 29274 29276
29278 #EA 24198 28177
29279 #EA 29278 2801
29280 #EA 29279 2799
29281 #EA 29280 2778
29282 #EA 29281 2682
29283 #EA 29282 2593
29284 #EA 29283 2591
29285 #EA 29284 2582
29286 #EA 29285 2536
29287 #EA 29286 911
29288 #EA 29287 910
29289 #EA 29288 860
29290 #EA 29289 698
29291 #EA 29290 8
29292 #EA 29277 29291
29293 #EA 29292 82
29294 #EA 2761 29223
29295 #EA 29294 82
29296 #EA 29295 29273
29297 #EA 15124 29223
29298 #EA 29297 82
29299 #EA 29298 29273
29300 #EA 29299 5
29301 #EA 29296 29300
29302 #EA 29293 29301
29303 #EL #BD 5019 29266 29302
29304 #EL #BD 5016 29255 29303
29305 #EA 29253 29304
29306 #EA 29305 910
29307 #EA 29306 5
29308 #EA 29307 82
29309 #EL #BD 5018 29208 29308
29310 #EL #BD 4478 29207 29309
29311 #EA 29206 29310
29312 #EA 29311 26003
29313 #EA 27034 26003
29314 #EA 29313 24878
29315 #EA 29314 5
29316 #EA 29312 29315
29317 #EA 29316 25957
29318 #EL #BD 5017 29170 29317
29319 #EL #BD 5016 29169 29318
29320 #EL #BD 5015 22285 29319
29321 #EL #BD 5014 22282 29320
29322 #EL #BD 5013 29167 29321
29323 #EL #BD 5012 29165 29322
29324 #EL #BI 5011 7378 29323
29325 #EL #BI 5010 7386 29324
29326 #EL #BI 5009 7401 29325
29327 #EL #BI 5008 0 29326
29328 #EL #BI 5007 7402 29327
29329 #EL #BI 5006 7378 29328
29330 #EL #BI 5005 7378 29329
29331 #EL #BI 5004 7378 29330
29332 #EL #BD 5003 29164 29331
29333 #EA 29161 29332
5020 #NI 5002 894
5021 #NI 4487 895
5022 #NI 4494 896
5023 #NI 4516 897
5024 #NI 4720 898
5025 #NI 4728 899
5026 #NI 4736 900
5027 #NI 4744 901
5028 #NI 4827 902
29334 #EA 26260 22322
5029 #NI 4827 903
29335 #EA 26210 698
29336 #EA 29335 366
5030 #NI 4827 904
5031 #NI 4827 905
5032 #NI 4781 1001
29337 #EA 21993 23368
29338 #EA 29337 860
29339 #EA 16531 29338
29340 #EA 29339 2536
29341 #EA 28168 29340
29342 #EA 16663 2536
29343 #EA 29342 939
29344 #EA 21993 29343
29345 #EA 29344 910
29346 #EA 16531 29345
29347 #EA 29346 2582
29348 #EA 28183 29347
29349 #EA 28182 29348
29350 #EA 24797 28175
29351 #EA 29350 28177
29352 #EA 29351 2682
29353 #EA 29352 2593
29354 #EA 29353 2591
29355 #EA 29354 2582
29356 #EA 29355 2536
29357 #EA 29356 939
29358 #EA 29357 911
29359 #EA 29358 910
29360 #EA 29359 860
29361 #EA 29360 698
29362 #EA 29361 366
29363 #EA 29362 121
29364 #EA 29349 29363
29365 #EP #BD 188 29364 28210
29366 #EP #BD 188 29341 29365
29367 #EP #BD 4478 28167 29366
29368 #EL #BD 4462 7378 29367
29369 #EA 28165 29368
5033 #NI 4781 1002
29370 #EA 28218 24795
29371 #EA 26961 29340
29372 #EA 16531 23286
29373 #EA 29372 2591
29374 #EA 28225 29373
29375 #EA 28228 29374
29376 #EA 24797 28222
29377 #EA 29376 28175
29378 #EA 29377 2778
29379 #EA 29378 2682
29380 #EA 29379 2593
29381 #EA 29380 2591
29382 #EA 29381 2582
29383 #EA 29382 2536
29384 #EA 29383 939
29385 #EA 29384 911
29386 #EA 29385 910
29387 #EA 29386 860
29388 #EA 29387 698
29389 #EA 29388 366
29390 #EA 29375 29389
29391 #EP #BD 188 29390 28257
29392 #EP #BD 4478 28221 29391
29393 #EL #BD 4470 7378 29392
29394 #EA 29371 29393
29395 #EA 28264 29340
5034 #NI 4781 1003
29396 #EA 15037 29348
29397 #EA 29396 5
29398 #EA 29397 29348
29399 #EA 29398 29363
29400 #EA 2624 29374
29401 #EA 29400 29389
29402 #EA 16663 2591
29403 #EA 29402 2582
29404 #EA 21993 29403
29405 #EA 29404 939
29406 #EA 16531 29405
29407 #EA 29406 2593
29408 #EA 28255 29407
29409 #EA 29408 5
29410 #EL #BD 4478 29374 29409
29411 #EA 29401 29410
29412 #EA 29411 26238
29413 #EA 29412 8
29414 #EA 2761 29374
29415 #EA 29414 8
29416 #EA 29415 29389
29417 #EA 15124 29374
29418 #EA 29417 8
29419 #EA 29418 29389
29420 #EA 29419 5
29421 #EA 29416 29420
29422 #EA 29413 29421
29423 #EL #BD 5034 29399 29422
29424 #EL #BD 4478 29395 29423
29425 #EA 29394 29424
29426 #EA 29425 26214
29427 #EA 28309 29340
29428 #EA 29427 5
29429 #EA 29426 29428
29430 #EA 29429 8
29431 #EL #BD 5033 29370 29430
29432 #EL #BD 4478 28217 29431
29433 #EA 29369 29432
29434 #EA 29433 25957
29435 #EA 29434 28320
29436 #EA 29435 25608
29437 #EL #BD 5032 28164 29436
29438 #EL #BD 5031 22332 29437
29439 #EL #BD 5030 22330 29438
29440 #EL #BD 5029 29336 29439
29441 #EL #BD 5028 29334 29440
29442 #EL #BI 5027 7386 29441
29443 #EL #BI 5026 7401 29442
29444 #EL #BI 5025 0 29443
29445 #EL #BI 5024 7402 29444
29446 #EL #BI 5023 7378 29445
29447 #EL #BI 5022 7378 29446
29448 #EL #BI 5021 7378 29447
29449 #EL #BD 5020 29164 29448
29450 #EA 29333 29449
5035 #NI 5002 906
29451 #EA 29163 1509
5036 #NI 4487 907
5037 #NI 4494 908
5038 #NI 4516 909
5039 #NI 4720 910
5040 #NI 4728 911
5041 #NI 4736 912
5042 #NI 4821 913
5043 #NI 4827 914
29452 #EA 26260 20326
5044 #NI 4827 915
5045 #NI 4827 916
5046 #NI 4827 917
29453 #EA 27429 22366
29454 #EA 29453 82
5047 #NI 4781 1005
29455 #EA 28168 860
29456 #EA 28183 910
29457 #EA 28182 29456
29458 #EA 24881 28175
29459 #EA 29458 28177
29460 #EA 29459 2682
29461 #EA 29460 2593
29462 #EA 29461 2591
29463 #EA 29462 2582
29464 #EA 29463 2536
29465 #EA 29464 939
29466 #EA 29465 911
29467 #EA 29466 910
29468 #EA 29467 860
29469 #EA 29468 698
29470 #EA 29469 366
29471 #EA 29470 121
29472 #EA 29457 29471
29473 #EP #BD 188 29472 28210
29474 #EP #BD 188 29455 29473
29475 #EP #BD 4478 28167 29474
29476 #EL #BD 4462 7378 29475
29477 #EA 28165 29476
5048 #NI 4781 1006
29478 #EA 28218 698
29479 #EA 26961 26214
29480 #EA 16531 24685
29481 #EA 29480 2582
29482 #EA 28178 29481
29483 #EA 29482 5
29484 #EA 28225 26001
29485 #EA 15037 29484
29486 #EA 29485 82
29487 #EA 29486 28226
29488 #EA 24881 28222
29489 #EA 29488 28175
29490 #EA 29489 2778
29491 #EA 29490 2682
29492 #EA 29491 2593
29493 #EA 29492 2591
29494 #EA 29493 2582
29495 #EA 29494 2536
29496 #EA 29495 939
29497 #EA 29496 8
29498 #EA 29497 910
29499 #EA 29498 860
29500 #EA 29499 698
29501 #EA 29500 5
29502 #EA 29487 29501
29503 #EA 28255 27470
29504 #EA 29503 121
29505 #EP #BD 188 29502 29504
29506 #EP #BD 5046 29483 29505
29507 #EL #BI 5042 7378 29506
29508 #EA 29479 29507
29509 #EA 28263 23385
29510 #EA 29509 26214
5049 #NI 4781 1007
29511 #EA 28183 26003
29512 #EA 15037 29511
29513 #EA 29512 10
29514 #EA 29513 29511
29515 #EA 29466 26003
29516 #EA 29515 860
29517 #EA 29516 698
29518 #EA 29517 366
29519 #EA 29518 5
29520 #EA 29514 29519
29521 #EA 2624 29484
29522 #EA 29496 26001
29523 #EA 29522 910
29524 #EA 29523 860
29525 #EA 29524 698
29526 #EA 29525 8
29527 #EA 29521 29526
29528 #EA 29503 5
29529 #EL #BD 4478 29484 29528
29530 #EA 29527 29529
29531 #EA 2855 26001
29532 #EA 29531 2778
29533 #EA 29532 2682
29534 #EA 29533 2593
29535 #EA 29534 2591
29536 #EA 29535 2582
29537 #EA 29536 2536
29538 #EA 29537 939
29539 #EA 29538 910
29540 #EA 29539 860
29541 #EA 29540 698
29542 #EA 29541 8
29543 #EA 29530 29542
29544 #EA 29543 82
29545 #EA 2761 29484
29546 #EA 29545 82
29547 #EA 29546 29526
29548 #EA 15124 29484
29549 #EA 29548 82
29550 #EA 29549 29526
29551 #EA 29550 5
29552 #EA 29547 29551
29553 #EA 29544 29552
29554 #EL #BD 5049 29520 29553
29555 #EL #BD 5046 29510 29554
29556 #EA 29508 29555
29557 #EA 29556 860
29558 #EA 29557 5
29559 #EA 29558 82
29560 #EL #BD 5048 29478 29559
29561 #EL #BD 4478 28217 29560
29562 #EA 29477 29561
29563 #EA 29562 25957
29564 #EA 29563 28320
29565 #EA 29564 25608
29566 #EL #BD 5047 28164 29565
29567 #EL #BD 5046 29454 29566
29568 #EL #BD 5045 29167 29567
29569 #EL #BD 5044 22360 29568
29570 #EL #BD 5043 29452 29569
29571 #EL #BI 5042 7378 29570
29572 #EL #BI 5041 7401 29571
29573 #EL #BI 5040 0 29572
29574 #EL #BI 5039 7402 29573
29575 #EL #BI 5038 7378 29574
29576 #EL #BI 5037 7378 29575
29577 #EL #BI 5036 7378 29576
29578 #EL #BD 5035 29451 29577
29579 #EA 29450 29578
5050 #NI 4487 918
5051 #NI 4494 919
5052 #NI 4773 920
5053 #NI 4615 921
5054 #NI 4827 922
5055 #NI 4827 923
29580 #EA 22386 25380
29581 #EA 29580 10
29582 #EA 1666 29581
29583 #EA 29582 1504
5056 #NI 4827 924
29584 #EA 26126 10
5057 #NI 4781 1009
29585 #EA 27575 22394
29586 #EA 26961 26438
29587 #EA 27425 26438
29588 #EA 27429 22012
29589 #EA 29588 21840
29590 #EA 27693 29589
29591 #EA 24972 26214
29592 #EA 29591 25957
29593 #EA 29592 939
29594 #EA 29593 911
29595 #EA 29594 910
29596 #EA 29595 860
29597 #EA 29596 698
29598 #EA 29597 366
29599 #EA 29598 121
29600 #EA 29590 29599
29601 #EP #BD 188 29600 27712
29602 #EP #BD 188 29587 29601
29603 #EP #BD 4478 27688 29602
29604 #EL #BD 4462 7378 29603
29605 #EA 29586 29604
29606 #EA 27625 25380
5058 #NI 4781 1010
29607 #EA 27720 22394
29608 #EA 29588 5
29609 #EA 26215 23724
29610 #EA 29609 8
29611 #EA 15037 29610
29612 #EA 29611 5
29613 #EA 29609 26863
29614 #EA 29612 29613
29615 #EA 24972 26003
29616 #EA 29615 26214
29617 #EA 29616 2536
29618 #EA 29617 939
29619 #EA 29618 911
29620 #EA 29619 910
29621 #EA 29620 860
29622 #EA 29621 698
29623 #EA 29622 366
29624 #EA 29614 29623
29625 #EA 26214 22302
29626 #EA 29625 10
29627 #EA 29626 8
29628 #EP #BD 188 29624 29627
29629 #EP #BD 4478 29608 29628
29630 #EL #BD 4470 7378 29629
29631 #EA 29586 29630
29632 #EA 27461 26438
5059 #NI 4781 1011
29633 #EA 15037 29589
29634 #EA 29633 5
29635 #EA 29634 29589
29636 #EA 29635 29599
29637 #EA 2624 29613
29638 #EA 29637 29623
29639 #EA 29625 22012
29640 #EA 29639 5
29641 #EL #BD 4478 29613 29640
29642 #EA 29638 29641
29643 #EA 2591 2536
29644 #EA 29643 939
29645 #EA 29644 911
29646 #EA 29645 910
29647 #EA 29646 860
29648 #EA 29647 698
29649 #EA 29648 366
29650 #EA 29642 29649
29651 #EA 29650 8
29652 #EA 2761 29613
29653 #EA 29652 8
29654 #EA 29653 29623
29655 #EA 15124 29613
29656 #EA 29655 8
29657 #EA 29656 29623
29658 #EA 29657 5
29659 #EA 29654 29658
29660 #EA 29651 29659
29661 #EL #BD 5059 29636 29660
29662 #EL #BD 4478 29632 29661
29663 #EA 29631 29662
29664 #EA 29663 25655
29665 #EA 27034 25655
29666 #EA 29665 26438
29667 #EA 29666 5
29668 #EA 29664 29667
29669 #EA 29668 8
29670 #EL #BD 5058 29607 29669
29671 #EL #BD 4478 29606 29670
29672 #EA 29605 29671
29673 #EA 29672 25432
29674 #EA 27800 26438
29675 #EA 29674 5
29676 #EA 29673 29675
29677 #EA 29676 25372
29678 #EL #BD 5057 29585 29677
29679 #EL #BD 5056 29584 29678
29680 #EL #BD 5055 29583 29679
29681 #EL #BD 5054 25871 29680
29682 #EL #BI 5053 7378 29681
29683 #EL #BI 5052 7378 29682
29684 #EL #BI 5051 7378 29683
29685 #EL #BI 5050 7378 29684
29686 #EA 29579 29685
29687 #EL #BD 4478 26930 29686
29688 #EA 29687 4431
29689 #EA 2117 7378
29690 #EA 29689 24216
29691 #EA 29688 29690
29692 #EA 29689 24198
29693 #EA 29691 29692
29694 #EA 15113 26930
29695 #EA 29694 4431
29696 #EA 29693 29695
29697 #EL #BD 4764 26900 29696
29698 #EL #BD 4756 26890 29697
29699 #EL #BD 4748 26843 29698
29700 #EL #BD 4709 26828 29699
29701 #EL #BD 4706 26785 29700
29702 #EL #BD 4700 26777 29701
29703 #EL #BD 4687 26744 29702
29704 #EL #BD 4680 26697 29703
29705 #EL #BD 4663 26653 29704
29706 #EL #BD 4622 26609 29705
29707 #EL #BD 3325 26544 29706
29708 #EL #BD 3324 26529 29707
29709 #EL #BD 3323 26521 29708
29710 #EL #BD 3322 26512 29709
29711 #EL #BD 3320 26489 29710
29712 #EL #BD 3319 26467 29711
29713 #EL #BD 3315 26459 29712
29714 #EL #BD 3313 26433 29713
29715 #EL #BD 481 26428 29714
29716 #EL #BD 455 26424 29715
29717 #EL #BD 113 26420 29716
29718 #EL #BD 112 26415 29717
29719 #EL #BD 4478 25146 29718
29720 #EL #BD 4470 7378 29719
29721 #EL #BD 4462 7378 29720
29722 #EL #BD 75 26409 29721
29723 #EL #BI 4227 20069 29722
29724 #EL #BI 4010 15810 29723
#DEF 4450 26928 29724 
5060 #NS 4382 below
29725 #EA 22412 121
29726 #EA 29725 82
29727 #EA 29726 10
29728 #EA 29727 8
29729 #EA 29728 5
29730 #EP #BD 76 29729 72
29731 #EP #BD 22 22449 29730
29732 #EP #BD 22 22449 29731
29733 #EA 767 82
29734 #EA 22412 366
29735 #EA 29734 121
29736 #EA 29735 82
29737 #EA 29736 8
29738 #EA 29737 5
29739 #EP #BD 76 29738 206
29740 #EP #BI 22 29733 29739
29741 #EP #BI 22 29733 29740
29742 #EP #BI 75 29732 29741
29743 #EP #BI 4384 22411 29742
29744 #EP #BI 38 2 29743
29745 #EP #BI 7 2 29744
5061 #NS 4382 rec
29746 #EC 5061 17
29747 #EA 29746 698
29748 #EA 29747 366
29749 #EA 29748 121
29750 #EA 767 698
29751 #EA 22431 8
29752 #EA 29751 5
29753 #EL #BD 76 29752 206
29754 #EL #BD 22 29750 29753
29755 #EL #BD 22 29750 29754
29756 #EA 29749 29755
29757 #EA 29756 212
29758 #EA 767 910
29759 #EA 22412 2536
29760 #EA 29759 939
29761 #EA 29760 911
29762 #EA 29761 10
29763 #EA 29762 8
29764 #EL #BD 22 29763 23000
29765 #EL #BD 22 17036 29764
29766 #EL #BI 362 29758 29765
29767 #EL #BI 361 29758 29766
29768 #EL #BI 1021 698 29767
29769 #EL #BI 86 698 29768
29770 #EA 29757 29769
29771 #EA 29770 10
29772 #EA 29771 8
29773 #EA 29772 5
29774 #EL #BD 76 29738 29773
29775 #EL #BI 22 29733 29774
29776 #EL #BI 22 29733 29775
29777 #EL #BI 75 29732 29776
29778 #EL #BI 4384 22411 29777
29779 #EL #BI 38 2 29778
29780 #EL #BI 7 2 29779
#DEF 5060 29745 29780 8
5062 #NS 4382 brecOn
5063 #NS 5062 go
29781 #EC 5060 2
29782 #EA 29781 911
29783 #EA 29782 910
29784 #EA 29783 860
29785 #EA 29784 698
29786 #EA 29785 10
29787 #EA 29786 8
29788 #EA 29787 5
29789 #EA 860 82
29790 #EA 29789 10
29791 #EA 29790 8
29792 #EP #BD 82 29788 29791
29793 #EP #BD 76 29752 29792
29794 #EP #BD 22 29750 29793
29795 #EP #BD 22 29750 29794
29796 #EA 214 13938
29797 #EA 29781 860
29798 #EA 29797 698
29799 #EA 29798 366
29800 #EA 29799 121
29801 #EA 29800 82
29802 #EA 29801 10
29803 #EA 29802 8
29804 #EA 29796 29803
29805 #EP #BD 81 29795 29804
29806 #EP #BD 76 29738 29805
29807 #EP #BI 22 29733 29806
29808 #EP #BI 22 29733 29807
29809 #EP #BI 75 29732 29808
29810 #EP #BI 4384 22411 29809
29811 #EP #BI 38 2 29810
29812 #EP #BI 7 2 29811
29813 #EC 5061 15
29814 #EA 29813 860
29815 #EA 29814 698
29816 #EA 29815 366
29817 #EA 767 860
29818 #EA 22412 911
29819 #EA 29818 910
29820 #EA 29819 860
29821 #EA 29820 8
29822 #EA 29821 5
29823 #EA 214 8147
29824 #EA 29781 939
29825 #EA 29824 911
29826 #EA 29825 910
29827 #EA 29826 860
29828 #EA 29827 10
29829 #EA 29828 8
29830 #EA 29829 5
29831 #EA 29823 29830
29832 #EL #BD 76 29822 29831
29833 #EL #BD 22 29817 29832
29834 #EL #BD 22 29817 29833
29835 #EA 29816 29834
29836 #EA 771 860
29837 #EA 121 29836
29838 #EA 771 698
29839 #EA 29837 29838
29840 #EA 25019 860
29841 #EA 29840 698
29842 #EA 29841 366
29843 #EA 29839 29842
29844 #EA 244 29843
29845 #EA 29844 212
29846 #EA 5 29836
29847 #EA 29846 29838
29848 #EA 29847 29842
29849 #EA 29848 250
29850 #EA 29845 29849
29851 #EA 29850 250
29852 #EA 29835 29851
29853 #EA 767 911
29854 #EA 22412 2582
29855 #EA 29854 2536
29856 #EA 29855 939
29857 #EA 29856 10
29858 #EA 29857 8
29859 #EA 17027 5
29860 #EA 214 29859
29861 #EA 29781 2591
29862 #EA 29861 2582
29863 #EA 29862 2536
29864 #EA 29863 939
29865 #EA 29864 82
29866 #EA 29865 10
29867 #EA 29866 5
29868 #EA 29860 29867
29869 #EA 776 2593
29870 #EA 29869 698
29871 #EA 29870 121
29872 #EA 2536 29871
29873 #EA 776 2591
29874 #EA 29873 366
29875 #EA 29874 82
29876 #EA 29872 29875
29877 #EA 25054 2593
29878 #EA 29877 2591
29879 #EA 29878 2582
29880 #EA 29879 698
29881 #EA 29880 366
29882 #EA 29881 121
29883 #EA 29882 82
29884 #EA 29883 10
29885 #EA 29884 8
29886 #EA 29876 29885
29887 #EA 244 29886
29888 #EA 23804 82
29889 #EA 29888 8
29890 #EA 214 29889
29891 #EA 29781 2593
29892 #EA 29891 2591
29893 #EA 29892 2582
29894 #EA 29893 2536
29895 #EA 29894 121
29896 #EA 29895 82
29897 #EA 29896 8
29898 #EA 29890 29897
29899 #EA 29887 29898
29900 #EA 860 29871
29901 #EA 29900 29875
29902 #EA 29901 29885
29903 #EA 29902 5
29904 #EA 29899 29903
29905 #EA 29904 5
29906 #EL #BD 649 29868 29905
29907 #EL #BD 22 29858 29906
29908 #EL #BD 22 2341 29907
29909 #EL #BI 362 29853 29908
29910 #EL #BI 361 29853 29909
29911 #EL #BI 1021 860 29910
29912 #EL #BI 86 860 29911
29913 #EA 29852 29912
29914 #EA 29913 82
29915 #EA 29914 10
29916 #EA 29915 8
29917 #EL #BD 81 29795 29916
29918 #EL #BD 76 29738 29917
29919 #EL #BI 22 29733 29918
29920 #EL #BI 22 29733 29919
29921 #EL #BI 75 29732 29920
29922 #EL #BI 4384 22411 29921
29923 #EL #BI 38 2 29922
29924 #EL #BI 7 2 29923
#DEF 5063 29812 29924 8
29925 #EP #BD 81 29795 13938
29926 #EP #BD 76 29738 29925
29927 #EP #BI 22 29733 29926
29928 #EP #BI 22 29733 29927
29929 #EP #BI 75 29732 29928
29930 #EP #BI 4384 22411 29929
29931 #EP #BI 38 2 29930
29932 #EP #BI 7 2 29931
29933 #EC 5063 2
29934 #EA 29933 860
29935 #EA 29934 698
29936 #EA 29935 366
29937 #EA 29936 121
29938 #EA 29937 82
29939 #EA 29938 10
29940 #EA 29939 8
29941 #EA 29940 5
29942 #EJ 70 0 29941
29943 #EL #BD 81 29795 29942
29944 #EL #BD 76 29738 29943
29945 #EL #BI 22 29733 29944
29946 #EL #BI 22 29733 29945
29947 #EL #BI 75 29732 29946
29948 #EL #BI 4384 22411 29947
29949 #EL #BI 38 2 29948
29950 #EL #BI 7 2 29949
#DEF 5062 29932 29950 8
5064 #NS 4382 casesOn
29951 #EA 82 29838
29952 #EA 771 366
29953 #EA 29951 29952
29954 #EA 25019 698
29955 #EA 29954 366
29956 #EA 29955 121
29957 #EA 29953 29956
29958 #EA 939 29875
29959 #EA 776 2582
29960 #EA 29959 121
29961 #EA 29960 10
29962 #EA 29958 29961
29963 #EA 25054 2591
29964 #EA 29963 2582
29965 #EA 29964 2536
29966 #EA 29965 366
29967 #EA 29966 121
29968 #EA 29967 82
29969 #EA 29968 10
29970 #EA 29969 8
29971 #EA 29970 5
29972 #EA 29962 29971
29973 #EP #BD 22 29858 29972
29974 #EP #BD 22 2341 29973
29975 #EP #BI 362 29853 29974
29976 #EP #BI 361 29853 29975
29977 #EP #BI 1021 860 29976
29978 #EP #BI 86 860 29977
29979 #EP #BD 213 29978 2034
29980 #EP #BD 212 29957 29979
29981 #EP #BD 76 29738 29980
29982 #EP #BI 22 29733 29981
29983 #EP #BI 22 29733 29982
29984 #EP #BI 75 29732 29983
29985 #EP #BI 4384 22411 29984
29986 #EP #BI 38 2 29985
29987 #EP #BI 7 2 29986
29988 #EC 5061 2
29989 #EA 29988 910
29990 #EA 29989 860
29991 #EA 29990 698
29992 #EA 29991 366
29993 #EA 29992 8
29994 #EA 767 939
29995 #EA 22412 2591
29996 #EA 29995 2582
29997 #EA 29996 2536
29998 #EA 29997 10
29999 #EA 29998 8
30000 #EA 4757 10
30001 #EA 30000 8
30002 #EL #BD 649 23964 30001
30003 #EL #BD 22 29999 30002
30004 #EL #BD 22 17027 30003
30005 #EL #BI 362 29994 30004
30006 #EL #BI 361 29994 30005
30007 #EL #BI 1021 910 30006
30008 #EL #BI 86 910 30007
30009 #EA 29993 30008
30010 #EA 30009 121
30011 #EA 30010 82
30012 #EA 30011 10
30013 #EL #BD 213 29978 30012
30014 #EL #BD 212 29957 30013
30015 #EL #BD 76 29738 30014
30016 #EL #BI 22 29733 30015
30017 #EL #BI 22 29733 30016
30018 #EL #BI 75 29732 30017
30019 #EL #BI 4384 22411 30018
30020 #EL #BI 38 2 30019
30021 #EL #BI 7 2 30020
#DEF 5064 29987 30021 8
5065 #NS 9 noConfusion
5066 #NS 0 head'
5067 #NS 0 tail'
30022 #EA 739 82
30023 #EA 30022 10
30024 #EA 14105 30023
30025 #EA 30024 741
30026 #EA 13547 698
30027 #EA 30026 121
30028 #EA 30027 698
30029 #EA 30028 10
30030 #EA 13594 121
30031 #EA 30030 909
30032 #EA 30031 10
30033 #EP #BD 2886 30032 860
30034 #EP #BD 2885 30029 30033
30035 #EP #BD 501 30034 698
30036 #EP #BD 500 30025 30035
30037 #EP #BI 5067 690 30036
30038 #EP #BI 5066 82 30037
30039 #EP #BI 11 11 30038
30040 #EP #BI 10 8 30039
30041 #EP #BI 484 335 30040
30042 #EP #BI 7 3 30041
30043 #EC 1338 11
30044 #EA 30043 698
30045 #EC 2887 11 2
30046 #EA 30045 698
30047 #EA 30046 860
30048 #EA 931 366
30049 #EA 30048 121
30050 #EA 30047 30049
30051 #EA 30050 860
30052 #EA 30051 18777
30053 #EC 205 27
30054 #EA 30053 3
30055 #EA 30054 860
30056 #EA 30052 30055
30057 #EC 2891 3
30058 #EA 30057 909
30059 #EA 30058 30049
30060 #EA 30059 18777
30061 #EA 30060 8
30062 #EA 30056 30061
30063 #EA 30062 5
30064 #EA 30044 30063
30065 #EL #BD 501 30034 30064
30066 #EL #BD 500 30025 30065
30067 #EL #BI 5067 690 30066
30068 #EL #BI 5066 82 30067
30069 #EL #BI 11 11 30068
30070 #EL #BI 10 8 30069
30071 #EL #BI 484 335 30070
30072 #EL #BI 7 3 30071
#DEF 5065 30042 30072 49 8
5068 #NS 4382 length_eq
5069 #NS 5068 match_1_1
5070 #NI 4452 2919930479
5071 #NS 5070 _hygCtx
5072 #NI 5071 25
5073 #NS 5072 LeanToLambdaBox
5074 #NS 5073 Export
5075 #NS 5074 EvalT
5076 #NI 5075 2919930479
5077 #NS 5076 _hygCtx
5078 #NS 5077 _hyg
5079 #NI 5078 52
5080 #NI 5071 26
5081 #NS 5080 LeanToLambdaBox
5082 #NS 5081 Export
5083 #NS 5082 EvalT
5084 #NI 5083 2919930479
5085 #NS 5084 _hygCtx
5086 #NS 5085 _hyg
5087 #NI 5086 55
5088 #NI 5071 27
5089 #NS 5088 LeanToLambdaBox
5090 #NS 5089 Export
5091 #NS 5090 EvalT
5092 #NI 5091 2919930479
5093 #NS 5092 _hygCtx
5094 #NS 5093 _hyg
5095 #NI 5094 58
30073 #EP #BD 5095 29729 20
30074 #EP #BD 5087 22449 30073
30075 #EP #BD 5079 22449 30074
30076 #EP #BD 0 333 29843
5096 #NS 3227 Export
5097 #NS 5096 EvalT
5098 #NI 5097 2919930479
5099 #NS 5098 _hygCtx
5100 #NS 5099 _hyg
5101 #NI 5100 103
5102 #NS 3234 Export
5103 #NS 5102 EvalT
5104 #NI 5103 2919930479
5105 #NS 5104 _hygCtx
5106 #NS 5105 _hyg
5107 #NI 5106 104
5108 #NI 5100 101
5109 #NI 5106 102
5110 #NI 4824 2919930479
5111 #NS 5110 _hygCtx
5112 #NS 5111 _hyg
5113 #NI 5112 100
30077 #EA 2340 8
30078 #EA 29856 82
30079 #EA 30078 8
30080 #EA 29874 121
30081 #EA 939 30080
30082 #EA 29959 82
30083 #EA 30082 10
30084 #EA 30081 30083
30085 #EA 29965 366
30086 #EA 30085 82
30087 #EA 30086 121
30088 #EA 30087 10
30089 #EA 30088 8
30090 #EA 30089 5
30091 #EA 30084 30090
30092 #EP #BD 76 30079 30091
30093 #EP #BD 5113 30077 30092
30094 #EP #BD 5109 29853 30093
30095 #EP #BD 5108 910 30094
30096 #EP #BD 5107 29758 30095
30097 #EP #BD 5101 860 30096
30098 #EP #BD 113 30097 2034
30099 #EP #BD 112 30076 30098
30100 #EP #BD 5095 29738 30099
30101 #EP #BD 5087 29733 30100
30102 #EP #BD 5079 29733 30101
30103 #EP #BD 75 30075 30102
30104 #EP #BI 4384 22411 30103
30105 #EP #BI 38 2 30104
30106 #EP #BI 7 2 30105
30107 #EC 211 0 0
30108 #EA 30107 910
30109 #EA 29820 5
30110 #EA 30109 121
30111 #EP #BD 5095 30110 2047
30112 #EL #BD 86 29758 30111
30113 #EA 30108 30112
30114 #EA 30113 121
30115 #EA 771 910
30116 #EA 22431 30115
30117 #EA 30116 82
30118 #EA 22412 939
30119 #EA 30118 911
30120 #EA 30119 910
30121 #EA 771 939
30122 #EA 30120 30121
30123 #EA 30122 5
30124 #EA 771 2536
30125 #EA 910 30124
30126 #EA 30125 8
30127 #EA 30126 5
30128 #EP #BD 5095 30123 30127
30129 #EL #BD 86 29758 30128
30130 #EA 30108 30129
30131 #EA 30130 121
30132 #EA 771 911
30133 #EA 29820 30132
30134 #EA 30133 30115
30135 #EC 5064 0
30136 #EA 30135 939
30137 #EA 30136 911
30138 #EA 30137 910
30139 #EA 29856 8
30140 #EA 30139 5
30141 #EA 767 2591
30142 #EA 1665 30141
30143 #EA 771 2591
30144 #EA 30142 30143
30145 #EA 30144 10
30146 #EA 22412 2682
30147 #EA 30146 2593
30148 #EA 30147 2591
30149 #EA 771 2682
30150 #EA 30148 30149
30151 #EA 771 2593
30152 #EA 30150 30151
30153 #EA 15037 30152
30154 #EA 30153 366
30155 #EA 30148 121
30156 #EA 30155 82
30157 #EA 30154 30156
30158 #EA 30157 10
30159 #EA 771 2778
30160 #EA 2591 30159
30161 #EA 30160 30149
30162 #EA 30161 698
30163 #EP #BD 188 30158 30162
30164 #EP #BD 188 30145 30163
30165 #EP #BD 188 30145 30164
30166 #EL #BD 86 30140 30165
30167 #EL #BD 22 29994 30166
30168 #EL #BD 22 29994 30167
30169 #EA 30138 30168
30170 #EA 30169 30121
30171 #EA 30170 30132
30172 #EA 30171 5
5114 #NI 4778 2919930479
5115 #NS 5114 _hygCtx
5116 #NS 5115 _hyg
5117 #NI 5116 140
30173 #EA 1665 29994
30174 #EA 30173 30121
30175 #EA 30174 30121
5118 #NI 5116 141
5119 #NI 5116 142
30176 #EA 771 2582
30177 #EA 29856 30176
30178 #EA 30177 30124
30179 #EA 15037 30178
30180 #EA 30179 10
30181 #EA 30180 30178
30182 #EA 25019 2582
30183 #EA 30182 2536
30184 #EA 30183 939
30185 #EA 30181 30184
30186 #EA 29997 30143
30187 #EA 30186 30176
30188 #EA 2624 30187
30189 #EA 25019 2591
30190 #EA 30189 2582
30191 #EA 30190 2536
30192 #EA 30188 30191
30193 #EA 2536 30151
30194 #EA 30193 30143
30195 #EA 30194 5
30196 #EL #BD 5095 30187 30195
30197 #EA 30192 30196
30198 #EA 698 353
30199 #EA 30197 30198
30200 #EA 30199 82
30201 #EA 2761 30187
30202 #EA 30201 82
30203 #EA 30202 30191
30204 #EA 15124 30187
30205 #EA 30204 82
30206 #EA 30205 30191
30207 #EA 30206 5
30208 #EA 30203 30207
30209 #EA 30200 30208
30210 #EL #BD 5119 30185 30209
30211 #EL #BD 5118 30175 30210
30212 #EL #BD 5117 30175 30211
30213 #EA 30172 30212
5120 #NS 5071 _hyg
5121 #NI 5120 134
5122 #NS 2195 LeanToLambdaBox
5123 #NS 5122 Export
5124 #NS 5123 EvalT
5125 #NI 5124 2919930479
5126 #NS 5125 _hygCtx
5127 #NS 5126 _hyg
5128 #NI 5127 135
5129 #NS 2971 LeanToLambdaBox
5130 #NS 5129 Export
5131 #NS 5130 EvalT
5132 #NI 5131 2919930479
5133 #NS 5132 _hygCtx
5134 #NS 5133 _hyg
5135 #NI 5134 136
30214 #EA 767 2582
5136 #NS 372 LeanToLambdaBox
5137 #NS 5136 Export
5138 #NS 5137 EvalT
5139 #NI 5138 2919930479
5140 #NS 5139 _hygCtx
5141 #NS 5140 _hyg
5142 #NI 5141 137
5143 #NI 5112 138
5144 #NI 5112 139
30215 #EA 30148 10
30216 #EA 30215 8
5145 #NI 5116 144
30217 #EA 767 2778
30218 #EA 1665 30217
30219 #EA 30218 30159
30220 #EA 776 2778
30221 #EA 30220 366
30222 #EA 30221 82
30223 #EA 30219 30222
30224 #EA 22412 2801
30225 #EA 30224 2799
30226 #EA 30225 2778
30227 #EA 771 2801
30228 #EA 30226 30227
30229 #EA 771 2799
30230 #EA 30228 30229
30231 #EA 15037 30230
30232 #EA 30231 910
30233 #EA 776 2801
30234 #EA 30233 860
30235 #EA 30234 366
30236 #EA 30226 30235
30237 #EA 776 2799
30238 #EA 30237 698
30239 #EA 30238 121
30240 #EA 30236 30239
30241 #EA 30232 30240
30242 #EA 25054 2801
30243 #EA 30242 2799
30244 #EA 30243 2778
30245 #EA 30244 860
30246 #EA 30245 698
30247 #EA 30246 366
30248 #EA 30247 121
30249 #EA 30248 82
30250 #EA 30249 10
30251 #EA 30241 30250
30252 #EA 771 2855
30253 #EA 2778 30252
30254 #EA 30253 30227
30255 #EA 30254 911
30256 #EP #BD 188 30251 30255
30257 #EP #BD 188 30223 30256
30258 #EA 2079 30257
30259 #EA 767 2799
30260 #EA 2123 30259
30261 #EC 3688 0
30262 #EA 30261 2799
30263 #EA 30260 30262
30264 #EA 30263 30229
30265 #EA 30264 30239
30266 #EA 30265 5
30267 #EA 30258 30266
30268 #EL #BD 5145 30223 30267
30269 #EL #BD 5144 30216 30268
30270 #EL #BD 5143 24026 30269
30271 #EL #BI 5142 30214 30270
30272 #EL #BI 5135 30214 30271
30273 #EL #BI 5128 939 30272
30274 #EL #BI 5121 939 30273
30275 #EA 30213 30274
30276 #EA 2117 29994
30277 #EA 30276 30121
30278 #EA 30275 30277
30279 #EA 2117 29853
30280 #EA 30279 30132
30281 #EA 30278 30280
30282 #EA 30122 30132
30283 #EA 15113 30282
30284 #EA 30283 5
30285 #EA 30281 30284
30286 #EL #BD 5095 30134 30285
30287 #EA 30131 30286
5146 #NI 5100 132
5147 #NI 5106 133
30288 #EA 29761 30124
30289 #EA 776 939
30290 #EA 30289 8
30291 #EA 30290 5
30292 #EA 30288 30291
30293 #EA 911 30176
30294 #EA 776 2536
30295 #EA 30294 10
30296 #EA 30295 8
30297 #EA 30293 30296
30298 #EA 30297 5
30299 #EA 2079 30298
30300 #EA 30135 2582
30301 #EA 30300 2536
30302 #EA 30301 939
30303 #EA 22412 2593
30304 #EA 30303 2591
30305 #EA 30304 2582
30306 #EA 30305 8
30307 #EA 30306 5
30308 #EA 767 2682
30309 #EA 1665 30308
30310 #EA 30309 30149
30311 #EA 30310 10
30312 #EA 776 2682
30313 #EA 30312 698
30314 #EA 30313 366
30315 #EA 30309 30314
30316 #EA 30315 10
30317 #EA 22412 2799
30318 #EA 30317 2778
30319 #EA 30318 2682
30320 #EA 30319 30229
30321 #EA 30220 860
30322 #EA 30321 698
30323 #EA 30320 30322
30324 #EA 15037 30323
30325 #EA 30324 366
30326 #EA 30319 121
30327 #EA 30326 82
30328 #EA 30325 30327
30329 #EA 30328 10
30330 #EP #BD 188 30329 1352
30331 #EP #BD 188 30316 30330
30332 #EP #BD 188 30311 30331
30333 #EL #BD 86 30307 30332
30334 #EL #BD 22 30214 30333
30335 #EL #BD 22 30214 30334
30336 #EA 30302 30335
30337 #EA 30336 30176
30338 #EA 30337 30296
30339 #EA 30338 5
5148 #NI 5116 153
30340 #EA 1665 30214
30341 #EA 30340 30176
30342 #EA 30341 30176
5149 #NI 5116 154
30343 #EA 30340 30083
30344 #EA 30343 30176
30345 #EA 30305 30151
30346 #EA 29873 121
30347 #EA 30346 82
30348 #EA 30345 30347
30349 #EA 15037 30348
30350 #EA 30349 10
30351 #EA 30345 30143
30352 #EA 30350 30351
30353 #EA 25019 2593
30354 #EA 30353 2591
30355 #EA 30354 2582
30356 #EA 30352 30355
30357 #EP #BD 188 30356 1352
30358 #EA 2079 30357
30359 #EA 2123 30141
30360 #EA 30261 2591
30361 #EA 30359 30360
30362 #EA 30361 30347
30363 #EA 30362 30143
30364 #EA 30363 5
30365 #EA 30358 30364
30366 #EL #BD 5149 30344 30365
30367 #EL #BD 5148 30342 30366
30368 #EA 30339 30367
5150 #NI 5120 147
5151 #NI 5127 148
5152 #NI 5134 149
30369 #EA 767 2593
5153 #NI 5141 150
5154 #NI 5112 151
30370 #EA 2593 82
30371 #EA 30370 10
5155 #NI 5112 152
30372 #EA 30319 10
30373 #EA 30372 8
5156 #NI 5116 155
30374 #EA 767 2801
30375 #EA 1665 30374
30376 #EA 30375 30227
30377 #EA 30233 366
30378 #EA 30377 82
30379 #EA 30376 30378
30380 #EA 30233 911
30381 #EA 30380 910
30382 #EA 30375 30381
30383 #EA 30382 30378
30384 #EA 22412 4379
30385 #EA 30384 2855
30386 #EA 30385 2801
30387 #EA 771 4379
30388 #EA 30386 30387
30389 #EA 776 2855
30390 #EA 30389 939
30391 #EA 30390 911
30392 #EA 30388 30391
30393 #EA 15037 30392
30394 #EA 30393 910
30395 #EA 776 4379
30396 #EA 30395 860
30397 #EA 30396 366
30398 #EA 30386 30397
30399 #EA 30389 698
30400 #EA 30399 121
30401 #EA 30398 30400
30402 #EA 30394 30401
30403 #EA 25054 4379
30404 #EA 30403 2855
30405 #EA 30404 2801
30406 #EA 30405 860
30407 #EA 30406 698
30408 #EA 30407 366
30409 #EA 30408 121
30410 #EA 30409 82
30411 #EA 30410 10
30412 #EA 30402 30411
30413 #EP #BD 188 30412 1352
30414 #EP #BD 188 30383 30413
30415 #EA 2079 30414
30416 #EA 767 2855
30417 #EA 2123 30416
30418 #EA 30261 2855
30419 #EA 30417 30418
30420 #EA 30419 30252
30421 #EA 30420 30400
30422 #EA 30421 5
30423 #EA 30415 30422
30424 #EL #BD 5156 30379 30423
30425 #EL #BD 5155 30373 30424
30426 #EL #BD 5154 30371 30425
30427 #EL #BI 5153 30369 30426
30428 #EL #BI 5152 30369 30427
30429 #EL #BI 5151 2582 30428
30430 #EL #BI 5150 2582 30429
30431 #EA 30368 30430
30432 #EA 2117 30214
30433 #EA 30432 30176
30434 #EA 30431 30433
30435 #EA 767 2536
30436 #EA 2117 30435
30437 #EA 30436 30296
30438 #EA 30434 30437
30439 #EA 30177 30296
30440 #EA 15113 30439
30441 #EA 30440 5
30442 #EA 30438 30441
30443 #EA 30299 30442
30444 #EL #BD 5095 30292 30443
30445 #EL #BD 5147 29853 30444
30446 #EL #BD 5146 910 30445
30447 #EA 30287 30446
30448 #EA 30447 5
30449 #EL #BD 5095 30117 30448
30450 #EA 30114 30449
5157 #NI 5100 130
5158 #NI 5106 131
30451 #EA 30120 30291
30452 #EA 30451 366
30453 #EA 30107 939
30454 #EA 29856 30083
30455 #EA 30454 5
30456 #EA 939 30347
30457 #EA 30456 8
30458 #EA 30457 5
30459 #EP #BD 5095 30455 30458
30460 #EL #BD 86 29994 30459
30461 #EA 30453 30460
30462 #EA 30461 698
30463 #EA 29761 30296
30464 #EA 30463 30121
30465 #EA 911 30083
30466 #EA 30465 30124
30467 #EA 30466 5
30468 #EA 2079 30467
30469 #EA 30237 910
30470 #EA 30469 860
30471 #EA 30319 30470
30472 #EA 30471 30159
30473 #EA 15037 30472
30474 #EA 30473 366
30475 #EA 30474 30327
30476 #EA 30475 10
30477 #EP #BD 188 30476 1352
30478 #EP #BD 188 30311 30477
30479 #EP #BD 188 30316 30478
30480 #EL #BD 86 30307 30479
30481 #EL #BD 22 30214 30480
30482 #EL #BD 22 30214 30481
30483 #EA 30302 30482
30484 #EA 30483 30083
30485 #EA 30484 30124
30486 #EA 30485 5
5159 #NI 5116 164
30487 #EA 29869 366
30488 #EA 30487 121
30489 #EA 30305 30488
30490 #EA 30489 30143
30491 #EA 15037 30490
30492 #EA 30491 10
30493 #EA 30492 30351
30494 #EA 30493 30355
30495 #EP #BD 188 30494 1352
30496 #EP #BD 188 30342 30495
30497 #EA 2079 30496
30498 #EA 30497 30364
30499 #EL #BD 5159 30344 30498
30500 #EA 30486 30499
5160 #NI 5120 158
5161 #NI 5127 159
5162 #NI 5134 160
5163 #NI 5141 161
5164 #NI 5112 162
5165 #NI 5112 163
5166 #NI 5116 165
30501 #EC 5065 0 0
30502 #EA 30501 2855
30503 #EA 30395 2536
30504 #EA 30503 939
30505 #EA 30386 30504
30506 #EA 30505 30252
30507 #EA 15037 30506
30508 #EA 30507 910
30509 #EA 30508 30401
30510 #EA 30509 30411
30511 #EP #BD 188 30510 1352
30512 #EP #BD 188 30379 30511
30513 #EA 30502 30512
30514 #EA 30513 939
30515 #EA 30514 911
30516 #EA 30515 698
30517 #EA 30516 121
30518 #EA 30517 5
5167 #NS 2885 _@
5168 #NS 5167 LeanToLambdaBox
5169 #NS 5168 Export
5170 #NS 5169 EvalT
5171 #NI 5170 2919930479
5172 #NS 5171 _hygCtx
5173 #NS 5172 _hyg
5174 #NI 5173 166
30519 #EA 15037 2855
30520 #EA 30519 939
30521 #EA 30520 2855
30522 #EA 30521 698
30523 #EA 2624 4379
30524 #EA 30523 2536
30525 #EA 25802 860
30526 #EA 767 4431
30527 #EA 15037 30526
30528 #EA 30527 2582
30529 #EA 30528 30526
30530 #EA 30529 860
30531 #EA 1665 30526
30532 #EA 771 4431
30533 #EA 30531 30532
30534 #EA 776 4431
30535 #EA 30534 911
30536 #EA 30535 860
30537 #EA 30533 30536
30538 #EA 22412 24216
30539 #EA 30538 24198
30540 #EA 30539 4431
30541 #EA 776 24216
30542 #EA 30541 2682
30543 #EA 30542 2593
30544 #EA 30540 30543
30545 #EA 771 24198
30546 #EA 30544 30545
30547 #EA 15037 30546
30548 #EA 30547 2582
30549 #EA 30541 82
30550 #EA 30549 911
30551 #EA 30540 30550
30552 #EA 776 24198
30553 #EA 30552 939
30554 #EA 30553 910
30555 #EA 30551 30554
30556 #EA 30548 30555
30557 #EA 25054 24216
30558 #EA 30557 24198
30559 #EA 30558 4431
30560 #EA 30559 82
30561 #EA 30560 939
30562 #EA 30561 911
30563 #EA 30562 910
30564 #EA 30563 10
30565 #EA 30564 698
30566 #EA 30556 30565
30567 #EP #BD 188 30566 1352
30568 #EP #BD 188 30537 30567
30569 #EP #BD 2886 30530 30568
30570 #EP #BD 5164 30525 30569
30571 #EL #BI 5160 4379 30570
30572 #EA 30524 30571
30573 #EA 23056 698
5175 #NS 2886 _@
5176 #NS 5175 LeanToLambdaBox
5177 #NS 5176 Export
5178 #NS 5177 EvalT
5179 #NI 5178 2919930479
5180 #NS 5179 _hygCtx
5181 #NS 5180 _hyg
5182 #NI 5181 168
30574 #EA 767 4377
30575 #EA 15037 30574
30576 #EA 30575 2536
30577 #EA 30576 30574
30578 #EA 30577 698
30579 #EA 2624 30526
30580 #EA 30579 2582
30581 #EA 22412 24198
30582 #EA 30581 4431
30583 #EA 30582 4377
30584 #EA 30583 5
30585 #EA 30584 860
30586 #EA 767 24198
30587 #EA 1665 30586
30588 #EA 30587 30545
30589 #EA 30588 30554
30590 #EA 22412 24233
30591 #EA 30590 24216
30592 #EA 30591 24198
30593 #EA 776 24233
30594 #EA 30593 2778
30595 #EA 30594 2682
30596 #EA 30592 30595
30597 #EA 771 24216
30598 #EA 30596 30597
30599 #EA 15037 30598
30600 #EA 30599 2591
30601 #EA 30594 10
30602 #EA 30592 30601
30603 #EA 30541 2536
30604 #EA 30603 911
30605 #EA 30602 30604
30606 #EA 30600 30605
30607 #EA 25054 24233
30608 #EA 30607 24216
30609 #EA 30608 24198
30610 #EA 30609 2778
30611 #EA 30610 2536
30612 #EA 30611 10
30613 #EA 30612 911
30614 #EA 30613 121
30615 #EA 30614 8
30616 #EA 30606 30615
30617 #EP #BD 188 30616 1352
30618 #EP #BD 188 30589 30617
30619 #EP #BD 5165 30585 30618
30620 #EL #BI 5162 30526 30619
30621 #EA 30580 30620
30622 #EA 22412 4431
30623 #EA 30622 4377
30624 #EA 30623 4379
30625 #EA 30624 2582
30626 #EA 30625 698
5183 #NI 5116 170
30627 #EA 30544 30554
30628 #EA 30548 30627
30629 #EA 30559 2682
30630 #EA 30629 939
30631 #EA 30630 2593
30632 #EA 30631 910
30633 #EA 30632 82
30634 #EA 30633 8
30635 #EA 30628 30634
30636 #EP #BD 188 30635 1352
30637 #EA 2079 30636
30638 #EA 2123 30586
30639 #EA 30261 24198
30640 #EA 30638 30639
30641 #EA 30640 30545
30642 #EA 30641 30554
30643 #EA 30642 5
30644 #EA 30637 30643
30645 #EL #BD 5183 30537 30644
30646 #EL #BD 5165 30626 30645
30647 #EA 30621 30646
30648 #EA 30647 860
30649 #EA 15124 30526
30650 #EA 30649 2582
30651 #EA 30650 860
30652 #EA 30651 5
30653 #EA 30648 30652
30654 #EA 30653 121
30655 #EL #BD 5182 30578 30654
30656 #EL #BD 5164 30573 30655
30657 #EA 30572 30656
30658 #EA 30657 860
30659 #EA 15124 4379
30660 #EA 30659 2536
30661 #EA 30660 860
30662 #EA 30661 5
30663 #EA 30658 30662
30664 #EA 30663 82
30665 #EL #BD 5174 30522 30664
30666 #EA 30518 30665
30667 #EL #BD 5166 30383 30666
30668 #EL #BD 5165 30373 30667
30669 #EL #BD 5164 30371 30668
30670 #EL #BI 5163 30369 30669
30671 #EL #BI 5162 30369 30670
30672 #EL #BI 5161 2582 30671
30673 #EL #BI 5160 2582 30672
30674 #EA 30500 30673
30675 #EA 30432 30083
30676 #EA 30674 30675
30677 #EA 30436 30124
30678 #EA 30676 30677
30679 #EA 30454 30124
30680 #EA 15113 30679
30681 #EA 30680 5
30682 #EA 30678 30681
30683 #EA 30468 30682
30684 #EL #BD 5095 30464 30683
30685 #EA 30462 30684
5184 #NI 5100 156
5185 #NI 5106 157
30686 #EA 29997 30347
30687 #EA 29959 8
30688 #EA 30687 5
30689 #EA 30686 30688
30690 #EA 30135 2593
30691 #EA 30690 2591
30692 #EA 30691 2582
30693 #EA 22412 2778
30694 #EA 30693 2682
30695 #EA 30694 2593
30696 #EA 30695 8
30697 #EA 30696 5
30698 #EA 1665 30259
30699 #EA 30698 30470
30700 #EA 30699 10
30701 #EA 30238 366
30702 #EA 30698 30701
30703 #EA 30702 10
30704 #EA 22412 2855
30705 #EA 30704 2801
30706 #EA 30705 2799
30707 #EA 30706 30391
30708 #EA 30234 698
30709 #EA 30707 30708
30710 #EA 15037 30709
30711 #EA 30710 366
30712 #EA 30706 121
30713 #EA 30712 82
30714 #EA 30711 30713
30715 #EA 30714 10
30716 #EA 2799 30504
30717 #EA 30389 910
30718 #EA 30717 860
30719 #EA 30716 30718
30720 #EA 30719 698
30721 #EP #BD 188 30715 30720
30722 #EP #BD 188 30703 30721
30723 #EP #BD 188 30700 30722
30724 #EL #BD 86 30697 30723
30725 #EL #BD 22 30369 30724
30726 #EL #BD 22 30369 30725
30727 #EA 30692 30726
30728 #EA 30727 30488
30729 #EA 29873 10
30730 #EA 30729 8
30731 #EA 30728 30730
30732 #EA 30731 5
5186 #NI 5116 177
30733 #EA 1665 30369
30734 #EA 30733 30488
30735 #EA 30734 30151
30736 #EA 29869 82
30737 #EA 30736 10
30738 #EA 30733 30737
30739 #EA 30738 30151
30740 #EA 30695 30322
30741 #EA 30312 121
30742 #EA 30741 82
30743 #EA 30740 30742
30744 #EA 15037 30743
30745 #EA 30744 10
30746 #EA 30695 30159
30747 #EA 30746 30149
30748 #EA 30745 30747
30749 #EA 25019 2778
30750 #EA 30749 2682
30751 #EA 30750 2593
30752 #EA 30748 30751
30753 #EA 2593 30470
30754 #EA 30221 121
30755 #EA 30753 30754
30756 #EA 30755 82
30757 #EP #BD 188 30752 30756
30758 #EP #BD 188 30739 30757
30759 #EA 2079 30758
30760 #EA 2123 30308
30761 #EA 30261 2682
30762 #EA 30760 30761
30763 #EA 30762 30314
30764 #EA 30763 30149
30765 #EA 30764 5
30766 #EA 30759 30765
30767 #EL #BD 5186 30735 30766
30768 #EA 30732 30767
5187 #NI 5120 171
5188 #NI 5127 172
5189 #NI 5134 173
5190 #NI 5141 174
5191 #NI 5112 175
30769 #EA 16536 10
5192 #NI 5112 176
30770 #EA 30706 10
30771 #EA 30770 8
5193 #NI 5116 178
30772 #EA 767 4379
30773 #EA 1665 30772
30774 #EA 30773 30504
30775 #EA 30395 366
30776 #EA 30775 82
30777 #EA 30774 30776
30778 #EA 30501 4377
30779 #EA 30395 911
30780 #EA 30779 910
30781 #EA 30773 30780
30782 #EA 30781 30776
30783 #EA 30534 2591
30784 #EA 30783 2582
30785 #EA 30624 30784
30786 #EA 776 4377
30787 #EA 30786 939
30788 #EA 30787 911
30789 #EA 30785 30788
30790 #EA 15037 30789
30791 #EA 30790 910
30792 #EA 30534 860
30793 #EA 30792 366
30794 #EA 30624 30793
30795 #EA 30786 698
30796 #EA 30795 121
30797 #EA 30794 30796
30798 #EA 30791 30797
30799 #EA 25054 4431
30800 #EA 30799 4377
30801 #EA 30800 4379
30802 #EA 30801 860
30803 #EA 30802 698
30804 #EA 30803 366
30805 #EA 30804 121
30806 #EA 30805 82
30807 #EA 30806 10
30808 #EA 30798 30807
30809 #EA 30552 2593
30810 #EA 30809 2591
30811 #EA 4379 30810
30812 #EA 30534 2536
30813 #EA 30812 939
30814 #EA 30811 30813
30815 #EA 30814 911
30816 #EP #BD 188 30808 30815
30817 #EP #BD 188 30782 30816
30818 #EA 30778 30817
30819 #EA 30818 2582
30820 #EA 30819 2536
30821 #EA 30820 698
30822 #EA 30821 121
30823 #EA 30822 5
5194 #NI 5173 179
30824 #EA 15037 4377
30825 #EA 30824 2582
30826 #EA 30825 4377
30827 #EA 30826 698
30828 #EA 2624 4431
30829 #EA 30828 2591
30830 #EA 4377 5
30831 #EA 30830 860
30832 #EA 767 24216
30833 #EA 15037 30832
30834 #EA 30833 2593
30835 #EA 30834 30832
30836 #EA 30835 860
30837 #EA 1665 30832
30838 #EA 30541 2591
30839 #EA 30838 2582
30840 #EA 30837 30839
30841 #EA 30541 911
30842 #EA 30841 860
30843 #EA 30840 30842
30844 #EA 22412 25327
30845 #EA 30844 24233
30846 #EA 30845 24216
30847 #EA 776 25327
30848 #EA 30847 2799
30849 #EA 30848 2778
30850 #EA 30846 30849
30851 #EA 30593 2593
30852 #EA 30851 2591
30853 #EA 30850 30852
30854 #EA 15037 30853
30855 #EA 30854 2582
30856 #EA 30847 82
30857 #EA 30856 911
30858 #EA 30846 30857
30859 #EA 30593 939
30860 #EA 30859 910
30861 #EA 30858 30860
30862 #EA 30855 30861
30863 #EA 25054 25327
30864 #EA 30863 24233
30865 #EA 30864 24216
30866 #EA 30865 82
30867 #EA 30866 939
30868 #EA 30867 911
30869 #EA 30868 910
30870 #EA 30869 10
30871 #EA 30870 698
30872 #EA 30862 30871
30873 #EA 776 25325
30874 #EA 30873 2801
30875 #EA 30874 2799
30876 #EA 24216 30875
30877 #EA 30847 2682
30878 #EA 30877 2593
30879 #EA 30876 30878
30880 #EA 30879 2591
30881 #EP #BD 188 30872 30880
30882 #EP #BD 188 30843 30881
30883 #EP #BD 2886 30836 30882
30884 #EP #BD 5191 30831 30883
30885 #EL #BI 5187 4431 30884
30886 #EA 30829 30885
30887 #EA 4379 2591
30888 #EA 30887 698
5195 #NI 5181 181
30889 #EA 15037 30586
30890 #EA 30889 2591
30891 #EA 30890 30586
30892 #EA 30891 698
30893 #EA 2624 30832
30894 #EA 30893 2593
30895 #EA 30592 5
30896 #EA 30895 860
30897 #EA 767 24233
30898 #EA 1665 30897
30899 #EA 30898 30852
30900 #EA 30899 30860
30901 #EA 22412 25325
30902 #EA 30901 25327
30903 #EA 30902 24233
30904 #EA 30903 30875
30905 #EA 30904 30878
30906 #EA 15037 30905
30907 #EA 30906 2591
30908 #EA 30874 10
30909 #EA 30903 30908
30910 #EA 30847 2536
30911 #EA 30910 911
30912 #EA 30909 30911
30913 #EA 30907 30912
30914 #EA 25054 25325
30915 #EA 30914 25327
30916 #EA 30915 24233
30917 #EA 30916 2801
30918 #EA 30917 2536
30919 #EA 30918 10
30920 #EA 30919 911
30921 #EA 30920 121
30922 #EA 30921 8
30923 #EA 30913 30922
30924 #EA 776 25333
30925 #EA 30924 2855
30926 #EA 30925 2801
30927 #EA 24233 30926
30928 #EA 30873 2778
30929 #EA 30928 2682
30930 #EA 30927 30929
30931 #EA 30930 2593
30932 #EP #BD 188 30923 30931
30933 #EP #BD 188 30900 30932
30934 #EP #BD 5192 30896 30933
30935 #EL #BI 5189 30832 30934
30936 #EA 30894 30935
30937 #EA 30540 2593
30938 #EA 30937 698
5196 #NI 5116 183
30939 #EA 30501 24233
30940 #EA 30850 30860
30941 #EA 30855 30940
30942 #EA 30865 2799
30943 #EA 30942 939
30944 #EA 30943 2778
30945 #EA 30944 910
30946 #EA 30945 82
30947 #EA 30946 8
30948 #EA 30941 30947
30949 #EP #BD 188 30948 30880
30950 #EA 30939 30949
30951 #EA 30950 2593
30952 #EA 30951 2591
30953 #EA 30952 939
30954 #EA 30953 910
30955 #EA 30954 5
5197 #NI 5173 184
30956 #EA 15037 24233
30957 #EA 30956 2593
30958 #EA 30957 24233
30959 #EA 30958 939
30960 #EA 2624 25327
30961 #EA 30960 2682
30962 #EA 25327 2855
30963 #EA 30962 5
30964 #EA 767 25333
30965 #EA 15037 30964
30966 #EA 30965 2778
30967 #EA 30966 30964
30968 #EA 30967 2536
30969 #EA 22412 25374
30970 #EA 30969 25421
30971 #EA 30970 25333
30972 #EA 776 25374
30973 #EA 30972 4377
30974 #EA 30973 4379
30975 #EA 30971 30974
30976 #EA 776 25421
30977 #EA 30976 2801
30978 #EA 30977 2799
30979 #EA 30975 30978
30980 #EA 15037 30979
30981 #EA 30980 2778
30982 #EA 30976 10
30983 #EA 30982 2582
30984 #EA 30975 30983
30985 #EA 30981 30984
30986 #EA 25054 25374
30987 #EA 30986 25421
30988 #EA 30987 25333
30989 #EA 30988 4377
30990 #EA 30989 10
30991 #EA 30990 4379
30992 #EA 30991 2582
30993 #EA 30992 8
30994 #EA 30993 366
30995 #EA 30985 30994
30996 #EA 776 25372
30997 #EA 30996 4431
30998 #EA 30997 4377
30999 #EA 25333 30998
31000 #EA 30972 2855
31001 #EA 31000 2801
31002 #EA 30999 31001
31003 #EA 31002 2799
31004 #EP #BD 188 30995 31003
31005 #EP #BD 2886 30968 31004
31006 #EP #BD 5191 30963 31005
31007 #EL #BI 5188 25327 31006
31008 #EA 30961 31007
31009 #EA 24233 2801
31010 #EA 31009 2682
5198 #NI 5181 186
31011 #EA 767 25325
31012 #EA 15037 31011
31013 #EA 31012 2682
31014 #EA 31013 31011
31015 #EA 31014 939
31016 #EA 2624 30964
31017 #EA 31016 2778
31018 #EA 30971 4379
31019 #EA 31018 5
31020 #EA 22412 25372
31021 #EA 31020 25374
31022 #EA 31021 25421
31023 #EA 31022 30998
31024 #EA 31023 31001
31025 #EA 15037 31024
31026 #EA 31025 2799
31027 #EA 31000 8
31028 #EA 31023 31027
31029 #EA 31026 31028
31030 #EA 25054 25372
31031 #EA 31030 25374
31032 #EA 31031 25421
31033 #EA 31032 4431
31034 #EA 31033 2855
31035 #EA 31034 4377
31036 #EA 31035 8
31037 #EA 31036 82
31038 #EA 31037 5
31039 #EA 31029 31038
31040 #EA 776 25380
31041 #EA 31040 24198
31042 #EA 31041 4431
31043 #EA 25421 31042
31044 #EA 30996 4379
31045 #EA 31044 2855
31046 #EA 31043 31045
31047 #EA 31046 2801
31048 #EP #BD 188 31039 31047
31049 #EP #BD 5192 31019 31048
31050 #EL #BI 5190 30964 31049
31051 #EA 31017 31050
31052 #EA 22412 25421
31053 #EA 31052 25333
31054 #EA 31053 25325
31055 #EA 31054 2855
31056 #EA 31055 2778
5199 #NI 5116 188
31057 #EA 30981 30979
31058 #EA 30989 2801
31059 #EA 31058 4379
31060 #EA 31059 2799
31061 #EA 31060 10
31062 #EA 31061 5
31063 #EA 31057 31062
31064 #EA 2624 31024
31065 #EA 31035 2801
31066 #EA 31065 82
31067 #EA 31066 8
31068 #EA 31064 31067
31069 #EA 31046 5
31070 #EL #BD 5095 31024 31069
31071 #EA 31068 31070
31072 #EA 24198 4431
31073 #EA 31072 4377
31074 #EA 31073 2855
31075 #EA 31074 2801
31076 #EA 31075 82
31077 #EA 31076 8
31078 #EA 31071 31077
31079 #EA 31078 2799
31080 #EA 2761 31024
31081 #EA 31080 2799
31082 #EA 31081 31067
31083 #EA 15124 31024
31084 #EA 31083 2799
31085 #EA 31084 31067
31086 #EA 31085 5
31087 #EA 31082 31086
31088 #EA 31079 31087
31089 #EL #BD 5199 31063 31088
31090 #EL #BD 5192 31056 31089
31091 #EA 31051 31090
31092 #EA 31091 2536
31093 #EA 15124 30964
31094 #EA 31093 2778
31095 #EA 31094 2536
31096 #EA 31095 5
31097 #EA 31092 31096
31098 #EA 31097 121
31099 #EL #BD 5198 31015 31098
31100 #EL #BD 5191 31010 31099
31101 #EA 31008 31100
31102 #EA 31101 2536
31103 #EA 15124 25327
31104 #EA 31103 2682
31105 #EA 31104 2536
31106 #EA 31105 5
31107 #EA 31102 31106
31108 #EA 31107 121
31109 #EL #BD 5197 30959 31108
31110 #EA 30955 31109
31111 #EL #BD 5196 30843 31110
31112 #EL #BD 5192 30938 31111
31113 #EA 30936 31112
31114 #EA 31113 860
31115 #EA 15124 30832
31116 #EA 31115 2593
31117 #EA 31116 860
31118 #EA 31117 5
31119 #EA 31114 31118
31120 #EA 31119 121
31121 #EL #BD 5195 30892 31120
31122 #EL #BD 5191 30888 31121
31123 #EA 30886 31122
31124 #EA 31123 860
31125 #EA 15124 4431
31126 #EA 31125 2591
31127 #EA 31126 860
31128 #EA 31127 5
31129 #EA 31124 31128
31130 #EA 31129 82
31131 #EL #BD 5194 30827 31130
31132 #EA 30823 31131
31133 #EL #BD 5193 30777 31132
31134 #EL #BD 5192 30771 31133
31135 #EL #BD 5191 30769 31134
31136 #EL #BI 5190 30217 31135
31137 #EL #BI 5189 30217 31136
31138 #EL #BI 5188 2593 31137
31139 #EL #BI 5187 2593 31138
31140 #EA 30768 31139
31141 #EA 2117 30369
31142 #EA 31141 30488
31143 #EA 31140 31142
31144 #EA 2117 30141
31145 #EA 31144 30730
31146 #EA 31143 31145
31147 #EA 30489 30730
31148 #EA 15113 31147
31149 #EA 31148 5
31150 #EA 31146 31149
31151 #EL #BD 5095 30689 31150
31152 #EL #BD 5185 30435 31151
31153 #EL #BD 5184 939 31152
31154 #EA 30685 31153
31155 #EA 31154 5
31156 #EL #BD 5095 30452 31155
31157 #EL #BD 5158 29853 31156
31158 #EL #BD 5157 910 31157
31159 #EA 30450 31158
31160 #EA 31159 10
31161 #EL #BD 113 30097 31160
31162 #EL #BD 112 30076 31161
31163 #EL #BD 5095 29738 31162
31164 #EL #BD 5087 29733 31163
31165 #EL #BD 5079 29733 31164
31166 #EL #BD 75 30075 31165
31167 #EL #BI 4384 22411 31166
31168 #EL #BI 38 2 31167
31169 #EL #BI 7 2 31168
#DEF 5069 30106 31169 
31170 #EA 17438 366
31171 #EA 31170 10
31172 #EA 1972 31171
31173 #EA 17438 121
31174 #EA 31173 8
31175 #EA 31172 31174
31176 #EP #BD 22 29729 31175
31177 #EP #BI 362 22449 31176
31178 #EP #BI 361 22449 31177
31179 #EP #BI 4384 22411 31178
31180 #EP #BI 38 2 31179
31181 #EP #BI 7 2 31180
5200 #NI 5120 25
5201 #NI 5120 26
5202 #NI 5120 27
31182 #EC 5062 0
31183 #EA 31182 366
31184 #EA 31183 121
31185 #EA 31184 82
31186 #EA 767 366
31187 #EA 22426 8
31188 #EA 31187 5
31189 #EA 17438 910
31190 #EA 31189 10
31191 #EA 1972 31190
31192 #EA 17438 860
31193 #EA 31192 8
31194 #EA 31191 31193
31195 #EL #BD 5202 31188 31194
31196 #EL #BD 5201 31186 31195
31197 #EL #BD 5200 31186 31196
31198 #EA 31185 31197
31199 #EA 31198 10
31200 #EA 31199 8
31201 #EA 31200 5
31202 #EC 5060 0
31203 #EA 31202 910
31204 #EA 31203 860
31205 #EA 31204 698
31206 #EA 30120 8
31207 #EA 31206 5
31208 #EA 17438 2536
31209 #EA 31208 10
31210 #EA 1972 31209
31211 #EA 17438 939
31212 #EA 31211 8
31213 #EA 31210 31212
31214 #EL #BD 5202 31207 31213
31215 #EL #BD 5201 29758 31214
31216 #EL #BD 5200 29758 31215
31217 #EA 31205 31216
31218 #EA 31217 10
31219 #EA 31218 8
31220 #EA 31219 5
31221 #EC 5069 
31222 #EA 31221 911
31223 #EA 31222 910
31224 #EA 31223 860
31225 #EA 29761 8
31226 #EA 31225 5
5203 #NI 5120 190
31227 #EA 31202 2582
31228 #EA 31227 2536
31229 #EA 31228 939
31230 #EA 17438 2682
31231 #EA 31230 10
31232 #EA 1972 31231
31233 #EA 17438 2593
31234 #EA 31233 8
31235 #EA 31232 31234
31236 #EL #BD 5202 30307 31235
31237 #EL #BD 5201 30214 31236
31238 #EL #BD 5200 30214 31237
31239 #EA 31229 31238
31240 #EA 31239 10
31241 #EA 31240 8
31242 #EA 31241 5
31243 #EA 17438 2591
31244 #EA 31243 82
31245 #EA 1972 31244
31246 #EA 17438 2582
31247 #EA 31246 10
31248 #EA 31245 31247
31249 #EP #BD 5203 31242 31248
31250 #EL #BD 5095 31226 31249
31251 #EL #BD 5087 29853 31250
31252 #EL #BD 5079 29853 31251
31253 #EA 31224 31252
31254 #EA 31253 82
31255 #EA 31254 10
31256 #EA 31255 8
31257 #EA 31202 939
31258 #EA 31257 911
31259 #EA 31258 910
31260 #EA 31243 10
31261 #EA 1972 31260
31262 #EA 31246 8
31263 #EA 31261 31262
31264 #EL #BD 5202 30140 31263
31265 #EL #BD 5201 29994 31264
31266 #EL #BD 5200 29994 31265
31267 #EA 31259 31266
31268 #EA 31267 30121
31269 #EA 31268 30132
31270 #EA 25019 939
31271 #EA 31270 911
31272 #EA 31271 910
31273 #EA 31269 31272
31274 #EA 31208 30124
31275 #EA 4911 31274
31276 #EL #BD 5203 31273 31275
31277 #EL #BD 173 333 31276
31278 #EA 31256 31277
31279 #EA 4117 8
31280 #EA 30305 82
31281 #EA 31280 8
31282 #EA 31202 2682
31283 #EA 31282 2593
31284 #EA 31283 2591
31285 #EA 30319 8
31286 #EA 31285 5
31287 #EA 17438 2801
31288 #EA 31287 10
31289 #EA 1972 31288
31290 #EA 17438 2799
31291 #EA 31290 8
31292 #EA 31289 31291
31293 #EL #BD 5202 31286 31292
31294 #EL #BD 5201 30308 31293
31295 #EL #BD 5200 30308 31294
31296 #EA 31284 31295
31297 #EA 30312 366
31298 #EA 31297 121
31299 #EA 31296 31298
31300 #EA 31299 30737
31301 #EA 25054 2682
31302 #EA 31301 2593
31303 #EA 31302 2591
31304 #EA 31303 366
31305 #EA 31304 82
31306 #EA 31305 121
31307 #EA 31306 10
31308 #EA 31307 8
31309 #EA 31308 5
31310 #EA 31300 31309
31311 #EA 17438 2778
31312 #EA 31311 366
31313 #EA 11146 31312
31314 #EA 31230 82
31315 #EA 31313 31314
5204 #NI 5120 111
31316 #EL #BD 5204 0 5529
31317 #EA 31315 31316
31318 #EA 31317 425
31319 #EL #BD 5203 31310 31318
31320 #EL #BD 76 31281 31319
31321 #EL #BD 5113 31279 31320
31322 #EL #BD 5109 30435 31321
31323 #EL #BD 5108 939 31322
31324 #EL #BD 5107 29994 31323
31325 #EL #BD 5101 911 31324
31326 #EA 31278 31325
31327 #EA 31326 5
31328 #EL #BD 82 31220 31327
31329 #EL #BD 5202 31188 31328
31330 #EL #BD 5201 31186 31329
31331 #EL #BD 5200 31186 31330
31332 #EA 31201 31331
31333 #EL #BD 5202 29729 31332
31334 #EL #BD 5201 22449 31333
31335 #EL #BD 5200 22449 31334
31336 #EL #BI 4384 22411 31335
31337 #EL #BI 38 2 31336
31338 #EL #BI 7 2 31337
#DEF 5068 31181 31338 
5205 #NS 4386 getEv
5206 #NS 5205 match_1
5207 #NI 4454 1013
5208 #NS 5207 LeanToLambdaBox
5209 #NS 5208 Export
5210 #NS 5209 EvalT
5211 #NI 5210 256180002
5212 #NS 5211 _hygCtx
5213 #NS 5212 _hyg
5214 #NI 5213 1064
5215 #NI 4454 1014
5216 #NS 5215 LeanToLambdaBox
5217 #NS 5216 Export
5218 #NS 5217 EvalT
5219 #NI 5218 256180002
5220 #NS 5219 _hygCtx
5221 #NS 5220 _hyg
5222 #NI 5221 1067
5223 #NI 4454 1015
5224 #NS 5223 LeanToLambdaBox
5225 #NS 5224 Export
5226 #NS 5225 EvalT
5227 #NI 5226 256180002
5228 #NS 5227 _hygCtx
5229 #NS 5228 _hyg
5230 #NI 5229 1070
31339 #EA 22559 22463
31340 #EA 31339 8
31341 #EA 31340 5
5231 #NI 4454 1016
5232 #NS 5231 LeanToLambdaBox
5233 #NS 5232 Export
5234 #NS 5233 EvalT
5235 #NI 5234 256180002
5236 #NS 5235 _hygCtx
5237 #NS 5236 _hyg
5238 #NI 5237 1073
5239 #NI 4454 1017
5240 #NS 5239 LeanToLambdaBox
5241 #NS 5240 Export
5242 #NS 5241 EvalT
5243 #NI 5242 256180002
5244 #NS 5243 _hygCtx
5245 #NS 5244 _hyg
5246 #NI 5245 1076
5247 #NI 4454 1018
5248 #NS 5247 LeanToLambdaBox
5249 #NS 5248 Export
5250 #NS 5249 EvalT
5251 #NI 5250 256180002
5252 #NS 5251 _hygCtx
5253 #NS 5252 _hyg
5254 #NI 5253 1079
31342 #EA 3877 21923
31343 #EP #BD 5254 31342 20
31344 #EP #BD 5246 21924 31343
31345 #EP #BD 5238 0 31344
31346 #EP #BD 5230 31341 31345
31347 #EP #BD 5222 7386 31346
31348 #EP #BD 5214 7386 31347
5255 #NI 5097 256180002
5256 #NS 5255 _hygCtx
5257 #NS 5256 _hyg
5258 #NI 5257 1121
5259 #NI 5103 256180002
5260 #NS 5259 _hygCtx
5261 #NS 5260 _hyg
5262 #NI 5261 1122
5263 #NI 5257 1119
5264 #NI 5261 1120
5265 #NI 4827 1118
31349 #EA 24000 82
31350 #EA 31349 8
5266 #NI 4479 1124
31351 #EA 16708 366
31352 #EA 31351 121
31353 #EA 21918 31352
31354 #EA 4682 31353
5267 #NI 4479 1123
31355 #EA 16708 121
31356 #EA 31355 82
31357 #EA 21918 31356
31358 #EA 4682 31357
31359 #EA 25048 698
31360 #EA 2593 31359
31361 #EA 31360 31352
31362 #EA 25057 860
31363 #EA 31362 366
31364 #EA 31363 698
31365 #EA 31364 121
31366 #EA 31365 82
31367 #EA 31366 10
31368 #EA 31361 31367
31369 #EA 31368 343
31370 #EA 31369 8
31371 #EA 31370 5
31372 #EP #BD 5267 31358 31371
31373 #EP #BD 5266 31354 31372
31374 #EP #BD 5265 31350 31373
31375 #EP #BD 232 24950 31374
31376 #EP #BD 5264 7386 31375
31377 #EP #BD 5263 7378 31376
31378 #EP #BD 5262 7386 31377
31379 #EP #BD 5258 7378 31378
5268 #NI 5257 1170
5269 #NI 5261 1171
5270 #NI 5257 1168
5271 #NI 5261 1169
5272 #NI 4827 1167
31380 #EA 22559 22714
31381 #EA 31380 82
31382 #EA 31381 8
5273 #NS 0 hx
31383 #EA 63 5529
31384 #EA 25051 366
31385 #EA 21918 31384
31386 #EA 31383 31385
31387 #EA 63 5307
31388 #EA 31387 31353
31389 #EA 16708 910
31390 #EA 31389 860
31391 #EA 2778 31390
31392 #EA 31391 31384
31393 #EA 25056 24662
31394 #EA 31393 910
31395 #EA 31394 698
31396 #EA 31395 860
31397 #EA 31396 366
31398 #EA 31397 121
31399 #EA 31398 82
31400 #EA 31392 31399
31401 #EA 31400 2027
31402 #EA 31401 8
31403 #EA 31402 5
31404 #EP #BD 1231 31388 31403
31405 #EP #BD 5273 31386 31404
31406 #EP #BD 1571 0 31405
31407 #EP #BD 76 31382 31406
31408 #EP #BD 5272 23880 31407
31409 #EP #BD 5271 7386 31408
31410 #EP #BD 5270 7378 31409
31411 #EP #BD 5269 7386 31410
31412 #EP #BD 5268 7378 31411
31413 #EA 8107 82
31414 #EA 31413 10
31415 #EP #BD 113 31412 31414
31416 #EP #BD 112 31379 31415
31417 #EP #BD 5254 31342 31416
31418 #EP #BD 5246 21924 31417
31419 #EP #BD 5238 0 31418
31420 #EP #BD 5230 22862 31419
31421 #EP #BD 5222 7386 31420
31422 #EP #BD 5214 7386 31421
31423 #EP #BD 75 31348 31422
31424 #EP #BI 4227 20069 31423
31425 #EP #BI 4010 15810 31424
31426 #EA 30107 7378
31427 #EA 23010 5
31428 #EA 31427 860
31429 #EA 3925 21919
31430 #EA 8122 860
31431 #EA 31430 5
31432 #EA 31431 366
31433 #EP #BD 5246 31429 31432
31434 #EP #BD 5230 31428 31433
31435 #EL #BD 86 7386 31434
31436 #EA 31426 31435
31437 #EA 31436 860
31438 #EA 23578 16697
31439 #EA 31438 698
31440 #EA 21918 16697
31441 #EA 3893 31440
31442 #EA 939 16697
31443 #EA 31442 910
31444 #EA 31443 8
31445 #EA 31444 698
31446 #EA 31445 5
31447 #EA 31446 121
31448 #EA 2079 31447
31449 #EA 3903 2839
31450 #EA 35 2792
31451 #EA 31450 5
31452 #EA 1972 31440
31453 #EA 31452 8
31454 #EA 9324 31440
31455 #EA 2093 31454
31456 #EA 31455 82
31457 #EA 35 2863
31458 #EA 31457 10
31459 #EA 31456 31458
31460 #EA 31459 8
31461 #EP #BD 188 31460 1352
31462 #EP #BD 188 31453 31461
31463 #EL #BD 86 31451 31462
31464 #EL #BD 22 0 31463
31465 #EA 31449 31464
31466 #EA 31465 31440
31467 #EA 31466 5
5274 #NI 4781 1219
31468 #EA 31452 2839
31469 #EA 6346 31440
31470 #EA 2093 31469
31471 #EA 31470 8
31472 #EA 31450 2792
31473 #EA 31471 31472
31474 #EA 31473 3079
31475 #EP #BD 188 31474 1352
31476 #EA 2079 31475
31477 #EA 18489 2792
31478 #EA 31477 5
31479 #EA 31476 31478
31480 #EL #BD 5274 31468 31479
31481 #EA 31467 31480
5275 #NS 600 LeanToLambdaBox
5276 #NS 5275 Export
5277 #NS 5276 EvalT
5278 #NI 5277 256180002
5279 #NS 5278 _hygCtx
5280 #NS 5279 _hyg
5281 #NI 5280 1217
5282 #NI 4827 1218
5283 #NI 4781 1221
31482 #EA 31452 43
31483 #EA 31457 2027
31484 #EA 31456 31483
31485 #EA 2188 2863
31486 #EA 31485 10
31487 #EA 31486 8
31488 #EA 31484 31487
31489 #EP #BD 188 31488 1352
31490 #EA 2079 31489
31491 #EA 31490 18491
31492 #EL #BD 5283 31482 31491
31493 #EL #BD 5282 31451 31492
31494 #EL #BI 5281 0 31493
31495 #EA 31481 31494
31496 #EA 2959 31440
31497 #EA 31495 31496
31498 #EA 3925 31440
31499 #EA 2135 31498
31500 #EA 31499 5
31501 #EA 31497 31500
31502 #EA 31448 31501
31503 #EL #BD 5246 31441 31502
31504 #EL #BD 5230 31439 31503
31505 #EA 31437 31504
5284 #NI 5257 1201
5285 #NI 5261 1202
31506 #EA 22559 22586
31507 #EA 31506 17249
31508 #EA 31507 910
31509 #EA 16708 10
31510 #EA 31509 8
31511 #EA 21918 31510
31512 #EA 6346 31511
31513 #EA 9324 21921
31514 #EA 22559 22614
31515 #EA 31514 31352
31516 #EA 31515 8
31517 #EA 2682 31384
31518 #EA 31517 10
31519 #EA 31518 5
31520 #EA 31519 2536
31521 #EA 31520 82
31522 #EA 31521 8
31523 #EP #BD 5230 31516 31522
31524 #EP #BD 5254 31513 31523
31525 #EL #BD 86 7386 31524
31526 #EA 31426 31525
31527 #EA 31526 939
31528 #EA 3909 31440
31529 #EA 22559 22610
31530 #EA 31529 31356
31531 #EA 31530 16697
31532 #EA 2593 31352
31533 #EA 31532 16697
31534 #EA 31533 5
31535 #EA 31534 939
31536 #EA 31535 10
31537 #EA 31536 8
31538 #EA 2079 31537
31539 #EA 30135 7378
31540 #EA 31539 7378
31541 #EA 31540 22614
31542 #EA 22559 24662
31543 #EA 31542 8
31544 #EA 31543 5
31545 #EA 1665 7386
31546 #EA 31545 31390
31547 #EA 31546 10
31548 #EA 31545 16697
31549 #EA 31548 10
31550 #EA 22559 24666
31551 #EA 16708 939
31552 #EA 31551 911
31553 #EA 31550 31552
31554 #EA 31553 16697
31555 #EA 15037 31554
31556 #EA 31555 366
31557 #EA 31550 121
31558 #EA 31557 82
31559 #EA 31556 31558
31560 #EA 31559 10
31561 #EP #BD 188 31560 1352
31562 #EP #BD 188 31549 31561
31563 #EP #BD 188 31547 31562
31564 #EL #BD 86 31544 31563
31565 #EL #BD 22 7386 31564
31566 #EL #BD 22 7386 31565
31567 #EA 31541 31566
31568 #EA 31567 31352
31569 #EA 31568 16697
31570 #EA 31569 5
5286 #NI 4781 1231
31571 #EA 31545 31352
31572 #EA 31571 16697
31573 #EA 31548 16697
31574 #EA 31542 31359
31575 #EA 31574 16697
31576 #EA 15037 31575
31577 #EA 31576 10
31578 #EA 31542 16697
31579 #EA 31578 16697
31580 #EA 31577 31579
31581 #EA 25021 24662
31582 #EA 31580 31581
31583 #EP #BD 188 31582 1352
31584 #EP #BD 188 31573 31583
31585 #EA 2079 31584
31586 #EA 2123 7386
31587 #EA 30261 7378
31588 #EA 31586 31587
31589 #EA 31588 31384
31590 #EA 31589 16697
31591 #EA 31590 5
31592 #EA 31585 31591
31593 #EL #BD 5286 31572 31592
31594 #EA 31570 31593
5287 #NI 4479 1225
5288 #NI 5124 256180002
5289 #NS 5288 _hygCtx
5290 #NS 5289 _hyg
5291 #NI 5290 1226
5292 #NI 5131 256180002
5293 #NS 5292 _hygCtx
5294 #NS 5293 _hyg
5295 #NI 5294 1227
5296 #NI 5138 256180002
5297 #NS 5296 _hygCtx
5298 #NS 5297 _hyg
5299 #NI 5298 1228
5300 #NI 4827 1229
31595 #EA 23084 82
31596 #EA 31595 10
5301 #NI 4827 1230
31597 #EA 31550 10
31598 #EA 31597 8
5302 #NI 4781 1232
31599 #EA 16708 2536
31600 #EA 31599 939
31601 #EA 31545 31600
31602 #EA 31351 82
31603 #EA 31601 31602
31604 #EA 30501 7378
31605 #EA 31548 31602
31606 #EA 22559 25317
31607 #EA 16708 2591
31608 #EA 31607 2582
31609 #EA 31606 31608
31610 #EA 31609 16697
31611 #EA 15037 31610
31612 #EA 31611 910
31613 #EA 31606 25049
31614 #EA 31613 25052
31615 #EA 31612 31614
31616 #EA 25056 25317
31617 #EA 31616 860
31618 #EA 31617 698
31619 #EA 31618 366
31620 #EA 31619 121
31621 #EA 31620 82
31622 #EA 31621 10
31623 #EA 31615 31622
31624 #EP #BD 188 31623 1352
31625 #EP #BD 188 31605 31624
31626 #EA 31604 31625
31627 #EA 31626 2582
31628 #EA 31627 2536
31629 #EA 31628 698
31630 #EA 31629 121
31631 #EA 31630 5
5303 #NI 5170 256180002
5304 #NS 5303 _hygCtx
5305 #NS 5304 _hyg
5306 #NI 5305 1233
31632 #EA 15037 7378
31633 #EA 31632 2582
31634 #EA 31633 7378
31635 #EA 31634 698
31636 #EA 26961 2591
31637 #EA 22455 24233
31638 #EA 31637 24216
31639 #EA 31638 5
31640 #EA 31639 860
31641 #EA 15037 7386
31642 #EA 31641 2593
31643 #EA 31642 7386
31644 #EA 31643 860
31645 #EA 16708 911
31646 #EA 31645 860
31647 #EA 31548 31646
31648 #EA 22559 25369
31649 #EA 16708 2799
31650 #EA 31649 2778
31651 #EA 31648 31650
31652 #EA 31651 16697
31653 #EA 15037 31652
31654 #EA 31653 2582
31655 #EA 16709 911
31656 #EA 31648 31655
31657 #EA 31551 910
31658 #EA 31656 31657
31659 #EA 31654 31658
31660 #EA 25056 25369
31661 #EA 31660 82
31662 #EA 31661 939
31663 #EA 31662 911
31664 #EA 31663 910
31665 #EA 31664 10
31666 #EA 31665 698
31667 #EA 31659 31666
31668 #EP #BD 188 31667 1352
31669 #EP #BD 188 31647 31668
31670 #EP #BD 2886 31644 31669
31671 #EP #BD 5300 31640 31670
31672 #EL #BI 5287 7378 31671
31673 #EA 31636 31672
31674 #EA 25317 2591
31675 #EA 31674 698
5307 #NI 5178 256180002
5308 #NS 5307 _hygCtx
5309 #NS 5308 _hyg
5310 #NI 5309 1235
31676 #EA 31641 2591
31677 #EA 31676 7386
31678 #EA 31677 698
31679 #EA 2624 7386
31680 #EA 31679 2593
31681 #EA 22559 25328
31682 #EA 31681 5
31683 #EA 31682 860
31684 #EA 31548 31657
31685 #EA 16708 2801
31686 #EA 31685 2799
31687 #EA 25786 31686
31688 #EA 31687 16697
31689 #EA 15037 31688
31690 #EA 31689 2591
31691 #EA 31685 10
31692 #EA 25786 31691
31693 #EA 31599 911
31694 #EA 31692 31693
31695 #EA 31690 31694
31696 #EA 25056 25423
31697 #EA 31696 2801
31698 #EA 31697 2536
31699 #EA 31698 10
31700 #EA 31699 911
31701 #EA 31700 121
31702 #EA 31701 8
31703 #EA 31695 31702
31704 #EP #BD 188 31703 1352
31705 #EP #BD 188 31684 31704
31706 #EP #BD 5301 31683 31705
31707 #EL #BI 5295 7386 31706
31708 #EA 31680 31707
31709 #EA 22559 25581
31710 #EA 31709 2593
31711 #EA 31710 698
5311 #NI 4781 1237
31712 #EA 31651 31657
31713 #EA 31654 31712
31714 #EA 31660 2799
31715 #EA 31714 939
31716 #EA 31715 2778
31717 #EA 31716 910
31718 #EA 31717 82
31719 #EA 31718 8
31720 #EA 31713 31719
31721 #EP #BD 188 31720 1352
31722 #EA 2079 31721
31723 #EA 31588 16697
31724 #EA 31723 31657
31725 #EA 31724 5
31726 #EA 31722 31725
31727 #EL #BD 5311 31647 31726
31728 #EL #BD 5301 31711 31727
31729 #EA 31708 31728
31730 #EA 31729 860
31731 #EA 15124 7386
31732 #EA 31731 2593
31733 #EA 31732 860
31734 #EA 31733 5
31735 #EA 31730 31734
31736 #EA 31735 121
31737 #EL #BD 5310 31678 31736
31738 #EL #BD 5300 31675 31737
31739 #EA 31673 31738
31740 #EA 31739 860
31741 #EA 15124 7378
31742 #EA 31741 2591
31743 #EA 31742 860
31744 #EA 31743 5
31745 #EA 31740 31744
31746 #EA 31745 82
31747 #EL #BD 5306 31635 31746
31748 #EA 31631 31747
31749 #EL #BD 5302 31603 31748
31750 #EL #BD 5301 31598 31749
31751 #EL #BD 5300 31596 31750
31752 #EL #BI 5299 7386 31751
31753 #EL #BI 5295 7386 31752
31754 #EL #BI 5291 7378 31753
31755 #EL #BI 5287 7378 31754
31756 #EA 31594 31755
31757 #EA 2117 7386
31758 #EA 31757 31352
31759 #EA 31756 31758
31760 #EA 31757 16697
31761 #EA 31759 31760
31762 #EA 31515 16697
31763 #EA 15113 31762
31764 #EA 31763 5
31765 #EA 31761 31764
31766 #EA 31538 31765
31767 #EL #BD 5230 31531 31766
31768 #EL #BD 5254 31528 31767
31769 #EA 31527 31768
5312 #NI 5257 1223
5313 #NI 5261 1224
31770 #EA 21918 17249
31771 #EA 9326 31770
31772 #EA 22559 23043
31773 #EA 31772 31384
31774 #EA 31773 31510
31775 #EA 31540 24662
31776 #EA 22559 23084
31777 #EA 31776 8
31778 #EA 31777 5
31779 #EA 31545 31552
31780 #EA 31779 10
31781 #EA 31545 31359
31782 #EA 31781 10
31783 #EA 22455 24198
31784 #EA 31783 4431
31785 #EA 22559 31784
31786 #EA 16708 2582
31787 #EA 31786 2536
31788 #EA 31785 31787
31789 #EA 31788 31390
31790 #EA 15037 31789
31791 #EA 31790 366
31792 #EA 31785 121
31793 #EA 31792 82
31794 #EA 31791 31793
31795 #EA 31794 10
31796 #EA 4431 31608
31797 #EA 31645 910
31798 #EA 31796 31797
31799 #EA 31798 698
31800 #EA 31799 2801
31801 #EA 31800 939
31802 #EA 31801 860
31803 #EP #BD 188 31795 31802
31804 #EP #BD 188 31782 31803
31805 #EP #BD 188 31780 31804
31806 #EL #BD 86 31778 31805
31807 #EL #BD 22 7386 31806
31808 #EL #BD 22 7386 31807
31809 #EA 31775 31808
31810 #EA 31809 31359
31811 #EA 31810 16710
31812 #EA 31811 5
5314 #NI 4781 1244
31813 #EA 31781 16697
31814 #EA 31545 31356
31815 #EA 31814 16697
31816 #EA 31776 31797
31817 #EA 31816 31352
31818 #EA 15037 31817
31819 #EA 31818 10
31820 #EA 31776 16697
31821 #EA 31820 16697
31822 #EA 31819 31821
31823 #EA 25021 23084
31824 #EA 31822 31823
31825 #EA 2855 31552
31826 #EA 31825 31384
31827 #EA 31826 82
31828 #EA 31827 2682
31829 #EA 31828 860
31830 #EA 31829 121
31831 #EP #BD 188 31824 31830
31832 #EP #BD 188 31815 31831
31833 #EA 2079 31832
31834 #EA 31588 31390
31835 #EA 31834 16697
31836 #EA 31835 5
31837 #EA 31833 31836
31838 #EL #BD 5314 31813 31837
31839 #EA 31812 31838
5315 #NI 4479 1238
5316 #NI 5290 1239
5317 #NI 5294 1240
5318 #NI 5298 1241
5319 #NI 4827 1242
31840 #EA 24186 82
31841 #EA 31840 10
5320 #NI 4827 1243
31842 #EA 31785 10
31843 #EA 31842 8
5321 #NI 4781 1245
31844 #EA 31545 31608
31845 #EA 31844 31602
31846 #EA 31779 31602
31847 #EA 16708 2682
31848 #EA 31847 2593
31849 #EA 31709 31848
31850 #EA 31849 31600
31851 #EA 15037 31850
31852 #EA 31851 910
31853 #EA 31709 25049
31854 #EA 31853 25052
31855 #EA 31852 31854
31856 #EA 25056 25581
31857 #EA 31856 860
31858 #EA 31857 698
31859 #EA 31858 366
31860 #EA 31859 121
31861 #EA 31860 82
31862 #EA 31861 10
31863 #EA 31855 31862
31864 #EA 16708 2778
31865 #EA 31864 2682
31866 #EA 24233 31865
31867 #EA 31866 31787
31868 #EA 31867 911
31869 #EA 31868 4377
31870 #EA 31869 2591
31871 #EA 31870 939
31872 #EP #BD 188 31863 31871
31873 #EP #BD 188 31846 31872
31874 #EA 31604 31873
31875 #EA 31874 2593
31876 #EA 31875 2591
31877 #EA 31876 698
31878 #EA 31877 121
31879 #EA 31878 5
5322 #NI 5305 1246
31880 #EA 31632 2593
31881 #EA 31880 7378
31882 #EA 31881 698
31883 #EA 26961 2682
31884 #EA 25328 5
31885 #EA 31884 860
31886 #EA 31641 2778
31887 #EA 31886 7386
31888 #EA 31887 860
31889 #EA 16708 2593
31890 #EA 31889 2591
31891 #EA 31545 31890
31892 #EA 31891 31646
31893 #EA 22559 25545
31894 #EA 16708 2855
31895 #EA 31894 2801
31896 #EA 31893 31895
31897 #EA 31896 31848
31898 #EA 15037 31897
31899 #EA 31898 2582
31900 #EA 31893 31655
31901 #EA 31900 31657
31902 #EA 31899 31901
31903 #EA 25056 25545
31904 #EA 31903 82
31905 #EA 31904 939
31906 #EA 31905 911
31907 #EA 31906 910
31908 #EA 31907 10
31909 #EA 31908 698
31910 #EA 31902 31909
31911 #EA 16708 4379
31912 #EA 31911 2855
31913 #EA 25421 31912
31914 #EA 31913 31865
31915 #EA 31914 2591
31916 #EA 31915 24233
31917 #EA 31916 2799
31918 #EA 31917 2593
31919 #EP #BD 188 31910 31918
31920 #EP #BD 188 31892 31919
31921 #EP #BD 2886 31888 31920
31922 #EP #BD 5319 31885 31921
31923 #EL #BI 5315 7378 31922
31924 #EA 31883 31923
31925 #EA 25581 2682
31926 #EA 31925 698
5323 #NI 5309 1248
31927 #EA 31641 2682
31928 #EA 31927 7386
31929 #EA 31928 698
31930 #EA 31679 2778
31931 #EA 25786 5
31932 #EA 31931 860
31933 #EA 31545 31848
31934 #EA 31933 31657
31935 #EA 22559 25375
31936 #EA 31935 31912
31937 #EA 31936 31865
31938 #EA 15037 31937
31939 #EA 31938 2591
31940 #EA 31911 10
31941 #EA 31935 31940
31942 #EA 31941 31693
31943 #EA 31939 31942
31944 #EA 25056 25375
31945 #EA 31944 4379
31946 #EA 31945 2536
31947 #EA 31946 10
31948 #EA 31947 911
31949 #EA 31948 121
31950 #EA 31949 8
31951 #EA 31943 31950
31952 #EA 16708 4377
31953 #EA 31952 4379
31954 #EA 25374 31953
31955 #EA 31954 31650
31956 #EA 31955 2593
31957 #EA 31956 25327
31958 #EA 31957 2801
31959 #EA 31958 2682
31960 #EP #BD 188 31951 31959
31961 #EP #BD 188 31934 31960
31962 #EP #BD 5320 31932 31961
31963 #EL #BI 5317 7386 31962
31964 #EA 31930 31963
31965 #EA 31648 2778
31966 #EA 31965 698
5324 #NI 4781 1250
31967 #EA 31896 31657
31968 #EA 31899 31967
31969 #EA 31903 2855
31970 #EA 31969 939
31971 #EA 31970 2801
31972 #EA 31971 910
31973 #EA 31972 82
31974 #EA 31973 8
31975 #EA 31968 31974
31976 #EP #BD 188 31975 31918
31977 #EA 31604 31976
31978 #EA 31977 2682
31979 #EA 31978 2593
31980 #EA 31979 939
31981 #EA 31980 910
31982 #EA 31981 5
5325 #NI 5305 1251
31983 #EA 31632 2682
31984 #EA 31983 7378
31985 #EA 31984 939
31986 #EA 26961 2778
31987 #EA 25427 4377
31988 #EA 31987 5
31989 #EA 31641 2799
31990 #EA 31989 7386
31991 #EA 31990 2536
31992 #EA 22559 25811
31993 #EA 16708 24198
31994 #EA 31993 4431
31995 #EA 31992 31994
31996 #EA 31995 31895
31997 #EA 15037 31996
31998 #EA 31997 2778
31999 #EA 31509 2582
32000 #EA 31995 31999
32001 #EA 31998 32000
32002 #EA 25056 25811
32003 #EA 32002 24198
32004 #EA 32003 10
32005 #EA 32004 4431
32006 #EA 32005 2582
32007 #EA 32006 8
32008 #EA 32007 366
32009 #EA 32001 32008
32010 #EA 16708 24216
32011 #EA 32010 24198
32012 #EA 25432 32011
32013 #EA 32012 31912
32014 #EA 32013 2799
32015 #EA 32014 25421
32016 #EA 32015 4377
32017 #EA 32016 2801
32018 #EP #BD 188 32009 32017
32019 #EP #BD 2886 31991 32018
32020 #EP #BD 5319 31988 32019
32021 #EL #BI 5316 7378 32020
32022 #EA 31986 32021
32023 #EA 25375 4379
32024 #EA 32023 2778
5326 #NI 5309 1253
32025 #EA 31887 939
32026 #EA 31679 2799
32027 #EA 31992 4431
32028 #EA 32027 5
32029 #EA 22559 25690
32030 #EA 32029 32011
32031 #EA 32030 31912
32032 #EA 15037 32031
32033 #EA 32032 2799
32034 #EA 31911 8
32035 #EA 32030 32034
32036 #EA 32033 32035
32037 #EA 25056 25690
32038 #EA 32037 24216
32039 #EA 32038 4379
32040 #EA 32039 24198
32041 #EA 32040 8
32042 #EA 32041 82
32043 #EA 32042 5
32044 #EA 32036 32043
32045 #EA 16708 24233
32046 #EA 32045 24216
32047 #EA 25655 32046
32048 #EA 32047 31953
32049 #EA 32048 2801
32050 #EA 32049 25374
32051 #EA 32050 4431
32052 #EA 32051 2855
32053 #EP #BD 188 32044 32052
32054 #EP #BD 5320 32028 32053
32055 #EL #BI 5318 7386 32054
32056 #EA 32026 32055
32057 #EA 27923 4377
32058 #EA 32057 2799
5327 #NI 4781 1255
32059 #EA 31998 31996
32060 #EA 32003 2855
32061 #EA 32060 4431
32062 #EA 32061 2801
32063 #EA 32062 10
32064 #EA 32063 5
32065 #EA 32059 32064
32066 #EA 2624 32031
32067 #EA 32040 2855
32068 #EA 32067 82
32069 #EA 32068 8
32070 #EA 32066 32069
32071 #EA 32048 5
32072 #EA 32071 25374
32073 #EA 32072 4431
32074 #EA 32073 2855
32075 #EL #BD 5230 32031 32074
32076 #EA 32070 32075
32077 #EA 21918 32046
32078 #EA 64 32077
32079 #EA 16708 4431
32080 #EA 32079 4377
32081 #EA 21918 32080
32082 #EA 3877 32081
32083 #EA 16708 25325
32084 #EA 32083 25327
32085 #EA 25608 32084
32086 #EA 32085 31994
32087 #EA 25056 25959
32088 #EA 32087 25325
32089 #EA 32088 24198
32090 #EA 32089 25327
32091 #EA 32090 4431
32092 #EA 32091 698
32093 #EA 32092 121
32094 #EA 32086 32093
32095 #EA 32094 10
32096 #EA 32095 8
32097 #EA 32096 5
32098 #EP #BD 5254 32082 32097
32099 #EP #BD 5246 32078 32098
32100 #EL #BD 86 0 32099
32101 #EA 1871 32100
32102 #EA 32101 25421
32103 #EA 21918 32011
32104 #EA 6178 32103
32105 #EA 21918 31953
32106 #EA 6178 32105
32107 #EA 25333 25327
32108 #EA 32107 24233
32109 #EA 32108 4431
32110 #EA 32109 4377
32111 #EA 32110 366
32112 #EA 32111 82
32113 #EA 32112 8
32114 #EA 32113 5
32115 #EL #BD 5254 32106 32114
32116 #EL #BD 5246 32104 32115
32117 #EA 32102 32116
5328 #NI 4501 1257
32118 #EA 11570 32077
32119 #EA 11576 32081
32120 #EA 25333 25325
32121 #EA 32120 25327
32122 #EA 32121 24198
32123 #EA 32122 4431
32124 #EA 32123 698
32125 #EA 32124 121
32126 #EA 32125 10
32127 #EA 32126 8
32128 #EA 32127 5
32129 #EL #BD 5254 32119 32128
32130 #EL #BD 5246 32118 32129
32131 #EL #BD 5328 0 32130
32132 #EA 32117 32131
32133 #EA 32132 4377
32134 #EA 32133 2801
32135 #EA 32076 32134
32136 #EA 32135 2799
32137 #EA 2761 32031
32138 #EA 32137 2799
32139 #EA 32138 32069
32140 #EA 15124 32031
32141 #EA 32140 2799
32142 #EA 32141 32069
32143 #EA 32142 5
32144 #EA 32139 32143
32145 #EA 32136 32144
32146 #EL #BD 5327 32065 32145
32147 #EL #BD 5320 32058 32146
32148 #EA 32056 32147
32149 #EA 32148 2536
32150 #EA 31731 2799
32151 #EA 32150 2536
32152 #EA 32151 5
32153 #EA 32149 32152
32154 #EA 32153 121
32155 #EL #BD 5326 32025 32154
32156 #EL #BD 5319 32024 32155
32157 #EA 32022 32156
32158 #EA 32157 2536
32159 #EA 31741 2778
32160 #EA 32159 2536
32161 #EA 32160 5
32162 #EA 32158 32161
32163 #EA 32162 121
32164 #EL #BD 5325 31985 32163
32165 #EA 31982 32164
32166 #EL #BD 5324 31892 32165
32167 #EL #BD 5320 31966 32166
32168 #EA 31964 32167
32169 #EA 32168 860
32170 #EA 31731 2778
32171 #EA 32170 860
32172 #EA 32171 5
32173 #EA 32169 32172
32174 #EA 32173 121
32175 #EL #BD 5323 31929 32174
32176 #EL #BD 5319 31926 32175
32177 #EA 31924 32176
32178 #EA 32177 860
32179 #EA 31741 2682
32180 #EA 32179 860
32181 #EA 32180 5
32182 #EA 32178 32181
32183 #EA 32182 82
32184 #EL #BD 5322 31882 32183
32185 #EA 31879 32184
32186 #EL #BD 5321 31845 32185
32187 #EL #BD 5320 31843 32186
32188 #EL #BD 5319 31841 32187
32189 #EL #BI 5318 7386 32188
32190 #EL #BI 5317 7386 32189
32191 #EL #BI 5316 7378 32190
32192 #EL #BI 5315 7378 32191
32193 #EA 31839 32192
32194 #EA 31757 31359
32195 #EA 32193 32194
32196 #EA 31757 16710
32197 #EA 32195 32196
32198 #EA 31574 16710
32199 #EA 15113 32198
32200 #EA 32199 5
32201 #EA 32197 32200
32202 #EL #BD 5230 31774 32201
32203 #EL #BD 5254 31771 32202
32204 #EL #BD 5313 7386 32203
32205 #EL #BD 5312 7378 32204
32206 #EA 31769 32205
32207 #EA 32206 698
32208 #EA 32207 8
32209 #EL #BD 5246 31512 32208
32210 #EL #BD 5230 31508 32209
32211 #EL #BD 5285 7386 32210
32212 #EL #BD 5284 7378 32211
32213 #EA 31505 32212
32214 #EA 32213 366
32215 #EA 32214 82
32216 #EL #BD 113 31412 32215
32217 #EL #BD 112 31379 32216
32218 #EL #BD 5254 31342 32217
32219 #EL #BD 5246 21924 32218
32220 #EL #BD 5238 0 32219
32221 #EL #BD 5230 22862 32220
32222 #EL #BD 5222 7386 32221
32223 #EL #BD 5214 7386 32222
32224 #EL #BD 75 31348 32223
32225 #EL #BI 4227 20069 32224
32226 #EL #BI 4010 15810 32225
#DEF 5206 31425 32226 
32227 #EA 21856 8
32228 #EP #BD 22 22856 32227
32229 #EP #BI 39 7378 32228
32230 #EP #BI 76 7378 32229
32231 #EP #BI 4227 20069 32230
32232 #EP #BI 4010 15810 32231
5329 #NI 4479 66
5330 #NI 4479 67
5331 #NI 4479 68
32233 #EC 4429 0
32234 #EA 32233 121
32235 #EA 32234 82
32236 #EA 22524 8
32237 #EA 32236 5
32238 #EA 21824 10
32239 #EA 32238 8
32240 #EL #BD 5331 32237 32239
32241 #EL #BD 5330 7378 32240
32242 #EL #BD 5329 7378 32241
32243 #EA 32235 32242
5332 #NI 4479 1013
5333 #NI 4479 1014
5334 #NI 4479 1015
5335 #NI 4479 1016
5336 #NI 4479 1017
5337 #NI 4479 1018
32244 #EA 21935 366
32245 #EA 32244 10
32246 #EA 32245 8
32247 #EA 21838 32246
32248 #EA 21936 10
32249 #EA 32248 5
32250 #EA 32247 32249
32251 #EP #BD 5337 31342 32250
32252 #EP #BD 5336 21924 32251
32253 #EP #BD 5335 0 32252
32254 #EL #BD 5334 22562 32253
32255 #EL #BD 5333 7386 32254
32256 #EL #BD 5332 7386 32255
32257 #EA 32243 32256
32258 #EA 32257 10
32259 #EA 32258 8
32260 #EA 32259 5
32261 #EC 4424 0
32262 #EA 32261 860
32263 #EA 32262 698
32264 #EA 22497 8
32265 #EA 32264 5
32266 #EA 21838 10
32267 #EA 32266 8
32268 #EL #BD 5331 32265 32267
32269 #EL #BD 5330 7378 32268
32270 #EL #BD 5329 7378 32269
32271 #EA 32263 32270
32272 #EA 22010 32246
32273 #EA 32272 32249
32274 #EP #BD 5337 31342 32273
32275 #EP #BD 5336 21924 32274
32276 #EP #BD 5335 0 32275
32277 #EL #BD 5334 23528 32276
32278 #EL #BD 5333 7386 32277
32279 #EL #BD 5332 7386 32278
32280 #EA 32271 32279
32281 #EA 32280 10
32282 #EA 32281 8
32283 #EA 32282 5
32284 #EC 4450 
32285 #EA 32284 910
32286 #EA 32285 860
5338 #NI 4479 1258
32287 #EA 32261 2536
32288 #EA 32287 939
32289 #EA 22590 8
32290 #EA 32289 5
32291 #EA 22287 10
32292 #EA 32291 8
32293 #EL #BD 5331 32290 32292
32294 #EL #BD 5330 7378 32293
32295 #EL #BD 5329 7378 32294
32296 #EA 32288 32295
32297 #EA 21790 2799
32298 #EA 32297 2778
32299 #EA 32298 32246
32300 #EA 32299 32249
32301 #EP #BD 5337 31342 32300
32302 #EP #BD 5336 21924 32301
32303 #EP #BD 5335 0 32302
32304 #EL #BD 5334 24002 32303
32305 #EL #BD 5333 7386 32304
32306 #EL #BD 5332 7386 32305
32307 #EA 32296 32306
32308 #EA 32307 10
32309 #EA 32308 8
32310 #EA 32309 5
32311 #EA 22006 82
32312 #EA 32311 10
32313 #EP #BD 5338 32310 32312
32314 #EL #BD 4478 23564 32313
32315 #EL #BD 4470 7378 32314
32316 #EL #BD 4462 7378 32315
32317 #EA 32286 32316
32318 #EA 32317 82
32319 #EA 32318 10
32320 #EA 32319 8
32321 #EA 32261 911
32322 #EA 32321 910
32323 #EA 22654 8
32324 #EA 32323 5
32325 #EA 22006 10
32326 #EA 32325 8
32327 #EL #BD 5331 32324 32326
32328 #EL #BD 5330 7378 32327
32329 #EL #BD 5329 7378 32328
32330 #EA 32322 32329
32331 #EA 22078 32246
32332 #EA 32331 32249
32333 #EP #BD 5337 31342 32332
32334 #EP #BD 5336 21924 32333
32335 #EP #BD 5335 0 32334
32336 #EL #BD 5334 23012 32335
32337 #EL #BD 5333 7386 32336
32338 #EL #BD 5332 7386 32337
32339 #EA 32330 32338
32340 #EA 32339 16418
32341 #EA 32340 16418
32342 #EA 23597 911
32343 #EA 32342 910
32344 #EA 32341 32343
32345 #EC 4335 
32346 #EA 32345 939
32347 #EA 32346 911
32348 #EL #BD 5338 32344 32347
32349 #EL #BD 173 333 32348
32350 #EA 32320 32349
32351 #EA 32261 939
32352 #EA 32351 911
32353 #EA 24612 5
32354 #EA 22010 10
32355 #EA 32354 8
32356 #EL #BD 5331 32353 32355
32357 #EL #BD 5330 7378 32356
32358 #EL #BD 5329 7378 32357
32359 #EA 32352 32358
32360 #EA 31506 8
32361 #EA 32360 5
32362 #EA 22089 32246
32363 #EA 32362 32249
32364 #EP #BD 5337 31342 32363
32365 #EP #BD 5336 21924 32364
32366 #EP #BD 5335 0 32365
32367 #EL #BD 5334 32361 32366
32368 #EL #BD 5333 7386 32367
32369 #EL #BD 5332 7386 32368
32370 #EA 32359 32369
32371 #EA 32370 16941
32372 #EA 32371 16941
32373 #EA 32372 23615
32374 #EC 4336 
32375 #EA 32374 2536
32376 #EA 32375 939
32377 #EA 32376 10
32378 #EA 32377 8
32379 #EL #BD 5338 32373 32378
32380 #EL #BD 59 7378 32379
32381 #EL #BD 4 7288 32380
32382 #EA 32350 32381
32383 #EA 32339 16439
32384 #EA 32383 16439
32385 #EA 32384 23632
32386 #EC 4337 
32387 #EA 32386 939
32388 #EA 32387 911
32389 #EA 32388 8
32390 #EL #BD 5338 32385 32389
32391 #EL #BD 86 7286 32390
32392 #EA 32382 32391
32393 #EA 32339 16687
32394 #EA 32393 16687
32395 #EA 32394 23649
32396 #EC 4338 
32397 #EA 32396 939
32398 #EA 32397 911
32399 #EA 32398 8
32400 #EL #BD 5338 32395 32399
32401 #EL #BD 408 7404 32400
32402 #EA 32392 32401
32403 #EA 32370 16979
32404 #EA 32403 16979
32405 #EA 32404 23666
32406 #EC 4339 
32407 #EA 32406 2536
32408 #EA 32407 939
32409 #EA 32408 10
32410 #EA 32409 8
32411 #EL #BD 5338 32405 32410
32412 #EL #BD 1571 0 32411
32413 #EL #BD 3321 7402 32412
32414 #EA 32402 32413
32415 #EA 23160 16461
32416 #EA 23200 8
32417 #EA 22614 21876
32418 #EA 32417 860
32419 #EA 32261 2799
32420 #EA 32419 2778
32421 #EA 23279 8
32422 #EA 32421 5
32423 #EA 21790 4379
32424 #EA 32423 2855
32425 #EA 32424 10
32426 #EA 32425 8
32427 #EL #BD 5331 32422 32426
32428 #EL #BD 5330 7378 32427
32429 #EL #BD 5329 7378 32428
32430 #EA 32420 32429
32431 #EA 21790 24198
32432 #EA 32431 4431
32433 #EA 32432 32246
32434 #EA 32433 32249
32435 #EP #BD 5337 31342 32434
32436 #EP #BD 5336 21924 32435
32437 #EP #BD 5335 0 32436
32438 #EL #BD 5334 25272 32437
32439 #EL #BD 5333 7386 32438
32440 #EL #BD 5332 7386 32439
32441 #EA 32430 32440
32442 #EA 32441 26438
32443 #EA 32442 910
32444 #EA 23727 2799
32445 #EA 32444 2778
32446 #EA 32445 860
32447 #EA 32446 698
32448 #EA 32447 366
32449 #EA 32448 121
32450 #EA 32449 82
32451 #EA 32450 910
32452 #EA 32451 10
32453 #EA 32452 8
32454 #EA 32453 5
32455 #EA 32443 32454
32456 #EC 4340 
32457 #EA 32456 2801
32458 #EA 32457 2799
32459 #EA 32458 910
32460 #EA 32459 860
32461 #EA 32460 698
32462 #EA 32461 366
32463 #EA 32462 121
32464 #EA 32463 911
32465 #EA 32464 17392
32466 #EJ 70 0 17396
32467 #EA 32465 32466
32468 #EJ 70 1 17395
32469 #EJ 70 0 32468
32470 #EA 32467 32469
32471 #EL #BD 5338 32455 32470
32472 #EL #BD 4519 32418 32471
32473 #EL #BD 1519 32416 32472
32474 #EL #BD 4518 32415 32473
32475 #EL #BD 4517 7378 32474
32476 #EL #BD 4509 7378 32475
32477 #EL #BD 4502 7288 32476
32478 #EL #BD 4495 7378 32477
32479 #EL #BD 4488 7378 32478
32480 #EL #BD 4480 7378 32479
32481 #EA 32414 32480
32482 #EA 32261 2591
32483 #EA 32482 2582
32484 #EA 22610 8
32485 #EA 32484 5
32486 #EA 22089 10
32487 #EA 32486 8
32488 #EL #BD 5331 32485 32487
32489 #EL #BD 5330 7378 32488
32490 #EL #BD 5329 7378 32489
32491 #EA 32483 32490
32492 #EA 31529 8
32493 #EA 32492 5
32494 #EA 21790 2855
32495 #EA 32494 2801
32496 #EA 32495 32246
32497 #EA 32496 32249
32498 #EP #BD 5337 31342 32497
32499 #EP #BD 5336 21924 32498
32500 #EP #BD 5335 0 32499
32501 #EL #BD 5334 32493 32500
32502 #EL #BD 5333 7386 32501
32503 #EL #BD 5332 7386 32502
32504 #EA 32491 32503
32505 #EA 32504 20239
32506 #EA 32505 16418
32507 #EA 23828 2591
32508 #EA 32507 2582
32509 #EA 32508 121
32510 #EA 32509 82
32511 #EA 32510 10
32512 #EA 32511 8
32513 #EA 32512 5
32514 #EA 32506 32513
32515 #EC 4342 
32516 #EA 32515 2593
32517 #EA 32516 2591
32518 #EA 32517 366
32519 #EA 32518 121
32520 #EA 32519 82
32521 #EA 32520 17392
32522 #EA 32521 17396
32523 #EL #BD 5338 32514 32522
32524 #EL #BD 1519 23803 32523
32525 #EL #BD 4518 23801 32524
32526 #EL #BD 4522 7378 32525
32527 #EL #BD 4521 7378 32526
32528 #EL #BD 4520 7378 32527
32529 #EA 32481 32528
32530 #EA 22590 10
32531 #EA 32530 5
32532 #EA 22714 26470
32533 #EA 32532 366
32534 #EA 32261 2682
32535 #EA 32534 2593
32536 #EA 26497 5
32537 #EA 21790 2801
32538 #EA 32537 2799
32539 #EA 32538 10
32540 #EA 32539 8
32541 #EL #BD 5331 32536 32540
32542 #EL #BD 5330 7378 32541
32543 #EL #BD 5329 7378 32542
32544 #EA 32535 32543
32545 #EA 31772 8
32546 #EA 32545 5
32547 #EA 21790 4377
32548 #EA 32547 4379
32549 #EA 32548 32246
32550 #EA 32549 32249
32551 #EP #BD 5337 31342 32550
32552 #EP #BD 5336 21924 32551
32553 #EP #BD 5335 0 32552
32554 #EL #BD 5334 32546 32553
32555 #EL #BD 5333 7386 32554
32556 #EL #BD 5332 7386 32555
32557 #EA 32544 32556
32558 #EA 32557 20218
32559 #EA 32558 698
32560 #EA 23908 2682
32561 #EA 32560 2593
32562 #EA 32561 366
32563 #EA 32562 121
32564 #EA 32563 82
32565 #EA 32564 10
32566 #EA 32565 698
32567 #EA 32566 8
32568 #EA 32567 5
32569 #EA 32559 32568
32570 #EC 4343 
32571 #EA 32570 2778
32572 #EA 32571 2682
32573 #EA 32572 698
32574 #EA 32573 366
32575 #EA 32574 121
32576 #EA 32575 82
32577 #EA 32576 860
32578 #EA 32577 17392
32579 #EA 32578 17396
32580 #EL #BD 5338 32569 32579
32581 #EL #BD 4519 32533 32580
32582 #EL #BD 4542 32531 32581
32583 #EL #BD 4541 7378 32582
32584 #EL #BD 4533 7378 32583
32585 #EL #BD 4532 7378 32584
32586 #EL #BD 4524 7288 32585
32587 #EL #BD 4523 7378 32586
32588 #EA 32529 32587
32589 #EA 23959 8
32590 #EA 21893 32589
32591 #EA 32590 26495
32592 #EA 24612 82
32593 #EA 32504 26499
32594 #EA 32593 121
32595 #EA 23973 2591
32596 #EA 32595 2582
32597 #EA 32596 82
32598 #EA 32597 10
32599 #EA 32598 121
32600 #EA 32599 8
32601 #EA 32600 5
32602 #EA 32594 32601
32603 #EC 4345 
32604 #EA 32603 2593
32605 #EA 32604 2591
32606 #EA 32605 121
32607 #EA 32606 82
32608 #EA 32607 366
32609 #EA 32608 10
32610 #EA 32609 425
32611 #EL #BD 5338 32602 32610
32612 #EL #BD 4519 32592 32611
32613 #EL #BD 4558 32591 32612
32614 #EL #BD 4557 7378 32613
32615 #EL #BD 4551 7297 32614
32616 #EL #BD 4543 7378 32615
32617 #EA 32588 32616
32618 #EA 32261 2593
32619 #EA 32618 2591
32620 #EA 22614 8
32621 #EA 32620 5
32622 #EA 32298 10
32623 #EA 32622 8
32624 #EL #BD 5331 32621 32623
32625 #EL #BD 5330 7378 32624
32626 #EL #BD 5329 7378 32625
32627 #EA 32619 32626
32628 #EA 31514 8
32629 #EA 32628 5
32630 #EA 32424 32246
32631 #EA 32630 32249
32632 #EP #BD 5337 31342 32631
32633 #EP #BD 5336 21924 32632
32634 #EP #BD 5335 0 32633
32635 #EL #BD 5334 32629 32634
32636 #EL #BD 5333 7386 32635
32637 #EL #BD 5332 7386 32636
32638 #EA 32627 32637
32639 #EA 32638 20271
32640 #EA 32639 22564
32641 #EA 24015 2593
32642 #EA 32641 2591
32643 #EA 32642 366
32644 #EA 32643 121
32645 #EA 32644 82
32646 #EA 32645 10
32647 #EA 32646 8
32648 #EA 32647 5
32649 #EA 32640 32648
32650 #EC 4346 
32651 #EA 32650 2682
32652 #EA 32651 2593
32653 #EA 32652 698
32654 #EA 32653 366
32655 #EA 32654 121
32656 #EA 32655 82
32657 #EA 32656 10
32658 #EC 5068 
32659 #EA 32658 7378
32660 #EA 32659 7378
32661 #EA 32660 22610
32662 #EA 32661 82
32663 #EA 32662 10
32664 #EA 32663 8
32665 #EA 32657 32664
5339 #NS 0 hi
32666 #EA 64 21942
32667 #EA 8276 8
32668 #EA 32667 5
32669 #EA 1970 21944
5340 #NI 4479 311
5341 #NI 4781 312
32670 #EA 21918 698
32671 #EA 1972 32670
32672 #EA 32671 5
32673 #EL #BD 5341 32672 9305
32674 #EL #BD 5340 0 32673
32675 #EA 32669 32674
32676 #EA 32675 5
32677 #EA 32676 21942
32678 #EA 32660 23043
32679 #EA 32678 366
32680 #EA 32679 121
32681 #EA 32680 82
32682 #EA 32677 32681
32683 #EA 32668 32682
32684 #EL #BD 5339 32666 32683
32685 #EL #BD 1571 0 32684
32686 #EA 32665 32685
32687 #EL #BD 5338 32649 32686
32688 #EL #BD 4349 24002 32687
32689 #EL #BD 4589 7386 32688
32690 #EL #BD 4581 7386 32689
32691 #EL #BD 4573 0 32690
32692 #EL #BD 4566 7300 32691
32693 #EL #BD 1513 23999 32692
32694 #EA 32617 32693
32695 #EA 32504 21982
32696 #EA 32695 21982
32697 #EA 32696 24067
32698 #EC 4360 
32699 #EA 32698 2593
32700 #EA 32699 2591
32701 #EA 32700 366
32702 #EA 32701 121
32703 #EA 32702 82
32704 #EA 32703 10
32705 #EA 32704 8
32706 #EL #BD 5338 32697 32705
32707 #EL #BD 4606 24057 32706
32708 #EL #BD 4605 0 32707
32709 #EL #BD 4597 0 32708
32710 #EL #BD 4590 7300 32709
32711 #EL #BD 1513 24052 32710
32712 #EA 32694 32711
32713 #EA 32261 4379
32714 #EA 32713 2855
32715 #EA 24186 8
32716 #EA 32715 5
32717 #EA 32432 10
32718 #EA 32717 8
32719 #EL #BD 5331 32716 32718
32720 #EL #BD 5330 7378 32719
32721 #EL #BD 5329 7378 32720
32722 #EA 32714 32721
32723 #EA 22559 24186
32724 #EA 32723 8
32725 #EA 32724 5
32726 #EA 21790 25327
32727 #EA 32726 24233
32728 #EA 32727 32246
32729 #EA 32728 32249
32730 #EP #BD 5337 31342 32729
32731 #EP #BD 5336 21924 32730
32732 #EP #BD 5335 0 32731
32733 #EL #BD 5334 32725 32732
32734 #EL #BD 5333 7386 32733
32735 #EL #BD 5332 7386 32734
32736 #EA 32722 32735
32737 #EA 32736 22012
32738 #EA 32737 22020
32739 #EA 24114 4379
32740 #EA 32739 2855
32741 #EA 32740 2536
32742 #EA 32741 939
32743 #EA 32742 911
32744 #EA 32743 910
32745 #EA 32744 860
32746 #EA 32745 698
32747 #EA 32746 366
32748 #EA 32747 121
32749 #EA 32748 82
32750 #EA 32749 10
32751 #EA 32750 8
32752 #EA 32751 5
32753 #EA 32738 32752
32754 #EC 4362 
32755 #EA 32754 4377
32756 #EA 32755 4379
32757 #EA 32756 2582
32758 #EA 32757 2536
32759 #EA 32758 939
32760 #EA 32759 911
32761 #EA 32760 910
32762 #EA 32761 860
32763 #EA 32762 698
32764 #EA 32763 366
32765 #EA 32764 17392
32766 #EA 32765 82
32767 #EA 32766 10
32768 #EA 32767 17396
32769 #EL #BD 5338 32753 32768
32770 #EL #BD 1519 24091 32769
32771 #EL #BD 4621 22004 32770
32772 #EL #BD 4606 24089 32771
32773 #EL #BD 4518 24084 32772
32774 #EL #BD 4620 0 32773
32775 #EL #BD 4619 7386 32774
32776 #EL #BD 4618 0 32775
32777 #EL #BD 4617 7300 32776
32778 #EL #BD 4616 7378 32777
32779 #EL #BD 4608 7378 32778
32780 #EL #BD 4607 7378 32779
32781 #EL #BD 1513 24052 32780
32782 #EA 32712 32781
32783 #EA 21914 910
32784 #EA 1666 32783
32785 #EA 32784 1509
32786 #EA 24179 860
32787 #EA 1666 32786
32788 #EA 32787 1509
32789 #EA 23279 366
32790 #EA 32789 26554
32791 #EA 24186 26569
32792 #EA 32791 2591
32793 #EA 32261 24198
32794 #EA 32793 4431
32795 #EA 31638 8
32796 #EA 32795 5
32797 #EA 32727 10
32798 #EA 32797 8
32799 #EL #BD 5331 32796 32798
32800 #EL #BD 5330 7378 32799
32801 #EL #BD 5329 7378 32800
32802 #EA 32794 32801
32803 #EA 22559 31638
32804 #EA 32803 8
32805 #EA 32804 5
32806 #EA 21790 25421
32807 #EA 32806 25333
32808 #EA 32807 32246
32809 #EA 32808 32249
32810 #EP #BD 5337 31342 32809
32811 #EP #BD 5336 21924 32810
32812 #EP #BD 5335 0 32811
32813 #EL #BD 5334 32805 32812
32814 #EL #BD 5333 7386 32813
32815 #EL #BD 5332 7386 32814
32816 #EA 32802 32815
32817 #EA 32816 26576
32818 #EA 32817 2593
32819 #EA 24232 24198
32820 #EA 32819 4431
32821 #EA 32820 2591
32822 #EA 32821 2582
32823 #EA 32822 2536
32824 #EA 32823 939
32825 #EA 32824 911
32826 #EA 32825 910
32827 #EA 32826 860
32828 #EA 32827 698
32829 #EA 32828 366
32830 #EA 32829 2593
32831 #EA 32830 121
32832 #EA 32831 82
32833 #EA 32832 10
32834 #EA 32833 8
32835 #EA 32834 5
32836 #EA 32818 32835
32837 #EC 4363 
32838 #EA 32837 24216
32839 #EA 32838 24198
32840 #EA 32839 2593
32841 #EA 32840 2591
32842 #EA 32841 2582
32843 #EA 32842 2536
32844 #EA 32843 939
32845 #EA 32844 911
32846 #EA 32845 910
32847 #EA 32846 860
32848 #EA 32847 698
32849 #EA 32848 2682
32850 #EA 32849 366
32851 #EA 32850 17392
32852 #EA 32851 82
32853 #EA 32852 10
32854 #EA 32853 17396
32855 #EL #BD 5338 32836 32854
32856 #EL #BD 4519 32792 32855
32857 #EL #BD 4662 26566 32856
32858 #EL #BD 4661 26561 32857
32859 #EL #BD 2264 32790 32858
32860 #EL #BD 4660 32788 32859
32861 #EL #BD 4659 7378 32860
32862 #EL #BD 4658 7393 32861
32863 #EL #BD 4650 7386 32862
32864 #EL #BD 4649 7396 32863
32865 #EL #BD 4641 7378 32864
32866 #EL #BD 4633 0 32865
32867 #EL #BD 4632 0 32866
32868 #EL #BD 4624 7300 32867
32869 #EL #BD 1513 32785 32868
32870 #EL #BD 4623 7378 32869
32871 #EA 32782 32870
32872 #EA 32784 1504
32873 #EA 32789 26617
32874 #EA 24312 24198
32875 #EA 32874 4431
32876 #EA 32875 2591
32877 #EA 32876 2582
32878 #EA 32877 2536
32879 #EA 32878 939
32880 #EA 32879 911
32881 #EA 32880 910
32882 #EA 32881 860
32883 #EA 32882 698
32884 #EA 32883 366
32885 #EA 32884 2593
32886 #EA 32885 121
32887 #EA 32886 82
32888 #EA 32887 10
32889 #EA 32888 8
32890 #EA 32889 5
32891 #EA 32818 32890
32892 #EC 4367 
32893 #EA 32892 24216
32894 #EA 32893 24198
32895 #EA 32894 2593
32896 #EA 32895 2591
32897 #EA 32896 2582
32898 #EA 32897 2536
32899 #EA 32898 939
32900 #EA 32899 911
32901 #EA 32900 910
32902 #EA 32901 860
32903 #EA 32902 698
32904 #EA 32903 2682
32905 #EA 32904 366
32906 #EA 32905 17392
32907 #EA 32906 82
32908 #EA 32907 10
32909 #EA 32908 17396
32910 #EL #BD 5338 32891 32909
32911 #EL #BD 4519 32792 32910
32912 #EL #BD 4662 26566 32911
32913 #EL #BD 4661 26561 32912
32914 #EL #BD 2264 32873 32913
32915 #EL #BD 4660 32788 32914
32916 #EL #BD 4679 7378 32915
32917 #EL #BD 4678 7393 32916
32918 #EL #BD 4677 7386 32917
32919 #EL #BD 4669 7396 32918
32920 #EL #BD 4668 7378 32919
32921 #EL #BD 4667 0 32920
32922 #EL #BD 4666 0 32921
32923 #EL #BD 4665 7300 32922
32924 #EL #BD 1513 32872 32923
32925 #EL #BD 4664 7378 32924
32926 #EA 32871 32925
32927 #EA 22132 910
32928 #EA 1666 32927
32929 #EA 32928 1504
32930 #EA 24370 121
32931 #EA 1666 32930
32932 #EA 32931 1504
32933 #EA 22614 82
32934 #EA 32933 16418
32935 #EA 23043 26665
32936 #EA 32935 910
32937 #EA 32261 2801
32938 #EA 32937 2799
32939 #EA 23084 8
32940 #EA 32939 5
32941 #EA 32548 10
32942 #EA 32941 8
32943 #EL #BD 5331 32940 32942
32944 #EL #BD 5330 7378 32943
32945 #EL #BD 5329 7378 32944
32946 #EA 32938 32945
32947 #EA 21790 24216
32948 #EA 32947 24198
32949 #EA 32948 32246
32950 #EA 32949 32249
32951 #EP #BD 5337 31342 32950
32952 #EP #BD 5336 21924 32951
32953 #EP #BD 5335 0 32952
32954 #EL #BD 5334 31778 32953
32955 #EL #BD 5333 7386 32954
32956 #EL #BD 5332 7386 32955
32957 #EA 32946 32956
32958 #EA 32957 26674
32959 #EA 32958 911
32960 #EA 24410 2801
32961 #EA 32960 2799
32962 #EA 32961 910
32963 #EA 32962 860
32964 #EA 32963 698
32965 #EA 32964 366
32966 #EA 32965 121
32967 #EA 32966 82
32968 #EA 32967 911
32969 #EA 32968 10
32970 #EA 32969 8
32971 #EA 32970 5
32972 #EA 32959 32971
32973 #EC 4369 
32974 #EA 32973 2855
32975 #EA 32974 2801
32976 #EA 32975 911
32977 #EA 32976 910
32978 #EA 32977 860
32979 #EA 32978 698
32980 #EA 32979 366
32981 #EA 32980 121
32982 #EA 32981 939
32983 #EA 32982 82
32984 #EA 32983 17392
32985 #EA 32984 17396
32986 #EL #BD 5338 32972 32985
32987 #EL #BD 4519 32936 32986
32988 #EL #BD 2264 32934 32987
32989 #EL #BD 1893 32932 32988
32990 #EL #BD 4686 7378 32989
32991 #EL #BD 4685 7393 32990
32992 #EL #BD 4684 7378 32991
32993 #EL #BD 4683 0 32992
32994 #EL #BD 4682 7300 32993
32995 #EL #BD 4370 32929 32994
32996 #EL #BD 4681 7378 32995
32997 #EA 32926 32996
32998 #EA 24467 26699
32999 #EA 1666 32998
33000 #EA 32999 1509
33001 #EA 22610 82
33002 #EA 33001 26707
33003 #EA 25223 910
33004 #EA 32957 26721
33005 #EA 33004 911
33006 #EA 24499 2801
33007 #EA 33006 2799
33008 #EA 33007 910
33009 #EA 33008 860
33010 #EA 33009 698
33011 #EA 33010 366
33012 #EA 33011 121
33013 #EA 33012 911
33014 #EA 33013 82
33015 #EA 33014 10
33016 #EA 33015 8
33017 #EA 33016 5
33018 #EA 33005 33017
33019 #EC 4371 
33020 #EA 33019 2855
33021 #EA 33020 2801
33022 #EA 33021 911
33023 #EA 33022 910
33024 #EA 33023 860
33025 #EA 33024 698
33026 #EA 33025 366
33027 #EA 33026 939
33028 #EA 33027 121
33029 #EA 33028 17392
33030 #EA 33029 10
33031 #EA 33030 17396
33032 #EL #BD 5338 33018 33031
33033 #EL #BD 4542 33003 33032
33034 #EL #BD 4661 26717 33033
33035 #EL #BD 2264 33002 33034
33036 #EL #BD 4660 33000 33035
33037 #EL #BD 4699 7378 33036
33038 #EL #BD 4698 7386 33037
33039 #EL #BD 4697 7378 33038
33040 #EL #BD 4696 7310 33039
33041 #EL #BD 1513 32785 33040
33042 #EL #BD 4688 7378 33041
33043 #EA 32997 33042
33044 #EA 33001 26752
33045 #EA 24564 2801
33046 #EA 33045 2799
33047 #EA 33046 910
33048 #EA 33047 860
33049 #EA 33048 698
33050 #EA 33049 366
33051 #EA 33050 121
33052 #EA 33051 911
33053 #EA 33052 82
33054 #EA 33053 10
33055 #EA 33054 8
33056 #EA 33055 5
33057 #EA 33005 33056
33058 #EC 4372 
33059 #EA 33058 2855
33060 #EA 33059 2801
33061 #EA 33060 911
33062 #EA 33061 910
33063 #EA 33062 860
33064 #EA 33063 698
33065 #EA 33064 366
33066 #EA 33065 939
33067 #EA 33066 121
33068 #EA 33067 17392
33069 #EA 33068 10
33070 #EA 33069 17396
33071 #EL #BD 5338 33057 33070
33072 #EL #BD 4542 33003 33071
33073 #EL #BD 4661 26717 33072
33074 #EL #BD 2264 33044 33073
33075 #EL #BD 4660 33000 33074
33076 #EL #BD 4705 7378 33075
33077 #EL #BD 4704 7386 33076
33078 #EL #BD 4703 7378 33077
33079 #EL #BD 4702 7310 33078
33080 #EL #BD 1513 32872 33079
33081 #EL #BD 4701 7378 33080
33082 #EA 33043 33081
33083 #EA 32504 20309
33084 #EA 33083 16418
33085 #EA 24625 2591
33086 #EA 33085 2582
33087 #EA 33086 121
33088 #EA 33087 82
33089 #EA 33088 10
33090 #EA 33089 8
33091 #EA 33090 5
33092 #EA 33084 33091
33093 #EC 4373 
33094 #EA 33093 2593
33095 #EA 33094 2591
33096 #EA 33095 366
33097 #EA 33096 121
33098 #EA 33097 82
33099 #EA 33098 10
33100 #EA 33099 425
33101 #EL #BD 5338 33092 33100
33102 #EL #BD 2264 24613 33101
33103 #EL #BD 1893 24611 33102
33104 #EL #BD 4708 7378 33103
33105 #EL #BD 4707 7310 33104
33106 #EL #BD 4370 24369 33105
33107 #EA 33082 33106
33108 #EA 21591 910
33109 #EA 1666 33108
33110 #EA 33109 1504
33111 #EA 23081 22322
33112 #EA 24662 698
33113 #EA 33112 366
33114 #EA 24666 26795
33115 #EA 33114 2582
33116 #EA 32261 4431
33117 #EA 33116 4377
33118 #EA 25317 8
33119 #EA 33118 5
33120 #EA 21790 24233
33121 #EA 33120 24216
33122 #EA 33121 10
33123 #EA 33122 8
33124 #EL #BD 5331 33119 33123
33125 #EL #BD 5330 7378 33124
33126 #EL #BD 5329 7378 33125
33127 #EA 33117 33126
33128 #EA 31606 8
33129 #EA 33128 5
33130 #EA 21790 25333
33131 #EA 33130 25325
33132 #EA 33131 32246
33133 #EA 33132 32249
33134 #EP #BD 5337 31342 33133
33135 #EP #BD 5336 21924 33134
33136 #EP #BD 5335 0 33135
33137 #EL #BD 5334 33129 33136
33138 #EL #BD 5333 7386 33137
33139 #EL #BD 5332 7386 33138
33140 #EA 33127 33139
33141 #EA 33140 23724
33142 #EA 33141 2591
33143 #EA 24702 4431
33144 #EA 33143 4377
33145 #EA 33144 2582
33146 #EA 33145 2536
33147 #EA 33146 939
33148 #EA 33147 911
33149 #EA 33148 910
33150 #EA 33149 860
33151 #EA 33150 698
33152 #EA 33151 366
33153 #EA 33152 2591
33154 #EA 33153 121
33155 #EA 33154 82
33156 #EA 33155 10
33157 #EA 33156 8
33158 #EA 33157 5
33159 #EA 33142 33158
33160 #EC 4374 
33161 #EA 33160 24198
33162 #EA 33161 4431
33163 #EA 33162 2591
33164 #EA 33163 2582
33165 #EA 33164 2536
33166 #EA 33165 939
33167 #EA 33166 911
33168 #EA 33167 910
33169 #EA 33168 860
33170 #EA 33169 698
33171 #EA 33170 2593
33172 #EA 33171 17392
33173 #EA 33172 32466
33174 #EA 33173 82
33175 #EA 33174 10
33176 #EA 33175 32469
33177 #EL #BD 5338 33159 33176
33178 #EL #BD 4747 33115 33177
33179 #EL #BD 4746 26787 33178
33180 #EL #BD 4661 22330 33179
33181 #EL #BD 1519 33113 33180
33182 #EL #BD 4518 33111 33181
33183 #EL #BD 4745 7386 33182
33184 #EL #BD 4737 7401 33183
33185 #EL #BD 4729 0 33184
33186 #EL #BD 4721 7402 33185
33187 #EL #BD 4713 7378 33186
33188 #EL #BD 4712 7378 33187
33189 #EL #BD 4711 7378 33188
33190 #EL #BD 4375 33110 33189
33191 #EL #BD 4710 7378 33190
33192 #EA 33107 33191
33193 #EA 32737 22338
33194 #EA 24797 4379
33195 #EA 33194 2855
33196 #EA 33195 2536
33197 #EA 33196 939
33198 #EA 33197 911
33199 #EA 33198 910
33200 #EA 33199 860
33201 #EA 33200 698
33202 #EA 33201 366
33203 #EA 33202 121
33204 #EA 33203 82
33205 #EA 33204 10
33206 #EA 33205 8
33207 #EA 33206 5
33208 #EA 33193 33207
33209 #EC 4378 
33210 #EA 33209 4377
33211 #EA 33210 4379
33212 #EA 33211 2582
33213 #EA 33212 2536
33214 #EA 33213 939
33215 #EA 33214 911
33216 #EA 33215 910
33217 #EA 33216 860
33218 #EA 33217 698
33219 #EA 33218 366
33220 #EA 33219 17392
33221 #EA 33220 17396
33222 #EA 33221 10
33223 #EA 33222 8
33224 #EL #BD 5338 33208 33223
33225 #EL #BD 4621 22332 33224
33226 #EL #BD 4661 22330 33225
33227 #EL #BD 1519 24783 33226
33228 #EL #BD 4518 24782 33227
33229 #EL #BD 4755 7386 33228
33230 #EL #BD 4754 7401 33229
33231 #EL #BD 4753 0 33230
33232 #EL #BD 4752 7402 33231
33233 #EL #BD 4751 7378 33232
33234 #EL #BD 4750 7378 33233
33235 #EL #BD 4749 7378 33234
33236 #EL #BD 4375 24658 33235
33237 #EA 33192 33236
33238 #EA 33109 1509
33239 #EA 25175 16665
33240 #EA 23279 26859
33241 #EA 33240 939
33242 #EA 32736 26863
33243 #EA 33242 2536
33244 #EA 24881 4379
33245 #EA 33244 2855
33246 #EA 33245 939
33247 #EA 33246 911
33248 #EA 33247 910
33249 #EA 33248 860
33250 #EA 33249 698
33251 #EA 33250 366
33252 #EA 33251 121
33253 #EA 33252 2536
33254 #EA 33253 82
33255 #EA 33254 10
33256 #EA 33255 8
33257 #EA 33256 5
33258 #EA 33243 33257
33259 #EC 4379 
33260 #EA 33259 4377
33261 #EA 33260 4379
33262 #EA 33261 2536
33263 #EA 33262 939
33264 #EA 33263 911
33265 #EA 33264 910
33266 #EA 33265 860
33267 #EA 33266 698
33268 #EA 33267 366
33269 #EA 33268 2582
33270 #EA 33269 17392
33271 #EA 33270 82
33272 #EA 33271 32466
33273 #EA 33272 32469
33274 #EL #BD 5338 33258 33273
33275 #EL #BD 4747 33241 33274
33276 #EL #BD 1519 33113 33275
33277 #EL #BD 4661 26852 33276
33278 #EL #BD 4518 33239 33277
33279 #EL #BD 4763 7401 33278
33280 #EL #BD 4762 0 33279
33281 #EL #BD 4761 7402 33280
33282 #EL #BD 4760 7378 33281
33283 #EL #BD 4759 7378 33282
33284 #EL #BD 4758 7378 33283
33285 #EL #BD 4375 33238 33284
33286 #EL #BD 4757 7378 33285
33287 #EA 33237 33286
33288 #EA 32557 22394
33289 #EA 33288 20239
33290 #EA 24972 2682
33291 #EA 33290 2593
33292 #EA 33291 698
33293 #EA 33292 366
33294 #EA 33293 121
33295 #EA 33294 82
33296 #EA 33295 10
33297 #EA 33296 8
33298 #EA 33297 5
33299 #EA 33289 33298
33300 #EC 4380 
33301 #EA 33300 2778
33302 #EA 33301 2682
33303 #EA 33302 860
33304 #EA 33303 698
33305 #EA 33304 366
33306 #EA 33305 121
33307 #EA 33306 17392
33308 #EA 33307 10
33309 #EA 33308 17396
33310 #EL #BD 5338 33299 33309
33311 #EL #BD 1519 24955 33310
33312 #EL #BD 4776 24954 33311
33313 #EL #BD 4518 24950 33312
33314 #EL #BD 4775 7378 33313
33315 #EL #BD 4774 7378 33314
33316 #EL #BD 4766 7378 33315
33317 #EL #BD 4765 7378 33316
33318 #EA 33287 33317
33319 #EA 33318 5
33320 #EL #BD 82 32283 33319
33321 #EL #BD 5331 32237 33320
33322 #EL #BD 5330 7378 33321
33323 #EL #BD 5329 7378 33322
33324 #EA 32260 33323
33325 #EC 4427 0
33326 #EA 33325 860
33327 #EA 33326 698
33328 #EA 33327 32270
33329 #EA 33328 32279
33330 #EA 33329 10
33331 #EA 33330 8
33332 #EA 33331 5
33333 #EA 3877 21942
33334 #EC 5206 
33335 #EA 33334 2536
33336 #EA 33335 939
5342 #NI 4479 1323
33337 #EA 33325 2799
33338 #EA 33337 2778
33339 #EA 33338 32429
33340 #EA 33339 32440
33341 #EA 33340 366
33342 #EA 33341 121
33343 #EA 33342 82
33344 #EA 21935 698
33345 #EA 33344 82
33346 #EA 33345 10
33347 #EA 32538 33346
33348 #EA 32244 82
33349 #EA 33348 8
33350 #EA 33347 33349
33351 #EP #BD 5342 33343 33350
33352 #EL #BD 5254 31342 33351
33353 #EL #BD 5246 21924 33352
33354 #EL #BD 5238 0 33353
33355 #EL #BD 5230 24002 33354
33356 #EL #BD 5222 7386 33355
33357 #EL #BD 5214 7386 33356
33358 #EA 33336 33357
33359 #EA 33358 698
33360 #EA 33359 366
33361 #EA 33360 121
33362 #EA 33361 10
33363 #EA 33362 8
33364 #EA 33363 5
33365 #EA 33001 8
33366 #EA 31514 82
33367 #EA 33366 8
33368 #EA 33325 2855
33369 #EA 33368 2801
33370 #EA 24666 8
33371 #EA 33370 5
33372 #EA 21790 4431
33373 #EA 33372 4377
33374 #EA 33373 10
33375 #EA 33374 8
33376 #EL #BD 5331 33371 33375
33377 #EL #BD 5330 7378 33376
33378 #EL #BD 5329 7378 33377
33379 #EA 33369 33378
33380 #EA 31550 8
33381 #EA 33380 5
33382 #EA 33121 32246
33383 #EA 33382 32249
33384 #EP #BD 5337 31342 33383
33385 #EP #BD 5336 21924 33384
33386 #EP #BD 5335 0 33385
33387 #EL #BD 5334 33381 33386
33388 #EL #BD 5333 7386 33387
33389 #EL #BD 5332 7386 33388
33390 #EA 33379 33389
33391 #EA 33390 31359
33392 #EA 33391 31352
33393 #EA 25056 23279
33394 #EA 33393 860
33395 #EA 33394 366
33396 #EA 33395 698
33397 #EA 33396 121
33398 #EA 33397 82
33399 #EA 33398 10
33400 #EA 33392 33399
33401 #EL #BD 5342 33400 17392
33402 #EL #BD 5267 31358 33401
33403 #EL #BD 5266 31354 33402
33404 #EL #BD 5265 33367 33403
33405 #EL #BD 232 33365 33404
33406 #EL #BD 5264 7386 33405
33407 #EL #BD 5263 7378 33406
33408 #EL #BD 5262 7386 33407
33409 #EL #BD 5258 7378 33408
33410 #EA 33364 33409
33411 #EA 33325 4379
33412 #EA 33411 2855
33413 #EA 33412 32721
33414 #EA 33413 32735
33415 #EA 33414 31390
33416 #EA 33415 31384
33417 #EA 25056 23084
33418 #EA 33417 910
33419 #EA 33418 698
33420 #EA 33419 860
33421 #EA 33420 366
33422 #EA 33421 121
33423 #EA 33422 82
33424 #EA 33416 33423
33425 #EA 21918 910
33426 #EA 11783 33425
33427 #EA 33426 10
33428 #EA 17407 33427
33429 #EA 11783 32670
33430 #EA 33429 8
33431 #EA 33428 33430
33432 #EL #BD 5342 33424 33431
33433 #EL #BD 1231 31388 33432
33434 #EL #BD 5273 31386 33433
33435 #EL #BD 1571 0 33434
33436 #EL #BD 76 33367 33435
33437 #EL #BD 5272 33365 33436
33438 #EL #BD 5271 7386 33437
33439 #EL #BD 5270 7378 33438
33440 #EL #BD 5269 7386 33439
33441 #EL #BD 5268 7378 33440
33442 #EA 33410 33441
33443 #EA 33442 82
33444 #EL #BD 5337 33333 33443
33445 #EL #BD 5336 32666 33444
33446 #EL #BD 5335 0 33445
33447 #EL #BD 82 33332 33446
33448 #EL #BD 5334 22562 33447
33449 #EL #BD 5333 7386 33448
33450 #EL #BD 5332 7386 33449
33451 #EA 33324 33450
33452 #EL #BD 5331 22856 33451
33453 #EL #BD 5330 7378 33452
33454 #EL #BD 5329 7378 33453
33455 #EL #BI 4227 20069 33454
33456 #EL #BI 4010 15810 33455
#DEF 4449 32232 33456 
5343 #NS 4382 nonempty_of_pointwise
5344 #NS 5343 match_1_1
5345 #NI 4452 2596605273
5346 #NS 5345 _hygCtx
5347 #NI 5346 64
5348 #NS 5347 LeanToLambdaBox
5349 #NS 5348 Export
5350 #NS 5349 EvalT
5351 #NI 5350 2596605273
5352 #NS 5351 _hygCtx
5353 #NS 5352 _hyg
5354 #NI 5353 99
5355 #NI 5346 65
5356 #NS 5355 LeanToLambdaBox
5357 #NS 5356 Export
5358 #NS 5357 EvalT
5359 #NI 5358 2596605273
5360 #NS 5359 _hygCtx
5361 #NS 5360 _hyg
5362 #NI 5361 102
5363 #NI 5346 66
5364 #NS 5363 LeanToLambdaBox
5365 #NS 5364 Export
5366 #NS 5365 EvalT
5367 #NI 5366 2596605273
5368 #NS 5367 _hygCtx
5369 #NS 5368 _hyg
5370 #NI 5369 105
33457 #EA 1972 31174
33458 #EA 17438 82
33459 #EA 33458 5
33460 #EA 33457 33459
5371 #NI 5346 67
5372 #NS 5371 LeanToLambdaBox
5373 #NS 5372 Export
5374 #NS 5373 EvalT
5375 #NI 5374 2596605273
5376 #NS 5375 _hygCtx
5377 #NS 5376 _hyg
5378 #NI 5377 108
33461 #EA 17438 698
33462 #EA 33461 82
33463 #EA 64 33462
33464 #EA 3877 33462
33465 #EC 4409 1
33466 #EA 21925 29758
33467 #EA 33466 0
33468 #EA 33467 910
33469 #EA 64 31212
33470 #EL #BD 1571 0 33469
33471 #EL #BD 294 29758 33470
33472 #EA 33468 33471
33473 #EA 21933 910
33474 #EA 33472 33473
33475 #EA 33474 366
33476 #EA 33475 10
33477 #EA 33476 8
33478 #EA 698 33477
33479 #EA 21925 29817
33480 #EA 33479 0
33481 #EA 33480 860
33482 #EA 17438 911
33483 #EA 33482 8
33484 #EA 64 33483
33485 #EL #BD 1571 0 33484
33486 #EL #BD 294 29817 33485
33487 #EA 33481 33486
33488 #EA 21933 860
33489 #EA 33487 33488
33490 #EA 33489 121
33491 #EA 33490 10
33492 #EA 33491 5
33493 #EA 33478 33492
33494 #EA 33465 33493
33495 #EP #BD 1231 33464 33494
33496 #EP #BD 5273 33463 33495
33497 #EP #BD 1571 0 33496
33498 #EP #BD 5378 33497 20
33499 #EP #BD 5370 33460 33498
33500 #EP #BD 5362 22449 33499
33501 #EP #BD 5354 22449 33500
33502 #EA 31170 8
33503 #EA 1972 33502
33504 #EA 31173 5
33505 #EA 33503 33504
33506 #EA 31192 82
33507 #EA 64 33506
33508 #EA 3877 33506
33509 #EA 21925 29853
33510 #EA 33509 0
33511 #EA 33510 911
33512 #EA 31208 8
33513 #EA 64 33512
33514 #EL #BD 1571 0 33513
33515 #EL #BD 294 29853 33514
33516 #EA 33511 33515
33517 #EA 21933 911
33518 #EA 33516 33517
33519 #EA 33518 366
33520 #EA 33519 10
33521 #EA 33520 8
33522 #EA 860 33521
33523 #EA 33474 121
33524 #EA 33523 10
33525 #EA 33524 5
33526 #EA 33522 33525
33527 #EA 33465 33526
33528 #EP #BD 1231 33508 33527
33529 #EP #BD 5273 33507 33528
33530 #EP #BD 1571 0 33529
5379 #NS 5346 _hyg
5380 #NI 5379 126
33531 #EA 31192 29836
33532 #EA 1972 33531
33533 #EA 33461 29838
33534 #EA 33532 33533
5381 #NI 5379 125
33535 #EA 33482 30132
33536 #EA 64 33535
33537 #EA 3877 33535
33538 #EA 21925 30435
33539 #EA 33538 0
33540 #EA 33539 2536
33541 #EA 31243 8
33542 #EA 64 33541
33543 #EL #BD 1571 0 33542
33544 #EL #BD 294 30435 33543
33545 #EA 33540 33544
33546 #EA 21933 2536
33547 #EA 33545 33546
33548 #EA 33547 30124
33549 #EA 33548 10
33550 #EA 33549 8
33551 #EA 911 33550
33552 #EA 21925 29994
33553 #EA 33552 0
33554 #EA 33553 939
33555 #EA 64 31262
33556 #EL #BD 1571 0 33555
33557 #EL #BD 294 29994 33556
33558 #EA 33554 33557
33559 #EA 21933 939
33560 #EA 33558 33559
33561 #EA 33560 30121
33562 #EA 33561 10
33563 #EA 33562 5
33564 #EA 33551 33563
33565 #EA 33465 33564
33566 #EP #BD 1231 33537 33565
33567 #EP #BD 5273 33536 33566
33568 #EP #BD 1571 0 33567
33569 #EA 698 30132
33570 #EA 33569 30115
33571 #EA 33570 8
33572 #EA 33571 5
33573 #EP #BD 5381 33568 33572
33574 #EP #BD 5380 33534 33573
33575 #EA 31246 30083
33576 #EA 1972 33575
33577 #EA 30294 8
33578 #EA 33577 5
33579 #EA 31208 33578
33580 #EA 33576 33579
33581 #EA 31233 30488
33582 #EA 64 33581
33583 #EA 29869 121
33584 #EA 33583 82
33585 #EA 31233 33584
33586 #EA 3877 33585
33587 #EA 21925 30217
33588 #EA 33587 0
33589 #EA 33588 2778
33590 #EA 31287 8
33591 #EA 64 33590
33592 #EL #BD 1571 0 33591
33593 #EL #BD 294 30217 33592
33594 #EA 33589 33593
33595 #EA 21933 2778
33596 #EA 33594 33595
33597 #EA 33596 30322
33598 #EA 33597 10
33599 #EA 33598 8
33600 #EA 2593 33599
33601 #EA 21925 30308
33602 #EA 33601 0
33603 #EA 33602 2682
33604 #EA 64 31291
33605 #EL #BD 1571 0 33604
33606 #EL #BD 294 30308 33605
33607 #EA 33603 33606
33608 #EA 21933 2682
33609 #EA 33607 33608
33610 #EA 33609 31298
33611 #EA 33610 10
33612 #EA 33611 5
33613 #EA 33600 33612
33614 #EA 33465 33613
33615 #EP #BD 1231 33586 33614
33616 #EP #BD 5273 33582 33615
33617 #EP #BD 1571 0 33616
33618 #EA 2536 30488
33619 #EA 29873 82
33620 #EA 33619 10
33621 #EA 33618 33620
33622 #EA 33621 8
33623 #EA 33622 5
33624 #EP #BD 1893 33617 33623
33625 #EP #BD 4348 33580 33624
33626 #EP #BD 362 29994 33625
33627 #EP #BD 1021 911 33626
33628 #EP #BD 361 29853 33627
33629 #EP #BD 86 910 33628
33630 #EP #BD 113 33629 4147
33631 #EP #BD 112 33574 33630
33632 #EP #BD 5378 33530 33631
33633 #EP #BD 5370 33505 33632
33634 #EP #BD 5362 29733 33633
33635 #EP #BD 5354 29733 33634
33636 #EP #BD 75 33501 33635
33637 #EP #BI 4384 22411 33636
33638 #EP #BI 38 2 33637
33639 #EP #BI 7 2 33638
33640 #EA 30107 911
33641 #EA 31211 5
33642 #EA 1972 33641
33643 #EA 33482 366
33644 #EA 33642 33643
33645 #EA 64 31247
33646 #EA 31246 910
33647 #EA 3877 33646
33648 #EA 21925 30369
33649 #EA 33648 0
33650 #EA 33649 2593
33651 #EA 31311 8
33652 #EA 64 33651
33653 #EL #BD 1571 0 33652
33654 #EL #BD 294 30369 33653
33655 #EA 33650 33654
33656 #EA 21933 2593
33657 #EA 33655 33656
33658 #EA 33657 121
33659 #EA 33658 10
33660 #EA 33659 8
33661 #EA 2582 33660
33662 #EA 21925 30141
33663 #EA 33662 0
33664 #EA 33663 2591
33665 #EA 31230 8
33666 #EA 64 33665
33667 #EL #BD 1571 0 33666
33668 #EL #BD 294 30141 33667
33669 #EA 33664 33668
33670 #EA 21933 2591
33671 #EA 33669 33670
33672 #EA 33671 911
33673 #EA 33672 10
33674 #EA 33673 5
33675 #EA 33661 33674
33676 #EA 33465 33675
33677 #EP #BD 1231 33647 33676
33678 #EP #BD 5273 33645 33677
33679 #EP #BD 1571 0 33678
33680 #EA 2338 860
33681 #EA 33680 8
33682 #EA 33681 5
33683 #EP #BD 5378 33679 33682
33684 #EP #BD 5370 33644 33683
33685 #EL #BD 86 29853 33684
33686 #EA 33640 33685
33687 #EA 33686 366
33688 #EA 1972 33535
33689 #EA 31189 121
33690 #EA 33688 33689
33691 #EA 64 31274
33692 #EA 31208 860
33693 #EA 3877 33692
33694 #EA 33671 30143
33695 #EA 33694 10
33696 #EA 33695 8
33697 #EA 2536 33696
33698 #EA 21925 30214
33699 #EA 33698 0
33700 #EA 33699 2582
33701 #EA 64 31234
33702 #EL #BD 1571 0 33701
33703 #EL #BD 294 30214 33702
33704 #EA 33700 33703
33705 #EA 21933 2582
33706 #EA 33704 33705
33707 #EA 33706 910
33708 #EA 33707 10
33709 #EA 33708 5
33710 #EA 33697 33709
33711 #EA 33465 33710
33712 #EP #BD 1231 33693 33711
33713 #EP #BD 5273 33691 33712
33714 #EP #BD 1571 0 33713
33715 #EA 31246 30176
33716 #EA 1972 33715
33717 #EA 31208 5
33718 #EA 33716 33717
33719 #EA 31233 30151
33720 #EA 64 33719
33721 #EA 31233 82
33722 #EA 3877 33721
33723 #EA 33596 30159
33724 #EA 33723 10
33725 #EA 33724 8
33726 #EA 2593 33725
33727 #EA 33609 121
33728 #EA 33727 10
33729 #EA 33728 5
33730 #EA 33726 33729
33731 #EA 33465 33730
33732 #EP #BD 1231 33722 33731
33733 #EP #BD 5273 33720 33732
33734 #EP #BD 1571 0 33733
33735 #EA 30193 10
33736 #EA 33735 8
33737 #EA 33736 5
33738 #EP #BD 5378 33734 33737
33739 #EP #BD 5370 33718 33738
33740 #EL #BD 86 29994 33739
33741 #EA 30453 33740
33742 #EA 33741 698
33743 #EA 1972 31274
33744 #EA 31211 30121
33745 #EA 33743 33744
33746 #EA 31243 30143
33747 #EA 64 33746
33748 #EA 3877 33746
33749 #EA 33609 30149
33750 #EA 33749 10
33751 #EA 33750 8
33752 #EA 2591 33751
33753 #EA 33657 30151
33754 #EA 33753 10
33755 #EA 33754 5
33756 #EA 33752 33755
33757 #EA 33465 33756
33758 #EP #BD 1231 33748 33757
33759 #EP #BD 5273 33747 33758
33760 #EP #BD 1571 0 33759
33761 #EL #BD 5378 33760 2507
33762 #EL #BD 5370 33745 33761
33763 #EA 33742 33762
5382 #NI 5097 2596605273
5383 #NS 5382 _hygCtx
5384 #NS 5383 _hyg
5385 #NI 5384 167
5386 #NI 5103 2596605273
5387 #NS 5386 _hygCtx
5388 #NS 5387 _hyg
5389 #NI 5388 168
33764 #EA 1972 33746
33765 #EA 31246 30688
33766 #EA 33764 33765
33767 #EA 31230 30149
33768 #EA 64 33767
33769 #EA 31230 30742
33770 #EA 3877 33769
33771 #EA 21925 30259
33772 #EA 33771 0
33773 #EA 33772 2799
33774 #EA 17438 2855
33775 #EA 33774 8
33776 #EA 64 33775
33777 #EL #BD 1571 0 33776
33778 #EL #BD 294 30259 33777
33779 #EA 33773 33778
33780 #EA 21933 2799
33781 #EA 33779 33780
33782 #EA 33781 30229
33783 #EA 33782 10
33784 #EA 33783 8
33785 #EA 2682 33784
33786 #EA 33596 30754
33787 #EA 33786 10
33788 #EA 33787 5
33789 #EA 33785 33788
33790 #EA 33465 33789
33791 #EP #BD 1231 33770 33790
33792 #EP #BD 5273 33768 33791
33793 #EP #BD 1571 0 33792
33794 #EA 2582 30149
33795 #EA 33794 30737
33796 #EA 33795 8
33797 #EA 33796 5
33798 #EA 2079 33797
33799 #EA 14705 33767
33800 #EA 31311 30159
33801 #EA 1972 33800
33802 #EA 33801 5
33803 #EA 31311 30754
33804 #EA 1972 33803
33805 #EA 33804 8
33806 #EA 31287 30227
33807 #EA 1972 33806
33808 #EA 31290 30701
33809 #EA 33807 33808
33810 #EA 2093 33809
33811 #EA 33810 121
33812 #EA 33807 10
33813 #EA 33811 33812
33814 #EA 33813 8
33815 #EP #BD 188 33814 1352
33816 #EP #BD 188 33805 33815
33817 #EL #BD 86 33802 33816
33818 #EL #BD 22 0 33817
33819 #EA 33799 33818
33820 #EA 31233 30737
33821 #EA 33819 33820
33822 #EA 33821 8
5390 #NI 4778 2596605273
5391 #NS 5390 _hygCtx
5392 #NS 5391 _hyg
5393 #NI 5392 171
33823 #EA 1972 33820
33824 #EA 33823 33767
33825 #EA 33801 33769
33826 #EA 2093 33825
33827 #EA 33826 10
33828 #EA 33801 33800
33829 #EA 33827 33828
33830 #EA 2959 33800
33831 #EA 33829 33830
33832 #EP #BD 188 33831 1352
33833 #EA 2079 33832
33834 #EA 448 31314
33835 #EA 33834 339
33836 #EA 42 33835
33837 #EA 3937 33836
33838 #EA 33837 339
33839 #EA 33838 5
33840 #EA 33833 33839
33841 #EL #BD 5393 33824 33840
33842 #EA 33822 33841
33843 #EA 2959 33820
33844 #EA 33842 33843
33845 #EA 1972 33767
33846 #EA 33845 33820
33847 #EA 2135 33846
33848 #EA 33847 8
33849 #EA 33844 33848
33850 #EA 33798 33849
33851 #EL #BD 5378 33793 33850
33852 #EL #BD 5370 33766 33851
33853 #EL #BD 5389 30435 33852
33854 #EL #BD 5385 939 33853
33855 #EA 33763 33854
33856 #EA 33855 8
33857 #EA 33856 5
33858 #EL #BD 5378 33714 33857
33859 #EL #BD 5370 33690 33858
33860 #EA 33687 33859
5394 #NI 5384 165
5395 #NI 5388 166
33861 #EA 1972 33579
33862 #EA 31211 698
33863 #EA 33861 33862
33864 #EA 31243 33620
33865 #EA 64 33864
33866 #EA 31243 911
33867 #EA 3877 33866
33868 #EA 33611 8
33869 #EA 2591 33868
33870 #EA 33657 939
33871 #EA 33870 10
33872 #EA 33871 5
33873 #EA 33869 33872
33874 #EA 33465 33873
33875 #EP #BD 1231 33867 33874
33876 #EP #BD 5273 33865 33875
33877 #EP #BD 1571 0 33876
33878 #EA 30107 2582
33879 #EA 1972 33585
33880 #EA 31243 5
33881 #EA 33879 33880
33882 #EA 30220 698
33883 #EA 33882 366
33884 #EA 31311 33883
33885 #EA 64 33884
33886 #EA 31311 82
33887 #EA 3877 33886
33888 #EA 21925 30374
33889 #EA 33888 0
33890 #EA 33889 2801
33891 #EA 17438 4379
33892 #EA 33891 8
33893 #EA 64 33892
33894 #EL #BD 1571 0 33893
33895 #EL #BD 294 30374 33894
33896 #EA 33890 33895
33897 #EA 21933 2801
33898 #EA 33896 33897
33899 #EA 30233 910
33900 #EA 33899 860
33901 #EA 33898 33900
33902 #EA 33901 10
33903 #EA 33902 8
33904 #EA 2778 33903
33905 #EA 33781 121
33906 #EA 33905 10
33907 #EA 33906 5
33908 #EA 33904 33907
33909 #EA 33465 33908
33910 #EP #BD 1231 33887 33909
33911 #EP #BD 5273 33885 33910
33912 #EP #BD 1571 0 33911
33913 #EA 2591 33883
33914 #EA 33913 10
33915 #EA 33914 8
33916 #EA 33915 5
33917 #EP #BD 5378 33912 33916
33918 #EP #BD 5370 33881 33917
33919 #EL #BD 86 30214 33918
33920 #EA 33878 33919
33921 #EA 33920 910
33922 #EA 1972 33864
33923 #EA 33922 33715
33924 #EA 31230 31298
33925 #EA 64 33924
33926 #EA 3877 33767
33927 #EA 30237 860
33928 #EA 33927 698
33929 #EA 33781 33928
33930 #EA 33929 10
33931 #EA 33930 8
33932 #EA 2682 33931
33933 #EA 33724 5
33934 #EA 33932 33933
33935 #EA 33465 33934
33936 #EP #BD 1231 33926 33935
33937 #EP #BD 5273 33925 33936
33938 #EP #BD 1571 0 33937
33939 #EA 2582 31298
33940 #EA 33939 30151
33941 #EA 33940 8
33942 #EA 33941 5
33943 #EA 2079 33942
33944 #EA 14705 33924
33945 #EA 1972 33884
33946 #EA 33945 5
33947 #EA 33801 8
33948 #EA 31287 33900
33949 #EA 1972 33948
33950 #EA 31290 30229
33951 #EA 33949 33950
33952 #EA 2093 33951
33953 #EA 33952 121
33954 #EA 33949 10
33955 #EA 33953 33954
33956 #EA 33955 8
33957 #EP #BD 188 33956 1352
33958 #EP #BD 188 33947 33957
33959 #EL #BD 86 33946 33958
33960 #EL #BD 22 0 33959
33961 #EA 33944 33960
33962 #EA 33961 33719
33963 #EA 33962 8
5396 #NI 5392 175
33964 #EA 1972 33719
33965 #EA 33964 33924
33966 #EA 33945 33767
33967 #EA 2093 33966
33968 #EA 33967 10
33969 #EA 33945 33884
33970 #EA 33968 33969
33971 #EA 2959 33884
33972 #EA 33970 33971
33973 #EP #BD 188 33972 1352
33974 #EA 2079 33973
33975 #EA 448 31312
33976 #EA 33975 339
33977 #EA 42 33976
33978 #EA 18489 33977
33979 #EA 33978 5
33980 #EA 33974 33979
33981 #EL #BD 5396 33965 33980
33982 #EA 33963 33981
33983 #EA 2959 33719
33984 #EA 33982 33983
33985 #EA 1972 33924
33986 #EA 33985 33719
33987 #EA 2135 33986
33988 #EA 33987 8
33989 #EA 33984 33988
33990 #EA 33943 33989
33991 #EL #BD 5378 33938 33990
33992 #EL #BD 5370 33923 33991
33993 #EA 33921 33992
5397 #NI 5384 173
5398 #NI 5388 174
33994 #EA 29869 8
33995 #EA 33994 5
33996 #EA 31233 33995
33997 #EA 33985 33996
33998 #EA 31290 33928
33999 #EA 64 33998
34000 #EA 30237 121
34001 #EA 34000 82
34002 #EA 31290 34001
34003 #EA 3877 34002
34004 #EA 21925 30416
34005 #EA 34004 0
34006 #EA 34005 2855
34007 #EA 17438 4377
34008 #EA 34007 8
34009 #EA 64 34008
34010 #EL #BD 1571 0 34009
34011 #EL #BD 294 30416 34010
34012 #EA 34006 34011
34013 #EA 21933 2855
34014 #EA 34012 34013
34015 #EA 30389 911
34016 #EA 34015 910
34017 #EA 34014 34016
34018 #EA 34017 10
34019 #EA 34018 8
34020 #EA 2799 34019
34021 #EA 30377 121
34022 #EA 33898 34021
34023 #EA 34022 10
34024 #EA 34023 5
34025 #EA 34020 34024
34026 #EA 33465 34025
34027 #EP #BD 1231 34003 34026
34028 #EP #BD 5273 33999 34027
34029 #EP #BD 1571 0 34028
34030 #EA 8105 82
34031 #EA 34030 10
34032 #EA 34031 8
34033 #EA 34032 5
34034 #EL #BD 5378 34029 34033
34035 #EL #BD 5370 33997 34034
34036 #EL #BD 5398 30141 34035
34037 #EL #BD 5397 2582 34036
34038 #EA 33993 34037
34039 #EA 34038 8
34040 #EA 34039 5
34041 #EL #BD 5378 33877 34040
34042 #EL #BD 5370 33863 34041
34043 #EL #BD 5395 29994 34042
34044 #EL #BD 5394 911 34043
34045 #EA 33860 34044
34046 #EA 34045 82
34047 #EA 34046 10
34048 #EL #BD 113 33629 34047
34049 #EL #BD 112 33574 34048
34050 #EL #BD 5378 33530 34049
34051 #EL #BD 5370 33505 34050
34052 #EL #BD 5362 29733 34051
34053 #EL #BD 5354 29733 34052
34054 #EL #BD 75 33501 34053
34055 #EL #BI 4384 22411 34054
34056 #EL #BI 38 2 34055
34057 #EL #BI 7 2 34056
#DEF 5344 33639 34057 
5399 #NS 1 succ_pos
34058 #EA 6620 5
34059 #EL #BD 4 0 34058
#DEF 5399 5689 34059 
5400 #NS 3 inj
34060 #EA 4897 313
34061 #EP #BD 22 34060 6116
34062 #EP #BI 4 0 34061
34063 #EP #BI 28 0 34062
34064 #EA 4890 6116
34065 #EA 34064 2027
34066 #EA 34065 43
34067 #EA 34066 5
34068 #EA 5900 6116
34069 #EA 34067 34068
34070 #EL #BD 86 34060 34069
34071 #EL #BI 4 0 34070
34072 #EL #BI 28 0 34071
#DEF 5400 34063 34072 
5401 #NS 1 succ_lt_succ
34073 #EA 6204 43
34074 #EP #BD 22 3878 34073
34075 #EP #BI 28 0 34074
34076 #EP #BI 4 0 34075
34077 #EA 3147 43
34078 #EA 34077 5
34079 #EL #BI 28 0 34078
34080 #EL #BI 4 0 34079
#DEF 5401 34076 34080 
34081 #EA 22412 698
34082 #EA 34081 366
34083 #EA 34082 121
34084 #EA 34083 82
34085 #EA 34084 10
34086 #EA 33465 34085
34087 #EP #BD 22 33497 34086
34088 #EP #BD 22 33460 34087
34089 #EP #BI 362 22449 34088
34090 #EP #BI 361 22449 34089
34091 #EP #BI 4384 22411 34090
34092 #EP #BI 38 2 34091
34093 #EP #BI 7 2 34092
5402 #NI 5379 64
5403 #NI 5379 65
5404 #NI 5379 66
5405 #NI 5379 67
34094 #EC 209 0 0
34095 #EA 34094 698
34096 #EA 31189 8
34097 #EA 1972 34096
34098 #EA 31192 5
34099 #EA 34097 34098
34100 #EA 31211 82
34101 #EA 64 34100
34102 #EA 3877 34100
34103 #EA 33706 366
34104 #EA 34103 10
34105 #EA 34104 8
34106 #EA 939 34105
34107 #EA 33547 121
34108 #EA 34107 10
34109 #EA 34108 5
34110 #EA 34106 34109
34111 #EA 33465 34110
34112 #EP #BD 1231 34102 34111
34113 #EP #BD 5273 34101 34112
34114 #EP #BD 1571 0 34113
34115 #EA 30120 82
34116 #EA 34115 10
34117 #EA 33465 34116
34118 #EP #BD 5405 34114 34117
34119 #EP #BD 5404 34099 34118
34120 #EP #BD 5403 29750 34119
34121 #EL #BD 5402 29750 34120
34122 #EA 34095 34121
34123 #EA 34122 82
34124 #EC 206 0 0
34125 #EA 34124 860
34126 #EA 1972 33483
34127 #EA 31189 5
34128 #EA 34126 34127
34129 #EA 31208 82
34130 #EA 64 34129
34131 #EA 3877 34129
34132 #EA 33671 366
34133 #EA 34132 10
34134 #EA 34133 8
34135 #EA 2536 34134
34136 #EA 33706 121
34137 #EA 34136 10
34138 #EA 34137 5
34139 #EA 34135 34138
34140 #EA 33465 34139
34141 #EP #BD 1231 34131 34140
34142 #EP #BD 5273 34130 34141
34143 #EP #BD 1571 0 34142
34144 #EA 29761 82
34145 #EA 34144 10
34146 #EA 33465 34145
34147 #EP #BD 5405 34143 34146
34148 #EP #BD 5404 34128 34147
34149 #EP #BD 5403 29817 34148
34150 #EL #BD 5402 29817 34149
34151 #EA 34125 34150
34152 #EA 34151 5
34153 #EA 33482 10
34154 #EA 1972 34153
34155 #EA 34154 34127
34156 #EA 31208 121
34157 #EA 64 34156
34158 #EA 33671 698
34159 #EA 34158 10
34160 #EA 34159 8
34161 #EA 2536 34160
34162 #EA 34161 34138
34163 #EA 33465 34162
34164 #EP #BD 1231 34131 34163
34165 #EP #BD 5273 34157 34164
34166 #EP #BD 1571 0 34165
34167 #EC 5344 
34168 #EA 34167 2536
34169 #EA 34168 939
34170 #EA 34169 911
34171 #EA 1972 33541
34172 #EA 31246 5
34173 #EA 34171 34172
34174 #EA 64 31314
34175 #EA 3877 31314
34176 #EA 33781 366
34177 #EA 34176 10
34178 #EA 34177 8
34179 #EA 2682 34178
34180 #EA 33596 121
34181 #EA 34180 10
34182 #EA 34181 5
34183 #EA 34179 34182
34184 #EA 33465 34183
34185 #EP #BD 1231 34175 34184
34186 #EP #BD 5273 34174 34185
34187 #EP #BD 1571 0 34186
5406 #NI 5379 232
34188 #EA 34124 2682
34189 #EA 1972 31291
34190 #EA 31311 5
34191 #EA 34189 34190
34192 #EA 33774 82
34193 #EA 64 34192
34194 #EA 3877 34192
34195 #EA 21925 30574
34196 #EA 34195 0
34197 #EA 34196 4377
34198 #EA 17438 24198
34199 #EA 34198 8
34200 #EA 64 34199
34201 #EL #BD 1571 0 34200
34202 #EL #BD 294 30574 34201
34203 #EA 34197 34202
34204 #EA 21933 4377
34205 #EA 34203 34204
34206 #EA 34205 366
34207 #EA 34206 10
34208 #EA 34207 8
34209 #EA 2855 34208
34210 #EA 21925 30772
34211 #EA 34210 0
34212 #EA 34211 4379
34213 #EA 17438 4431
34214 #EA 34213 8
34215 #EA 64 34214
34216 #EL #BD 1571 0 34215
34217 #EL #BD 294 30772 34216
34218 #EA 34212 34217
34219 #EA 21933 4379
34220 #EA 34218 34219
34221 #EA 34220 121
34222 #EA 34221 10
34223 #EA 34222 5
34224 #EA 34209 34223
34225 #EA 33465 34224
34226 #EP #BD 1231 34194 34225
34227 #EP #BD 5273 34193 34226
34228 #EP #BD 1571 0 34227
34229 #EA 30706 82
34230 #EA 34229 10
34231 #EA 33465 34230
34232 #EP #BD 5405 34228 34231
34233 #EP #BD 5404 34191 34232
34234 #EP #BD 5403 30308 34233
34235 #EL #BD 5402 30308 34234
34236 #EA 34188 34235
34237 #EA 34236 82
34238 #EA 30695 121
34239 #EA 34238 82
34240 #EA 33465 34239
34241 #EP #BD 5406 34237 34240
34242 #EL #BD 5378 34187 34241
34243 #EL #BD 5370 34173 34242
34244 #EL #BD 5362 30435 34243
34245 #EL #BD 5354 30435 34244
34246 #EA 34170 34245
34247 #EA 34246 121
34248 #EA 34247 10
34249 #EA 34248 8
34250 #EA 34249 5
34251 #EA 34124 2591
34252 #EA 1972 33665
34253 #EA 31233 5
34254 #EA 34252 34253
34255 #EA 31290 82
34256 #EA 64 34255
34257 #EA 3877 34255
34258 #EA 34014 366
34259 #EA 34258 10
34260 #EA 34259 8
34261 #EA 2799 34260
34262 #EA 33898 121
34263 #EA 34262 10
34264 #EA 34263 5
34265 #EA 34261 34264
34266 #EA 33465 34265
34267 #EP #BD 1231 34257 34266
34268 #EP #BD 5273 34256 34267
34269 #EP #BD 1571 0 34268
34270 #EA 30319 82
34271 #EA 34270 10
34272 #EA 33465 34271
34273 #EP #BD 5405 34269 34272
34274 #EP #BD 5404 34254 34273
34275 #EP #BD 5403 30141 34274
34276 #EL #BD 5402 30141 34275
34277 #EA 34251 34276
34278 #EA 34277 30143
34279 #EC 4410 1
34280 #EA 34279 30351
34281 #EA 34280 30355
34282 #EL #BD 5406 34278 34281
34283 #EL #BD 5381 33760 34282
34284 #EL #BD 5380 33745 34283
34285 #EA 34250 34284
34286 #EA 30312 82
34287 #EA 34286 10
34288 #EA 31230 34287
34289 #EA 1972 34288
34290 #EA 34289 33996
34291 #EA 30237 366
34292 #EA 34291 121
34293 #EA 31290 34292
34294 #EA 64 34293
34295 #EA 30389 860
34296 #EA 34295 698
34297 #EA 34014 34296
34298 #EA 34297 10
34299 #EA 34298 8
34300 #EA 2799 34299
34301 #EA 34300 34024
34302 #EA 33465 34301
34303 #EP #BD 1231 34003 34302
34304 #EP #BD 5273 34294 34303
34305 #EP #BD 1571 0 34304
34306 #EA 34124 2799
34307 #EA 1972 33775
34308 #EA 31287 5
34309 #EA 34307 34308
34310 #EA 34007 82
34311 #EA 64 34310
34312 #EA 3877 34310
34313 #EA 21925 30586
34314 #EA 34313 0
34315 #EA 34314 24198
34316 #EA 17438 24233
34317 #EA 34316 8
34318 #EA 64 34317
34319 #EL #BD 1571 0 34318
34320 #EL #BD 294 30586 34319
34321 #EA 34315 34320
34322 #EA 21933 24198
34323 #EA 34321 34322
34324 #EA 34323 366
34325 #EA 34324 10
34326 #EA 34325 8
34327 #EA 4377 34326
34328 #EA 21925 30526
34329 #EA 34328 0
34330 #EA 34329 4431
34331 #EA 17438 24216
34332 #EA 34331 8
34333 #EA 64 34332
34334 #EL #BD 1571 0 34333
34335 #EL #BD 294 30526 34334
34336 #EA 34330 34335
34337 #EA 21933 4431
34338 #EA 34336 34337
34339 #EA 34338 121
34340 #EA 34339 10
34341 #EA 34340 5
34342 #EA 34327 34341
34343 #EA 33465 34342
34344 #EP #BD 1231 34312 34343
34345 #EP #BD 5273 34311 34344
34346 #EP #BD 1571 0 34345
34347 #EA 22412 4377
34348 #EA 34347 4379
34349 #EA 34348 2855
34350 #EA 34349 82
34351 #EA 34350 10
34352 #EA 33465 34351
34353 #EP #BD 5405 34346 34352
34354 #EP #BD 5404 34309 34353
34355 #EP #BD 5403 30259 34354
34356 #EL #BD 5402 30259 34355
34357 #EA 34306 34356
34358 #EA 34357 34292
34359 #EC 4411 1
34360 #EA 30233 698
34361 #EA 34360 366
34362 #EA 33898 34361
34363 #EA 34362 343
34364 #EC 5399 
34365 #EA 31287 366
34366 #EA 34364 34365
34367 #EA 34363 34366
34368 #EA 2778 34367
34369 #EA 33781 34001
34370 #EA 34369 343
34371 #EA 34364 34255
34372 #EA 34370 34371
34373 #EA 34368 34372
34374 #EA 34359 34373
34375 #EA 33465 34373
34376 #EA 30706 34296
34377 #EA 34376 34021
34378 #EA 33465 34377
34379 #EL #BD 86 34375 34378
34380 #EA 34374 34379
34381 #EA 8 343
34382 #EA 34381 34366
34383 #EA 34382 34371
34384 #EA 34380 34383
5407 #NS 0 hhead
34385 #EA 30706 698
34386 #EA 34385 121
34387 #EA 34359 34386
34388 #EA 33465 34386
34389 #EA 30395 910
34390 #EA 34389 860
34391 #EA 30386 34390
34392 #EA 30399 366
34393 #EA 34391 34392
34394 #EA 33465 34393
34395 #EL #BD 86 34388 34394
34396 #EA 34387 34395
34397 #EA 5199 121
34398 #EC 5400 
34399 #EA 33774 698
34400 #EA 34398 34399
34401 #EA 31287 121
34402 #EA 34400 34401
34403 #EA 34402 82
34404 #EA 34397 34403
34405 #EA 33891 860
34406 #EA 64 34405
34407 #EA 33891 698
34408 #EA 3877 34407
34409 #EA 366 5189
34410 #EC 5401 
34411 #EA 34410 10
34412 #EA 34213 911
34413 #EA 34411 34412
34414 #EA 34413 8
34415 #EA 34409 34414
34416 #EA 34007 860
34417 #EA 34411 34416
34418 #EA 34417 5
34419 #EA 34415 34418
34420 #EL #BD 1231 34408 34419
34421 #EL #BD 5273 34406 34420
34422 #EL #BD 1571 0 34421
34423 #EA 34404 34422
34424 #EA 34396 34423
5408 #NS 0 htail
34425 #EA 34279 34393
34426 #EA 30405 910
34427 #EA 34426 698
34428 #EA 34427 860
34429 #EA 34428 366
34430 #EA 34429 8
34431 #EA 34430 5
34432 #EA 34425 34431
34433 #EL #BD 5408 34386 34432
34434 #EA 34424 34433
34435 #EL #BD 5407 34373 34434
34436 #EA 34384 34435
34437 #EL #BD 5406 34358 34436
34438 #EL #BD 1893 34305 34437
34439 #EL #BD 4348 34290 34438
34440 #EL #BD 362 30141 34439
34441 #EL #BD 1021 2582 34440
34442 #EL #BD 361 30214 34441
34443 #EL #BD 86 2536 34442
34444 #EA 34285 34443
34445 #EA 34444 82
34446 #EL #BD 5405 34166 34445
34447 #EL #BD 5404 34155 34446
34448 #EL #BD 5403 29817 34447
34449 #EL #BD 82 34152 34448
34450 #EL #BD 5402 29750 34449
34451 #EA 34123 34450
34452 #EA 34451 10
34453 #EA 34452 8
34454 #EA 34453 5
34455 #EL #BD 5405 33497 34454
34456 #EL #BD 5404 33460 34455
34457 #EL #BD 5403 22449 34456
34458 #EL #BD 5402 22449 34457
34459 #EL #BI 4384 22411 34458
34460 #EL #BI 38 2 34459
34461 #EL #BI 7 2 34460
#DEF 5343 34093 34461 
5409 #NS 4334 nonempty_wcbvEvalT
34462 #EA 21798 8
34463 #EA 34462 5
34464 #EA 22517 8
34465 #EA 33465 34464
34466 #EP #BD 22 34463 34465
34467 #EP #BI 39 7378 34466
34468 #EP #BI 76 7378 34467
34469 #EP #BI 4227 20069 34468
34470 #EP #BI 4010 15810 34469
5410 #NS 4334 rec
34471 #EC 5410 
34472 #EA 34471 121
34473 #EA 34472 82
34474 #EA 21863 8
34475 #EA 34474 5
34476 #EA 22489 10
34477 #EA 34476 8
34478 #EA 33465 34477
34479 #EL #BD 188 34475 34478
34480 #EL #BI 39 7378 34479
34481 #EL #BI 76 7378 34480
34482 #EA 34473 34481
34483 #EA 22516 16418
34484 #EA 34483 16418
34485 #EA 34279 34484
34486 #EA 23597 121
34487 #EA 34486 82
34488 #EA 34485 34487
34489 #EA 34482 34488
34490 #EA 22524 16941
34491 #EA 34490 16941
34492 #EA 34279 34491
34493 #EA 23611 698
34494 #EA 34493 366
34495 #EA 34494 8
34496 #EA 34495 5
34497 #EA 34492 34496
34498 #EL #BD 59 7378 34497
34499 #EL #BD 4 7288 34498
34500 #EA 34489 34499
34501 #EA 22520 16439
34502 #EA 34501 16439
34503 #EA 34279 34502
34504 #EA 23629 366
34505 #EA 34504 121
34506 #EA 34505 5
34507 #EA 34503 34506
34508 #EL #BD 86 7286 34507
34509 #EA 34500 34508
34510 #EA 22520 16687
34511 #EA 34510 16687
34512 #EA 34279 34511
34513 #EA 23646 366
34514 #EA 34513 121
34515 #EA 34514 5
34516 #EA 34512 34515
34517 #EL #BD 408 7404 34516
34518 #EA 34509 34517
34519 #EA 22524 16979
34520 #EA 34519 16979
34521 #EA 34279 34520
34522 #EA 23662 698
34523 #EA 34522 366
34524 #EA 34523 8
34525 #EA 34524 5
34526 #EA 34521 34525
34527 #EL #BD 1571 0 34526
34528 #EL #BD 3321 7402 34527
34529 #EA 34518 34528
5411 #NI 4484 2337073973
5412 #NS 5411 _hygCtx
5413 #NS 5412 _hyg
5414 #NI 5413 64
5415 #NI 4491 2337073973
5416 #NS 5415 _hygCtx
5417 #NS 5416 _hyg
5418 #NI 5417 65
5419 #NI 4498 2337073973
5420 #NS 5419 _hygCtx
5421 #NS 5420 _hyg
5422 #NI 5421 66
5423 #NI 4505 2337073973
5424 #NS 5423 _hygCtx
5425 #NS 5424 _hyg
5426 #NI 5425 67
5427 #NI 4513 2337073973
5428 #NS 5427 _hygCtx
5429 #NS 5428 _hyg
5430 #NI 5429 68
5431 #NI 4818 2337073973
5432 #NS 5431 _hygCtx
5433 #NS 5432 _hyg
5434 #NI 5433 69
5435 #NI 4824 2337073973
5436 #NS 5435 _hygCtx
5437 #NS 5436 _hyg
5438 #NI 5437 70
34530 #EA 21838 366
34531 #EA 34530 20202
5439 #NI 5437 71
34532 #EA 22152 366
34533 #EA 34532 10
5440 #NI 5437 72
34534 #EA 22006 21834
34535 #EA 34534 10
5441 #NS 0 ihf
34536 #EA 22590 910
34537 #EA 34536 23686
34538 #EA 33465 34537
5442 #NS 0 iha
34539 #EA 22714 910
34540 #EA 34539 366
34541 #EA 33465 34540
5443 #NS 0 ihbody
34542 #EA 22610 23710
34543 #EA 34542 366
34544 #EA 33465 34543
34545 #EA 22614 2536
34546 #EA 34545 22906
34547 #EA 34359 34546
34548 #EA 33465 34546
34549 #EA 23043 22302
34550 #EA 34549 860
34551 #EA 33465 34550
34552 #EL #BD 86 34548 34551
34553 #EA 34547 34552
34554 #EA 34553 10
34555 #EA 23043 2536
34556 #EA 34555 910
34557 #EA 34359 34556
34558 #EA 33465 34556
34559 #EA 24662 24878
34560 #EA 34559 910
34561 #EA 33465 34560
34562 #EL #BD 86 34558 34561
34563 #EA 34557 34562
34564 #EA 34563 10
34565 #EA 17766 911
34566 #EA 34565 939
34567 #EA 24662 34566
34568 #EA 34567 910
34569 #EA 34359 34568
34570 #EA 33465 34568
34571 #EA 23279 27492
34572 #EA 34571 911
34573 #EA 33465 34572
34574 #EL #BD 86 34570 34573
34575 #EA 34569 34574
34576 #EA 34575 10
34577 #EA 34279 34572
34578 #EA 25184 2593
34579 #EA 34578 2591
34580 #EA 34579 2582
34581 #EA 34580 2536
34582 #EA 34581 939
34583 #EA 34582 911
34584 #EA 34583 10
34585 #EA 34584 8
34586 #EA 34585 5
34587 #EA 34577 34586
34588 #EL #BD 5443 34568 34587
34589 #EA 34576 34588
34590 #EL #BD 5442 34556 34589
34591 #EA 34564 34590
34592 #EL #BD 5441 34546 34591
34593 #EA 34554 34592
34594 #EL #BD 5443 34544 34593
34595 #EL #BD 5442 34541 34594
34596 #EL #BD 5441 34538 34595
34597 #EL #BD 5440 34535 34596
34598 #EL #BD 5439 34533 34597
34599 #EL #BD 5438 34531 34598
34600 #EL #BI 5434 7378 34599
34601 #EL #BI 5430 7378 34600
34602 #EL #BI 5426 7378 34601
34603 #EL #BI 5422 7288 34602
34604 #EL #BI 5418 7378 34603
34605 #EL #BI 5414 7378 34604
34606 #EA 34529 34605
5444 #NI 5413 88
5445 #NI 5417 89
5446 #NI 5429 90
5447 #NI 5437 91
34607 #EA 32238 16418
5448 #NI 5437 92
34608 #EA 21828 10
34609 #EA 34608 8
34610 #EA 33465 22650
34611 #EA 33465 22672
34612 #EA 22654 698
34613 #EA 34612 16418
34614 #EA 34359 34613
34615 #EA 33465 34613
34616 #EA 22586 26438
34617 #EA 34616 16418
34618 #EA 33465 34617
34619 #EL #BD 86 34615 34618
34620 #EA 34614 34619
34621 #EA 34620 8
34622 #EA 22607 366
34623 #EA 34359 34622
34624 #EA 33465 34622
34625 #EA 22590 21840
34626 #EA 34625 16418
34627 #EA 33465 34626
34628 #EL #BD 86 34624 34627
34629 #EA 34623 34628
34630 #EA 34629 8
34631 #EA 34279 34626
34632 #EA 32508 910
34633 #EA 34632 860
34634 #EA 34633 698
34635 #EA 34634 8
34636 #EA 34635 5
34637 #EA 34631 34636
34638 #EL #BD 5442 34622 34637
34639 #EA 34630 34638
34640 #EL #BD 5441 34613 34639
34641 #EA 34621 34640
34642 #EL #BD 5442 34611 34641
34643 #EL #BD 5441 34610 34642
34644 #EL #BD 5448 34609 34643
34645 #EL #BD 5447 34607 34644
34646 #EL #BI 5446 7378 34645
34647 #EL #BI 5445 7378 34646
34648 #EL #BI 5444 7378 34647
34649 #EA 34606 34648
5449 #NI 5421 105
5450 #NI 4528 2337073973
5451 #NS 5450 _hygCtx
5452 #NS 5451 _hyg
5453 #NI 5452 106
5454 #NI 5425 107
5455 #NI 4537 2337073973
5456 #NS 5455 _hygCtx
5457 #NS 5456 _hyg
5458 #NI 5457 108
5459 #NI 5433 109
5460 #NI 5437 110
34650 #EA 21832 82
34651 #EA 34650 8
5461 #NI 5437 111
34652 #EA 21838 21876
34653 #EA 34652 8
5462 #NS 0 ihv
34654 #EA 22654 366
34655 #EA 34654 82
34656 #EA 33465 34655
34657 #EA 22586 23890
34658 #EA 34657 82
34659 #EA 33465 34658
34660 #EA 22590 860
34661 #EA 34660 366
34662 #EA 34359 34661
34663 #EA 33465 34661
34664 #EA 16491 911
34665 #EA 34664 910
34666 #EA 34665 860
34667 #EA 22714 34666
34668 #EA 34667 366
34669 #EA 33465 34668
34670 #EL #BD 86 34663 34669
34671 #EA 34662 34670
34672 #EA 34671 8
34673 #EA 22714 23710
34674 #EA 34673 366
34675 #EA 34359 34674
34676 #EA 33465 34674
34677 #EA 22610 27696
34678 #EA 34677 698
34679 #EA 33465 34678
34680 #EL #BD 86 34676 34679
34681 #EA 34675 34680
34682 #EA 34681 8
34683 #EA 34279 34678
34684 #EA 32561 939
34685 #EA 34684 911
34686 #EA 34685 910
34687 #EA 34686 860
34688 #EA 34687 698
34689 #EA 34688 8
34690 #EA 34689 5
34691 #EA 34683 34690
34692 #EL #BD 5443 34674 34691
34693 #EA 34682 34692
34694 #EL #BD 5462 34661 34693
34695 #EA 34672 34694
34696 #EL #BD 5443 34659 34695
34697 #EL #BD 5462 34656 34696
34698 #EL #BD 5461 34653 34697
34699 #EL #BD 5460 34651 34698
34700 #EL #BI 5459 7378 34699
34701 #EL #BI 5458 7378 34700
34702 #EL #BI 5454 7378 34701
34703 #EL #BI 5453 7378 34702
34704 #EL #BI 5449 7288 34703
34705 #EA 34649 34704
5463 #NI 4547 2337073973
5464 #NS 5463 _hygCtx
5465 #NS 5464 _hyg
5466 #NI 5465 124
5467 #NI 4553 2337073973
5468 #NS 5467 _hygCtx
5469 #NS 5468 _hyg
5470 #NI 5469 125
5471 #NI 5433 126
34706 #EA 19974 860
34707 #EA 34706 10
34708 #EA 21893 34707
34709 #EA 34708 21902
5472 #NI 5437 127
34710 #EA 22497 82
34711 #EA 34710 10
34712 #EA 33465 34711
34713 #EA 34359 22672
34714 #EA 16559 698
34715 #EA 22654 34714
34716 #EA 34715 121
34717 #EA 33465 34716
34718 #EL #BD 86 34611 34717
34719 #EA 34713 34718
34720 #EA 34719 5
34721 #EA 34279 34716
34722 #EA 23973 2536
34723 #EA 34722 939
34724 #EA 34723 698
34725 #EA 34724 366
34726 #EA 34725 121
34727 #EA 34726 82
34728 #EA 34727 5
34729 #EA 34721 34728
34730 #EL #BD 5443 22672 34729
34731 #EA 34720 34730
34732 #EL #BD 5443 34712 34731
34733 #EL #BD 5472 34609 34732
34734 #EL #BD 4558 34709 34733
34735 #EL #BI 5471 7378 34734
34736 #EL #BI 5470 7378 34735
34737 #EL #BI 5466 7297 34736
34738 #EA 34705 34737
34739 #EA 21914 82
34740 #EA 1666 34739
34741 #EA 34740 1504
34742 #EA 22006 21938
34743 #EA 34742 21953
34744 #EP #BD 188 21924 34743
34745 #EP #BD 1571 0 34744
5473 #NS 0 ihargs
34746 #EA 32244 8
34747 #EA 34746 5
34748 #EA 22590 34747
34749 #EA 32677 82
34750 #EA 21937 34749
34751 #EA 34748 34750
34752 #EA 33465 34751
34753 #EP #BD 188 32666 34752
34754 #EP #BD 1571 0 34753
5474 #NS 0 hall
34755 #EA 31506 121
34756 #EA 34755 82
34757 #EA 33465 34756
34758 #EC 5343 
34759 #EA 34758 7378
34760 #EA 34759 7378
34761 #EA 34760 22586
34762 #EA 34761 121
34763 #EA 34762 82
34764 #EA 34763 10
34765 #EA 64 21944
5475 #NI 4452 2337073973
5476 #NS 5475 _hygCtx
5477 #NS 5476 _hyg
5478 #NI 5477 170
34766 #EA 3877 21944
34767 #EL #BD 5478 34766 756
34768 #EL #BD 5273 34765 34767
34769 #EL #BD 1571 0 34768
34770 #EA 34764 34769
34771 #EA 24000 366
34772 #EA 34771 121
34773 #EA 34359 34772
34774 #EA 33465 34772
34775 #EA 22714 27937
34776 #EA 34775 27939
34777 #EA 33465 34776
34778 #EL #BD 86 34774 34777
34779 #EA 34773 34778
34780 #EA 34779 5
34781 #EA 34279 34776
34782 #EA 32642 911
34783 #EA 34782 910
34784 #EA 34783 860
34785 #EA 34784 698
34786 #EA 34785 366
34787 #EA 34786 5
34788 #EA 34781 34787
34789 #EL #BD 5474 34772 34788
34790 #EA 34780 34789
34791 #EZ 5474 34757 34770 34790
34792 #EL #BD 5473 34754 34791
34793 #EL #BD 4349 34745 34792
34794 #EL #BD 4348 21922 34793
34795 #EL #BI 4347 7386 34794
34796 #EL #BI 3314 7386 34795
34797 #EL #BI 501 0 34796
34798 #EL #BI 4011 7300 34797
34799 #EL #BD 1513 34741 34798
34800 #EA 34738 34799
34801 #EA 34740 1509
5479 #NI 4562 2337073973
5480 #NS 5479 _hygCtx
5481 #NS 5480 _hyg
5482 #NI 5481 185
5483 #NI 4593 2337073973
5484 #NS 5483 _hygCtx
5485 #NS 5484 _hyg
5486 #NI 5485 186
5487 #NI 4601 2337073973
5488 #NS 5487 _hygCtx
5489 #NS 5488 _hyg
5490 #NI 5489 187
34802 #EA 21974 910
34803 #EA 34802 10
34804 #EA 34803 8
34805 #EA 21973 34804
34806 #EA 34805 21980
34807 #EA 22497 21982
34808 #EA 34807 21982
34809 #EA 34279 34808
34810 #EA 24060 911
34811 #EA 34810 910
34812 #EA 34811 121
34813 #EA 34812 82
34814 #EA 34813 10
34815 #EA 34814 8
34816 #EA 34815 5
34817 #EA 34809 34816
34818 #EL #BD 4606 34806 34817
34819 #EL #BI 5490 0 34818
34820 #EL #BI 5486 0 34819
34821 #EL #BI 5482 7300 34820
34822 #EL #BD 1513 34801 34821
34823 #EA 34800 34822
5491 #NI 5413 196
5492 #NI 5417 197
5493 #NI 4612 2337073973
5494 #NS 5493 _hygCtx
5495 #NS 5494 _hyg
5496 #NI 5495 198
5497 #NI 5481 199
5498 #NI 5485 200
5499 #NI 4577 2337073973
5500 #NS 5499 _hygCtx
5501 #NS 5500 _hyg
5502 #NI 5501 201
5503 #NI 5489 202
5504 #NI 5437 203
34824 #EA 22041 21995
34825 #EA 21974 2591
34826 #EA 34825 121
34827 #EA 34826 82
34828 #EA 21973 34827
34829 #EA 34828 22001
5505 #NI 5437 204
34830 #EA 22078 910
34831 #EA 34830 860
34832 #EA 22614 939
34833 #EA 34832 22018
34834 #EA 33465 34833
34835 #EA 23043 939
34836 #EA 34835 911
34837 #EA 33465 34836
34838 #EA 24662 2582
34839 #EA 34838 23050
34840 #EA 34359 34839
34841 #EA 33465 34839
34842 #EA 23279 24878
34843 #EA 34842 28173
34844 #EA 33465 34843
34845 #EL #BD 86 34841 34844
34846 #EA 34840 34845
34847 #EA 34846 8
34848 #EA 23279 2582
34849 #EA 34848 2536
34850 #EA 34359 34849
34851 #EA 33465 34849
34852 #EA 23084 27492
34853 #EA 34852 28190
34854 #EA 33465 34853
34855 #EL #BD 86 34851 34854
34856 #EA 34850 34855
34857 #EA 34856 8
34858 #EA 34279 34853
34859 #EA 32740 2682
34860 #EA 34859 2593
34861 #EA 34860 2591
34862 #EA 34861 2582
34863 #EA 34862 2536
34864 #EA 34863 939
34865 #EA 34864 911
34866 #EA 34865 910
34867 #EA 34866 8
34868 #EA 34867 698
34869 #EA 34868 366
34870 #EA 34869 5
34871 #EA 34858 34870
34872 #EL #BD 5442 34849 34871
34873 #EA 34857 34872
34874 #EL #BD 5441 34839 34873
34875 #EA 34847 34874
34876 #EL #BD 5442 34837 34875
34877 #EL #BD 5441 34834 34876
34878 #EL #BD 5505 34831 34877
34879 #EL #BD 4621 22004 34878
34880 #EL #BD 4606 34829 34879
34881 #EL #BD 5504 34824 34880
34882 #EL #BI 5503 0 34881
34883 #EL #BI 5502 7386 34882
34884 #EL #BI 5498 0 34883
34885 #EL #BI 5497 7300 34884
34886 #EL #BI 5496 7378 34885
34887 #EL #BI 5492 7378 34886
34888 #EL #BI 5491 7378 34887
34889 #EL #BD 1513 34801 34888
34890 #EA 34823 34889
5506 #NI 5481 220
5507 #NI 4628 2337073973
5508 #NS 5507 _hygCtx
5509 #NS 5508 _hyg
5510 #NI 5509 221
5511 #NI 4569 2337073973
5512 #NS 5511 _hygCtx
5513 #NS 5512 _hyg
5514 #NI 5513 222
5515 #NI 4637 2337073973
5516 #NS 5515 _hygCtx
5517 #NS 5516 _hyg
5518 #NI 5517 223
5519 #NI 4645 2337073973
5520 #NS 5519 _hygCtx
5521 #NS 5520 _hyg
5522 #NI 5521 224
5523 #NI 5501 225
5524 #NI 4654 2337073973
5525 #NS 5524 _hygCtx
5526 #NS 5525 _hyg
5527 #NI 5526 226
5528 #NI 5469 227
5529 #NI 5433 228
34891 #EA 24467 910
34892 #EA 1666 34891
34893 #EA 34892 1509
5530 #NI 5437 229
34894 #EA 22078 698
34895 #EA 34894 22046
5531 #NI 5437 230
34896 #EA 32538 22085
34897 #EA 34896 121
5532 #NS 0 ihd
34898 #EA 23279 939
34899 #EA 34898 24194
34900 #EA 33465 34899
34901 #EA 23084 24211
34902 #EA 34901 698
34903 #EA 33465 34902
34904 #EA 24666 2582
34905 #EA 34904 23092
34906 #EA 34359 34905
34907 #EA 33465 34905
34908 #EA 22091 2778
34909 #EA 34908 2682
34910 #EA 16610 34909
34911 #EA 34910 2591
34912 #EA 34911 2582
34913 #EA 24186 34912
34914 #EA 34913 910
34915 #EA 33465 34914
34916 #EL #BD 86 34907 34915
34917 #EA 34906 34916
34918 #EA 34917 8
34919 #EA 24186 28461
34920 #EA 34919 910
34921 #EA 34359 34920
34922 #EA 33465 34920
34923 #EA 31784 28369
34924 #EA 34923 911
34925 #EA 33465 34924
34926 #EL #BD 86 34922 34925
34927 #EA 34921 34926
34928 #EA 34927 8
34929 #EA 34279 34924
34930 #EA 32820 2801
34931 #EA 34930 2799
34932 #EA 34931 2778
34933 #EA 34932 2682
34934 #EA 34933 2593
34935 #EA 34934 2591
34936 #EA 34935 2582
34937 #EA 34936 2536
34938 #EA 34937 939
34939 #EA 34938 911
34940 #EA 34939 910
34941 #EA 34940 8
34942 #EA 34941 698
34943 #EA 34942 366
34944 #EA 34943 5
34945 #EA 34929 34944
34946 #EL #BD 5443 34920 34945
34947 #EA 34928 34946
34948 #EL #BD 5532 34905 34947
34949 #EA 34918 34948
34950 #EL #BD 5443 34903 34949
34951 #EL #BD 5532 34900 34950
34952 #EL #BD 5531 34897 34951
34953 #EL #BD 4662 22076 34952
34954 #EL #BD 4661 22068 34953
34955 #EL #BD 5530 34895 34954
34956 #EL #BD 4660 34893 34955
34957 #EL #BI 5529 7378 34956
34958 #EL #BI 5528 7378 34957
34959 #EL #BI 5527 7393 34958
34960 #EL #BI 5523 7386 34959
34961 #EL #BI 5522 7396 34960
34962 #EL #BI 5518 7378 34961
34963 #EL #BI 5514 0 34962
34964 #EL #BI 5510 0 34963
34965 #EL #BI 5506 7300 34964
34966 #EL #BD 1513 34801 34965
34967 #EA 34890 34966
5533 #NI 5481 247
5534 #NI 5509 248
5535 #NI 5513 249
5536 #NI 5517 250
5537 #NI 5521 251
5538 #NI 4673 2337073973
5539 #NS 5538 _hygCtx
5540 #NS 5539 _hyg
5541 #NI 5540 252
5542 #NI 5526 253
5543 #NI 5469 254
5544 #NI 5433 255
5545 #NI 5437 256
34968 #EA 34894 22116
5546 #NI 5437 257
34969 #EA 34898 24305
34970 #EA 33465 34969
34971 #EA 34904 23128
34972 #EA 34359 34971
34973 #EA 33465 34971
34974 #EL #BD 86 34973 34915
34975 #EA 34972 34974
34976 #EA 34975 8
34977 #EA 32875 2801
34978 #EA 34977 2799
34979 #EA 34978 2778
34980 #EA 34979 2682
34981 #EA 34980 2593
34982 #EA 34981 2591
34983 #EA 34982 2582
34984 #EA 34983 2536
34985 #EA 34984 939
34986 #EA 34985 911
34987 #EA 34986 910
34988 #EA 34987 8
34989 #EA 34988 698
34990 #EA 34989 366
34991 #EA 34990 5
34992 #EA 34929 34991
34993 #EL #BD 5443 34920 34992
34994 #EA 34928 34993
34995 #EL #BD 5532 34971 34994
34996 #EA 34976 34995
34997 #EL #BD 5443 34903 34996
34998 #EL #BD 5532 34970 34997
34999 #EL #BD 5546 34897 34998
35000 #EL #BD 4662 22076 34999
35001 #EL #BD 4661 22068 35000
35002 #EL #BD 5545 34968 35001
35003 #EL #BD 4660 34893 35002
35004 #EL #BI 5544 7378 35003
35005 #EL #BI 5543 7378 35004
35006 #EL #BI 5542 7393 35005
35007 #EL #BI 5541 7386 35006
35008 #EL #BI 5537 7396 35007
35009 #EL #BI 5536 7378 35008
35010 #EL #BI 5535 0 35009
35011 #EL #BI 5534 0 35010
35012 #EL #BI 5533 7300 35011
35013 #EL #BD 1513 34741 35012
35014 #EA 34967 35013
35015 #EA 22132 82
35016 #EA 1666 35015
35017 #EA 35016 1504
5547 #NI 5481 274
5548 #NI 5509 275
5549 #NI 5517 276
5550 #NI 5526 277
5551 #NI 5469 278
5552 #NI 5433 279
35018 #EA 22037 366
35019 #EA 1666 35018
35020 #EA 35019 1504
5553 #NI 5437 280
35021 #EA 22006 121
35022 #EA 35021 16418
5554 #NI 5437 281
35023 #EA 22010 22148
35024 #EA 35023 10
35025 #EA 23035 16418
35026 #EA 33465 35025
35027 #EA 22610 24390
35028 #EA 35027 121
35029 #EA 33465 35028
35030 #EA 22614 910
35031 #EA 35030 16418
35032 #EA 34359 35031
35033 #EA 33465 35031
35034 #EA 22091 2536
35035 #EA 35034 939
35036 #EA 16610 35035
35037 #EA 35036 911
35038 #EA 16849 910
35039 #EA 35038 860
35040 #EA 16757 35039
35041 #EA 35040 16729
35042 #EA 35037 35041
35043 #EA 23043 35042
35044 #EA 35043 698
35045 #EA 33465 35044
35046 #EL #BD 86 35033 35045
35047 #EA 35032 35046
35048 #EA 35047 8
35049 #EA 23043 28767
35050 #EA 35049 698
35051 #EA 34359 35050
35052 #EA 33465 35050
35053 #EA 24662 28689
35054 #EA 35053 860
35055 #EA 33465 35054
35056 #EL #BD 86 35052 35055
35057 #EA 35051 35056
35058 #EA 35057 8
35059 #EA 34279 35054
35060 #EA 32961 2591
35061 #EA 35060 2582
35062 #EA 35061 2536
35063 #EA 35062 939
35064 #EA 35063 911
35065 #EA 35064 910
35066 #EA 35065 860
35067 #EA 35066 698
35068 #EA 35067 8
35069 #EA 35068 5
35070 #EA 35059 35069
35071 #EL #BD 5443 35050 35070
35072 #EA 35058 35071
35073 #EL #BD 5532 35031 35072
35074 #EA 35048 35073
35075 #EL #BD 5443 35029 35074
35076 #EL #BD 5532 35026 35075
35077 #EL #BD 5554 35024 35076
35078 #EL #BD 5553 35022 35077
35079 #EL #BD 1893 35020 35078
35080 #EL #BI 5552 7378 35079
35081 #EL #BI 5551 7378 35080
35082 #EL #BI 5550 7393 35081
35083 #EL #BI 5549 7378 35082
35084 #EL #BI 5548 0 35083
35085 #EL #BI 5547 7300 35084
35086 #EL #BD 4370 35017 35085
35087 #EA 35014 35086
5555 #NI 4692 2337073973
5556 #NS 5555 _hygCtx
5557 #NS 5556 _hyg
5558 #NI 5557 296
5559 #NI 5517 297
5560 #NI 5501 298
5561 #NI 5452 299
5562 #NI 5433 300
35088 #EA 22036 939
35089 #EA 35088 22178
35090 #EA 1666 35089
35091 #EA 35090 1509
5563 #NI 5437 301
35092 #EA 22152 121
35093 #EA 35092 22188
5564 #NI 5437 302
35094 #EA 22010 121
35095 #EA 35094 82
35096 #EA 22714 860
35097 #EA 35096 24479
35098 #EA 33465 35097
35099 #EA 33465 23333
35100 #EA 22614 911
35101 #EA 35100 23208
35102 #EA 34359 35101
35103 #EA 33465 35101
35104 #EA 16640 2536
35105 #EA 35104 939
35106 #EA 23043 35105
35107 #EA 35106 860
35108 #EA 33465 35107
35109 #EL #BD 86 35103 35108
35110 #EA 35102 35109
35111 #EA 35110 8
35112 #EA 34359 23045
35113 #EA 33465 23045
35114 #EA 24662 28848
35115 #EA 35114 910
35116 #EA 33465 35115
35117 #EL #BD 86 35113 35116
35118 #EA 35112 35117
35119 #EA 35118 8
35120 #EA 34279 35115
35121 #EA 33007 2591
35122 #EA 35121 2582
35123 #EA 35122 2536
35124 #EA 35123 939
35125 #EA 35124 911
35126 #EA 35125 910
35127 #EA 35126 860
35128 #EA 35127 8
35129 #EA 35128 366
35130 #EA 35129 5
35131 #EA 35120 35130
35132 #EL #BD 5462 23045 35131
35133 #EA 35119 35132
35134 #EL #BD 5532 35101 35133
35135 #EA 35111 35134
35136 #EL #BD 5462 35099 35135
35137 #EL #BD 5532 35098 35136
35138 #EL #BD 5564 35095 35137
35139 #EL #BD 4661 22207 35138
35140 #EL #BD 5563 35093 35139
35141 #EL #BD 4660 35091 35140
35142 #EL #BI 5562 7378 35141
35143 #EL #BI 5561 7378 35142
35144 #EL #BI 5560 7386 35143
35145 #EL #BI 5559 7378 35144
35146 #EL #BI 5558 7310 35145
35147 #EL #BD 1513 34801 35146
35148 #EA 35087 35147
5565 #NI 5557 318
5566 #NI 5517 319
5567 #NI 5540 320
5568 #NI 5452 321
5569 #NI 5433 322
5570 #NI 5437 323
35149 #EA 35092 22226
5571 #NI 5437 324
35150 #EA 35096 24557
35151 #EA 33465 35150
35152 #EA 35100 23234
35153 #EA 34359 35152
35154 #EA 33465 35152
35155 #EL #BD 86 35154 35108
35156 #EA 35153 35155
35157 #EA 35156 8
35158 #EA 33046 2591
35159 #EA 35158 2582
35160 #EA 35159 2536
35161 #EA 35160 939
35162 #EA 35161 911
35163 #EA 35162 910
35164 #EA 35163 860
35165 #EA 35164 8
35166 #EA 35165 366
35167 #EA 35166 5
35168 #EA 35120 35167
35169 #EL #BD 5462 23045 35168
35170 #EA 35119 35169
35171 #EL #BD 5532 35152 35170
35172 #EA 35157 35171
35173 #EL #BD 5462 35099 35172
35174 #EL #BD 5532 35151 35173
35175 #EL #BD 5571 35095 35174
35176 #EL #BD 4661 22207 35175
35177 #EL #BD 5570 35149 35176
35178 #EL #BD 4660 35091 35177
35179 #EL #BI 5569 7378 35178
35180 #EL #BI 5568 7378 35179
35181 #EL #BI 5567 7386 35180
35182 #EL #BI 5566 7378 35181
35183 #EL #BI 5565 7310 35182
35184 #EL #BD 1513 34741 35183
35185 #EA 35148 35184
5572 #NI 5557 340
5573 #NI 5517 341
35186 #EA 22176 22239
35187 #EA 1666 35186
35188 #EA 35187 1504
5574 #NI 5437 342
35189 #EA 21828 8
35190 #EA 35189 16418
35191 #EA 33465 22941
35192 #EA 23409 16418
35193 #EA 34359 35192
35194 #EA 33465 35192
35195 #EA 16640 366
35196 #EA 35195 121
35197 #EA 22654 35196
35198 #EA 35197 16418
35199 #EA 33465 35198
35200 #EL #BD 86 35194 35199
35201 #EA 35193 35200
35202 #EA 35201 5
35203 #EA 34279 35198
35204 #EA 24625 2536
35205 #EA 35204 939
35206 #EA 35205 698
35207 #EA 35206 366
35208 #EA 35207 121
35209 #EA 35208 82
35210 #EA 35209 5
35211 #EA 35203 35210
35212 #EL #BD 5532 35192 35211
35213 #EA 35202 35212
35214 #EL #BD 5532 35191 35213
35215 #EL #BD 5574 35190 35214
35216 #EL #BD 1893 35188 35215
35217 #EL #BI 5573 7378 35216
35218 #EL #BI 5572 7310 35217
35219 #EL #BD 4370 35017 35218
35220 #EA 35185 35219
35221 #EA 21591 82
35222 #EA 1666 35221
35223 #EA 35222 1504
5575 #NI 5413 354
5576 #NI 5417 355
5577 #NI 5429 356
5578 #NI 4717 2337073973
5579 #NS 5578 _hygCtx
5580 #NS 5579 _hyg
5581 #NI 5580 357
5582 #NI 4725 2337073973
5583 #NS 5582 _hygCtx
5584 #NS 5583 _hyg
5585 #NI 5584 358
5586 #NI 4733 2337073973
5587 #NS 5586 _hygCtx
5588 #NS 5587 _hyg
5589 #NI 5588 359
5590 #NI 4741 2337073973
5591 #NS 5590 _hygCtx
5592 #NS 5591 _hyg
5593 #NI 5592 360
5594 #NI 5433 361
5595 #NI 5437 362
35224 #EA 22010 860
35225 #EA 35224 22261
5596 #NI 5437 363
35226 #EA 22287 860
35227 #EA 35226 698
5597 #NI 5437 364
35228 #EA 32298 22298
35229 #EA 35228 121
35230 #EA 34838 23337
35231 #EA 33465 35230
5598 #NS 0 ihunf
35232 #EA 23084 24689
35233 #EA 35232 860
35234 #EA 33465 35233
35235 #EA 24666 2682
35236 #EA 35235 23286
35237 #EA 34359 35236
35238 #EA 33465 35236
35239 #EA 24186 28254
35240 #EA 35239 911
35241 #EA 33465 35240
35242 #EL #BD 86 35238 35241
35243 #EA 35237 35242
35244 #EA 35243 10
35245 #EA 24186 2682
35246 #EA 35245 2593
35247 #EA 34359 35246
35248 #EA 33465 35246
35249 #EA 31784 29221
35250 #EA 35249 939
35251 #EA 33465 35250
35252 #EL #BD 86 35248 35251
35253 #EA 35247 35252
35254 #EA 35253 10
35255 #EA 22288 2593
35256 #EA 22079 35255
35257 #EA 22292 2582
35258 #EA 35256 35257
35259 #EA 21993 35258
35260 #EA 35259 2536
35261 #EA 16531 35260
35262 #EA 35261 2682
35263 #EA 31784 35262
35264 #EA 35263 939
35265 #EA 34359 35264
35266 #EA 33465 35264
35267 #EA 25317 29246
35268 #EA 35267 2536
35269 #EA 33465 35268
35270 #EL #BD 86 35266 35269
35271 #EA 35265 35270
35272 #EA 35271 10
35273 #EA 34279 35268
35274 #EA 24702 24216
35275 #EA 35274 24198
35276 #EA 35275 2855
35277 #EA 35276 2801
35278 #EA 35277 2799
35279 #EA 35278 2778
35280 #EA 35279 2682
35281 #EA 35280 2593
35282 #EA 35281 2591
35283 #EA 35282 2582
35284 #EA 35283 2536
35285 #EA 35284 10
35286 #EA 35285 8
35287 #EA 35286 910
35288 #EA 35287 860
35289 #EA 35288 5
35290 #EA 35273 35289
35291 #EL #BD 5598 35264 35290
35292 #EA 35272 35291
35293 #EL #BD 5442 35246 35292
35294 #EA 35254 35293
35295 #EL #BD 5441 35236 35294
35296 #EA 35244 35295
35297 #EL #BD 5598 35234 35296
35298 #EL #BD 5442 34851 35297
35299 #EL #BD 5441 35231 35298
35300 #EL #BD 5597 35229 35299
35301 #EL #BD 4746 22285 35300
35302 #EL #BD 4661 22282 35301
35303 #EL #BD 5596 35227 35302
35304 #EL #BD 5595 35225 35303
35305 #EL #BI 5594 7378 35304
35306 #EL #BI 5593 7386 35305
35307 #EL #BI 5589 7401 35306
35308 #EL #BI 5585 0 35307
35309 #EL #BI 5581 7402 35308
35310 #EL #BI 5577 7378 35309
35311 #EL #BI 5576 7378 35310
35312 #EL #BI 5575 7378 35311
35313 #EL #BD 4375 35223 35312
35314 #EA 35220 35313
5599 #NI 5413 383
5600 #NI 5417 384
5601 #NI 5429 385
5602 #NI 5580 386
5603 #NI 5584 387
5604 #NI 5588 388
5605 #NI 5592 389
5606 #NI 5437 390
35315 #EA 22041 22322
5607 #NI 5437 391
35316 #EA 22010 698
35317 #EA 35316 366
35318 #EA 34832 22336
35319 #EA 33465 35318
35320 #EA 34359 35230
35321 #EA 34842 29340
35322 #EA 33465 35321
35323 #EL #BD 86 35231 35322
35324 #EA 35320 35323
35325 #EA 35324 8
35326 #EA 34852 29347
35327 #EA 33465 35326
35328 #EL #BD 86 34851 35327
35329 #EA 34850 35328
35330 #EA 35329 8
35331 #EA 34279 35326
35332 #EA 33195 2682
35333 #EA 35332 2593
35334 #EA 35333 2591
35335 #EA 35334 2582
35336 #EA 35335 2536
35337 #EA 35336 939
35338 #EA 35337 911
35339 #EA 35338 910
35340 #EA 35339 8
35341 #EA 35340 5
35342 #EA 35341 366
35343 #EA 35342 121
35344 #EA 35331 35343
35345 #EL #BD 5442 34849 35344
35346 #EA 35330 35345
35347 #EL #BD 5441 35230 35346
35348 #EA 35325 35347
35349 #EL #BD 5442 34837 35348
35350 #EL #BD 5441 35319 35349
35351 #EL #BD 4621 22332 35350
35352 #EL #BD 4661 22330 35351
35353 #EL #BD 5607 35317 35352
35354 #EL #BD 5606 35315 35353
35355 #EL #BI 5605 7386 35354
35356 #EL #BI 5604 7401 35355
35357 #EL #BI 5603 0 35356
35358 #EL #BI 5602 7402 35357
35359 #EL #BI 5601 7378 35358
35360 #EL #BI 5600 7378 35359
35361 #EL #BI 5599 7378 35360
35362 #EL #BD 4375 35223 35361
35363 #EA 35314 35362
35364 #EA 35222 1509
5608 #NI 5413 407
5609 #NI 5417 408
5610 #NI 5429 409
5611 #NI 5580 410
5612 #NI 5584 411
5613 #NI 5588 412
5614 #NI 5433 413
5615 #NI 5437 414
35365 #EA 22041 20326
5616 #NI 5437 415
5617 #NI 5437 416
35366 #EA 22078 22366
35367 #EA 35366 82
35368 #EA 34832 22334
35369 #EA 33465 35368
35370 #EA 24662 24868
35371 #EA 35370 698
35372 #EA 33465 35371
35373 #EA 23279 2591
35374 #EA 35373 23368
35375 #EA 34359 35374
35376 #EA 33465 35374
35377 #EA 34852 910
35378 #EA 33465 35377
35379 #EL #BD 86 35376 35378
35380 #EA 35375 35379
35381 #EA 35380 10
35382 #EA 23084 2591
35383 #EA 35382 2582
35384 #EA 34359 35383
35385 #EA 33465 35383
35386 #EA 24666 24699
35387 #EA 35386 911
35388 #EA 33465 35387
35389 #EL #BD 86 35385 35388
35390 #EA 35384 35389
35391 #EA 35390 10
35392 #EA 16531 23301
35393 #EA 35392 2591
35394 #EA 24666 35393
35395 #EA 35394 911
35396 #EA 34359 35395
35397 #EA 33465 35395
35398 #EA 35239 939
35399 #EA 33465 35398
35400 #EL #BD 86 35397 35399
35401 #EA 35396 35400
35402 #EA 35401 10
35403 #EA 34279 35398
35404 #EA 24881 4431
35405 #EA 35404 4377
35406 #EA 35405 2799
35407 #EA 35406 2778
35408 #EA 35407 2682
35409 #EA 35408 2593
35410 #EA 35409 2591
35411 #EA 35410 2582
35412 #EA 35411 2536
35413 #EA 35412 939
35414 #EA 35413 10
35415 #EA 35414 910
35416 #EA 35415 8
35417 #EA 35416 5
35418 #EA 35403 35417
35419 #EL #BD 5598 35395 35418
35420 #EA 35402 35419
35421 #EL #BD 5442 35383 35420
35422 #EA 35391 35421
35423 #EL #BD 5441 35374 35422
35424 #EA 35381 35423
35425 #EL #BD 5598 35372 35424
35426 #EL #BD 5442 34837 35425
35427 #EL #BD 5441 35369 35426
35428 #EL #BD 5617 35367 35427
35429 #EL #BD 5616 35227 35428
35430 #EL #BD 4661 22360 35429
35431 #EL #BD 5615 35365 35430
35432 #EL #BI 5614 7378 35431
35433 #EL #BI 5613 7401 35432
35434 #EL #BI 5612 0 35433
35435 #EL #BI 5611 7402 35434
35436 #EL #BI 5610 7378 35435
35437 #EL #BI 5609 7378 35436
35438 #EL #BI 5608 7378 35437
35439 #EL #BD 4375 35364 35438
35440 #EA 35363 35439
5618 #NI 5413 434
5619 #NI 5417 435
5620 #NI 4770 2337073973
5621 #NS 5620 _hygCtx
5622 #NS 5621 _hyg
5623 #NI 5622 436
5624 #NI 5495 437
5625 #NI 5437 438
35441 #EA 21828 82
35442 #EA 35441 8
35443 #EA 22386 910
35444 #EA 35443 10
35445 #EA 1666 35444
35446 #EA 35445 1504
5626 #NI 5437 439
35447 #EA 22208 10
35448 #EA 34612 121
35449 #EA 33465 35448
35450 #EA 22607 121
35451 #EA 33465 35450
35452 #EA 34536 698
35453 #EA 34359 35452
35454 #EA 33465 35452
35455 #EA 22714 26863
35456 #EA 35455 26438
35457 #EA 33465 35456
35458 #EL #BD 86 35454 35457
35459 #EA 35453 35458
35460 #EA 35459 8
35461 #EA 34539 698
35462 #EA 34359 35461
35463 #EA 33465 35461
35464 #EA 22610 22012
35465 #EA 35464 21840
35466 #EA 33465 35465
35467 #EL #BD 86 35463 35466
35468 #EA 35462 35467
35469 #EA 35468 8
35470 #EA 34279 35465
35471 #EA 33291 939
35472 #EA 35471 911
35473 #EA 35472 910
35474 #EA 35473 860
35475 #EA 35474 8
35476 #EA 35475 366
35477 #EA 35476 5
35478 #EA 35470 35477
35479 #EL #BD 5442 35461 35478
35480 #EA 35469 35479
35481 #EL #BD 5441 35452 35480
35482 #EA 35460 35481
35483 #EL #BD 5442 35451 35482
35484 #EL #BD 5441 35449 35483
35485 #EL #BD 5626 35447 35484
35486 #EL #BD 4776 35446 35485
35487 #EL #BD 5625 35442 35486
35488 #EL #BI 5624 7378 35487
35489 #EL #BI 5623 7378 35488
35490 #EL #BI 5619 7378 35489
35491 #EL #BI 5618 7378 35490
35492 #EA 35440 35491
35493 #EA 35492 10
35494 #EA 35493 8
35495 #EA 35494 5
35496 #EL #BD 188 34463 35495
35497 #EL #BI 39 7378 35496
35498 #EL #BI 76 7378 35497
35499 #EL #BI 4227 20069 35498
35500 #EL #BI 4010 15810 35499
#DEF 5409 34470 35500 
5627 #NS 3555 wcbvEvalT_iff
35501 #EA 33465 22856
35502 #EA 9017 35501
35503 #EA 35502 34463
35504 #EP #BI 39 7378 35503
35505 #EP #BI 76 7378 35504
35506 #EP #BI 4227 20069 35505
35507 #EP #BI 4010 15810 35506
35508 #EA 9038 35501
35509 #EA 35508 34463
35510 #EC 4423 1
35511 #EA 35510 34464
35512 #EA 35511 32227
35513 #EA 35512 5
5628 #NI 4452 2358303607
5629 #NS 5628 _hygCtx
5630 #NS 5629 _hyg
5631 #NI 5630 30
35514 #EC 4449 
35515 #EA 35514 366
35516 #EA 35515 121
35517 #EA 35516 82
35518 #EA 35517 10
35519 #EA 35518 5
35520 #EL #BD 5631 34464 35519
35521 #EA 35513 35520
35522 #EL #BD 188 35501 35521
35523 #EA 35509 35522
35524 #EC 5409 
35525 #EA 35524 82
35526 #EA 35525 10
35527 #EA 35526 8
35528 #EA 35527 5
35529 #EA 35523 35528
35530 #EL #BI 39 7378 35529
35531 #EL #BI 76 7378 35530
35532 #EL #BI 4227 20069 35531
35533 #EL #BI 4010 15810 35532
#DEF 5627 35507 35533 
