{
  "results": [
    {
      "command": "bin/list_sum_runonce",
      "mean": 2.427241671875,
      "stddev": 0.0026050656803392525,
      "median": 2.4270466765,
      "user": 2.1765141249999997,
      "system": 0.238233375,
      "min": 2.422574055,
      "max": 2.434150651,
      "times": [
        2.434150651,
        2.426945546,
        2.429455929,
        2.427070192,
        2.428090094,
        2.42790297,
        2.423419667,
        2.426088173,
        2.428186417,
        2.425458943,
        2.428715,
        2.422574055,
        2.428469426,
        2.426245965,
        2.427023161,
        2.426070561
      ],
      "exit_codes": [
        0,
        0,
        0,
        0,
        0,
        0,
        0,
        0,
        0,
        0,
        0,
        0,
        0,
        0,
        0,
        0
      ]
    }
  ]
}
